Type,Book,FirstO,Appears,CA,Alphabetical Name,Full Name,First,Last,Common Name,Primary Name,Gender,Species,Time,Affiliation,Ajah,Dark?,Strength,Nationality,Birth Year,Description
Title,Main,TSR,N/A,N/A,Aan'allein,Aan'allein,Aan'allein,,Aan'allein,Lan Mandragoran,N/A,N/A,N/A,N/A,N/A,N/A,N/A,N/A,N/A,"Name that the Aiel used for Lan. It means ""One Man Alone"""
Primary,Main,TPoD,Yes,8,Abaldar Yulan,Abaldar Yulan,Abaldar,Yulan,Abaldar,N/A,M,Human,Current,Soldier,N/A,Unassigned,N/A,Seanchan,Unknown,The fiery Seanchan Captain of the Air.
Primary,Main,KoD,Yes,2,Abar,Abar,Abar,,Abar,N/A,M,Human,Current,Luca's Circus,N/A,Unassigned,N/A,Arad Doman,Unknown,A Domani sword-swallower and fire-eater with Luca’s show.
Primary,Main,LoC,Yes,2,Abdel Omerna,Abdel Omerna,Abdel,Omerna,Omerna,N/A,M,Human,Current,Whitecloak,N/A,Unassigned,N/A,Unknown,Unknown,A Whitecloak. He was supposedly the head of Pedron Niall's network of spies.
Primary,Main,TEotW,Yes,10,Abell Cauthon,Abell Cauthon,Abell,Cauthon,Abell,N/A,M,Human,Current,Farmer,N/A,Unassigned,N/A,Andor,955 NE,Mat's father. A farmer  and horse trader from Emond's Field.
Primary,Main,TFoH,Yes,2,Abelle Pendar,Abelle Pendar,Abelle,Pendar,Abelle,N/A,M,Human,Current,Andoran Noble,N/A,Unassigned,N/A,Andor,Unknown,A lord in Andor and the High Seat of House Pendar.
Primary,Main,AMoL,Yes,2,Abors,Abors,Abors,,Abors,N/A,M,Human,Current,Asha'man,N/A,Yes,Unknown,Unknown,Unknown,An Asha’man who did not need to be Turned to follow Taim.
Primary,Main,TEotW,No,0,Ackley Farren,Ackley Farren,Ackley,Farren,Ackley,N/A,M,Human,Current,Uncertain,N/A,Unassigned,N/A,Andor,Unknown,An Andoran man who allegedly got drunk and spent the night on the inn roof.
Primary,Main,TGS,Yes,1,Adamad,Adamad,Adamad,,Adamad,N/A,M,Human,Current,Farmhand,N/A,Unassigned,N/A,Borderlands,Unknown,One of Renald Fanwar’s farmhands.
Primary,Main,TSR,Yes,2,Adan,Adan,Adan,,Adan,N/A,M,Human,Historic,Jenn Aiel,N/A,Unassigned,N/A,Jenn Aiel,Unknown,A Jenn Aiel around the time of the Breaking.
Primary,Main,TEotW,No,0,Adan al'Caar,Adan al'Caar,Adan,al'Caar,Adan,N/A,M,Human,Current,Uncertain,N/A,Unassigned,N/A,Andor,Unknown,A Two Rivers boy whom Mat Cauthon tried to trick.
Primary,Main,TDR,Yes,1,Adden,Adden,Adden,,Adden,N/A,M,Human,Current,Darkfriend,N/A,Yes,N/A,Unknown,Unknown,"The leader of the band of Darkfriends who kidnapped Egwene, Nynaeve and Elayne."
Primary,Main,KoD,Yes,1,Adela,Adela,Adela,,Adela,N/A,F,Human,Current,Stablehand,N/A,Unassigned,N/A,Altara,Unknown,A lanky young woman with a pimply face who worked as a stablehand for Toke Fearnim in Jurador.
Primary,Main,TGH,Yes,15,Adeleas Namelle,Adeleas Namelle,Adeleas,Namelle,Adeleas,N/A,F,Human,Current,Aes Sedai,Brown,No,23(11),Unknown,735 NE,An Aes Sedai of the Brown Ajah and the rebel contingent. Sister to Vandene.
Primary,Main,TSR,Yes,12,Adelin,Adelin,Adelin,,Adelin,N/A,F,Human,Current,Maiden of the Spear,N/A,Unassigned,N/A,Aiel,Unknown,A Maiden of the Jindo sept of the Taardad Aiel who has yellow hair.
Primary,Main,ACoS,Yes,5,Adelorna Bastine,Adelorna Bastine,Adelorna,Bastine,Adelorna,N/A,F,Human,Current,Aes Sedai,Green,No,16(4),Saldaea,796 NE,A Saldaean Aes Sedai of the Green Ajah and the loyalist contingent.
Primary,Main,ToM,Yes,1,Adim,Adim,Adim,,Adim,N/A,M,Human,Current,Uncertain,N/A,Unassigned,N/A,Andor,Unknown,Almen Bunt’s thirteen-year-old nephew. He had golden hair.
Primary,Main,TDR,No,0,Adine Canford,Adine Canford,Adine,Canford,Adine,N/A,F,Human,Current,Aes Sedai,Blue,No,34(22),Andor,905 NE,An Andoran Aes Sedai of the Blue Ajah and the rebel contingent.
Primary,Main,TSR,Yes,3,Adine Lewin,Adine Lewin,Adine,Lewin,Adine,N/A,F,Human,Current,Uncertain,N/A,Unassigned,N/A,Andor,Unknown,A Two Rivers woman who was Flann’s wife.
Primary,Main,KoD,Yes,1,Admar,Admar,Admar,,Admar,N/A,M,Human,Current,Band of the Red Hand,N/A,Unassigned,N/A,Unknown,Unknown,A soldier of the Band of the Red Hand under Captain Mandevwin.
Primary,Main,TFoH,Yes,1,Admer Nem,Admer Nem,Admer,Nem,Admer,N/A,M,Human,Current,Farmer,N/A,Unassigned,N/A,Andor,Unknown,"A stout farmer with lank hair in Kore Springs, Andor."
Primary,Main,WH,Yes,1,"Admira, Master",Master Admira,Master,Admira,Master Admira,N/A,M,Human,Current,Merchant,N/A,Unassigned,N/A,Tear,Unknown,A Tairen merchant whom Rand eavesdropped on in Far Madding.
Primary,Main,TEotW,Yes,1,Adora Aybara,Adora Aybara,Adora,Aybara,Adora,N/A,F,Human,Current,Uncertain,N/A,Unassigned,N/A,Andor,Unknown,The young sister of Perrin Aybara.
Primary,Main,AMoL,Yes,1,"Adora, Lady",Lady Adora,Adora,,Adora,N/A,F,Human,Current,Mayor,N/A,Unassigned,N/A,Andor,Unknown,Perrin’s granddaughter in a scenario created in the battle between Rand and the Dark One.
Primary,Main,WH,Yes,2,Adria,Adria,Adria,,Adria,N/A,F,Human,Current,Luca's Circus,N/A,Unassigned,N/A,Unknown,Unknown,A slim contortionist in Valan Luca’s show.
Primary,Main,KoD,Yes,1,Adrielle,Adrielle,Adrielle,,Adrielle,N/A,F,Human,Current,Aes Sedai,Gray,No,Unknown,Unknown,Unknown,An Aes Sedai of the Gray Ajah and the loyalist contingent.
Primary,Main,TGS,Yes,1,Adrin,Adrin,Adrin,,Adrin,N/A,M,Human,Current,Soldier,N/A,Unassigned,N/A,Saldaea,Unknown,"A Saldaean soldier. While guarding Lord Tellaen’s manor, he was struck by a bubble of evil."
Primary,Main,ToM,No,0,Adrinne Bunt,Adrinne Bunt,Adrinne,Bunt,Adrinne,N/A,F,Human,Current,Uncertain,N/A,Unassigned,N/A,Andor,Unknown,Almen Bunt’s dead wife.
Primary,Main,TGS,Yes,1,Adsalan,Adsalan,Adsalan,,Adsalan,N/A,M,Human,Current,Warder,N/A,Unassigned,N/A,Unknown,Unknown,A Warder to one of the ferrets sent to the White Tower.
Primary,Main,CoT,No,0,Aedelle Baryn,Aedelle Baryn,Aedelle,Baryn,Aedelle,N/A,F,Human,Current,Andoran Noble,N/A,Unassigned,N/A,Andor,Unknown,Andoran Lord Lir Baryn’s sister.
Primary,Main,CoT,No,0,Aedmun Matherin,Aedmun Matherin,Aedmun,Matherin,Aedmun,N/A,M,Human,Current,Andoran Noble,N/A,Unassigned,N/A,Andor,Unknown,The High Seat of House Matherin in Andor and a supporter of Elayne.
Primary,Main,TSR,No,0,"Aedomon, King",King Aedomon,Aedomon,,Aedomon,N/A,M,Human,Historic,King,N/A,Unassigned,N/A,Safer,Unknown,An Ancient king of Safer who defeated a Manetheren army at Midean’s Ford.
Primary,Main,TGH,Yes,1,Aedwin Cole,Aedwin Cole,Aedwin,Cole,Cole,N/A,M,Human,Current,Boat Crewman,N/A,Unassigned,N/A,Unknown,Unknown,A crewman for Bayle Domon on the Spray.
Primary,Main,TFoH,No,0,Aeldene Stonebridge,Aeldene Stonebridge,Aeldene,Stonebridge,Aeldene,N/A,F,Human,Current,Aes Sedai,Blue,No,27(15),Andor,Unknown,An Aes Sedai of the Blue Ajah and the rebel contingent.
Primary,Main,TSR,No,0,Aeldra,Aeldra,Aeldra,,Aeldra,N/A,F,Human,Current,Uncertain,N/A,Unassigned,N/A,Tarabon,Unknown,"A woman of Tanchico, never seen, who was called to by a dreaming man."
Primary,NS,NS,Yes,3,Aeldra Najaf,Aeldra Najaf,Aeldra,Najaf,Aeldra,N/A,F,Human,Current,Aes Sedai,Blue,No,Unknown,Arad Doman,Unknown,"A Domani Aes Sedai of the Blue Ajah. Lean, with coppery skin and short white hair."
Primary,Main,KoD,No,0,Aeldrine,Aeldrine,Aeldrine,,Aeldrine,N/A,F,Human,Current,Merchant,N/A,Unassigned,N/A,Tarabon,Unknown,The mother of Beonin Marinye. She was a merchant in Tanchico.
Primary,Main,KoD,No,0,Aelmara,Aelmara,Aelmara,,Aelmara,N/A,F,Human,Current,Servant,N/A,Unassigned,N/A,Far Madding,Unknown,Romanda Cassin’s longtime serving woman.
Primary,World,World,No,0,Aeman Senhold,Aeman Senhold,Aeman,Senhold,Aeman,N/A,M,Human,Historic,Amadician Noble,N/A,Unassigned,N/A,Amadicia,Unknown,A nobleman who was the leader of the Amadician contingent at the Battle of the Shining Walls.
Primary,Main,TPoD,Yes,2,Aemin,Aemin,Aemin,,Aemin,N/A,M,Human,Current,Farrier,N/A,Unassigned,N/A,Cairhien,Unknown,A farrier in Perrin’s camp in Ghealdan.
Primary,Main,TFoH,Yes,4,Aemlyn Carand,Aemlyn Carand,Aemlyn,Carand,Aemlyn,N/A,F,Human,Current,Andoran Noble,N/A,Unassigned,N/A,Andor,Unknown,"The plump High Seat of House Carand, a major House in Andor."
Primary,Main,TEotW,No,0,Aemon al Caar al Thorin,Aemon al Caar al Thorin,Aemon,al Caar al Thorin,Aemon,N/A,M,Human,Historic,King,N/A,Unassigned,N/A,Manetheren,Unknown,The last King of Manetheren. His wife was Eldrene.
Primary,Main,ToM,Yes,1,Aeric Botteger,Aeric Botteger,Aeric,Botteger,Aeric,N/A,M,Human,Current,Uncertain,N/A,Unassigned,N/A,Andor,Unknown,A man of the Two Rivers who appeared in Nynaeve’s test for the shawl.
Primary,Main,TFoH,Yes,4,Aeron,Aeron,Aeron,,Aeron,N/A,F,Human,Current,Wise One,N/A,Unassigned,N/A,Aiel,Unknown,A respected Wise One of the Black Water sept of the Nakai Aiel who could not channel.
Primary,Main,CoT,No,0,"Aethelaine, Lady",Lady Aethelaine,Aethelaine,,Aethelaine,N/A,F,Human,Current,Altaran Noble,N/A,Unassigned,N/A,Altara,Unknown,"The local lady of Jurador, a salt town in Altara. She swore the Oaths of Return to the Seanchan."
Primary,Main,LoC,No,0,Afara,Afara,Afara,,Afara,N/A,F,Human,Current,Aes Sedai,Green,No,34(22),Unknown,Unknown,An Aes Sedai of the Green Ajah and the rebel contingent.
Primary,Main,KoD,Yes,1,Afrim Hansard,Afrim Hansard,Afrim,Hansard,Afrim,N/A,M,Human,Current,Queen's Guard,N/A,Unassigned,N/A,Andor,Unknown,A loyal Guardsman of the Royal Guards in Caemlyn. He escorted Samwil Hark to meet with Elayne.
Primary,Main,KoD,Yes,1,Agardo Saranche,Agardo Saranche,Agardo,Saranche,Saranche,N/A,M,Human,Current,Innkeeper,N/A,Unassigned,N/A,Tear,Unknown,"The innkeeper of The Dragon in Tear. He was lean, balding, fair-complected and dark-eyed."
Primary,Main,TEotW,Yes,13,Agelmar Jagad,Agelmar Jagad,Agelmar,Jagad,Agelmar,N/A,M,Human,Current,Shienaran Noble,N/A,Unassigned,N/A,Shienar,Unknown,"The Lord of Fal Dara in Shienar, considered to be one of the five great captains of the time."
Primary,Main,KoD,Yes,1,Aghan,Aghan,Aghan,,Aghan,N/A,M,Human,Current,Soldier,N/A,Unassigned,N/A,Unknown,Unknown,A lancer with Bashere’s army who accompanied Rand to meet the purported Daughter of the Nine Moons.
Primary,Main,TEotW,Yes,19,Aginor,Aginor,Aginor,,Aginor,N/A,M,Human,Current,Forsaken,N/A,Yes,"""++2""",Unknown,Unknown,A Forsaken whose original name was Ishar Morrad Chuain. Reincarnated as Osan'gar.
Primary,Main,ACoS,No,0,Agirin,Agirin,Agirin,,Agirin,N/A,F,Human,Current,Maiden of the Spear,N/A,Unassigned,N/A,Aiel,Unknown,A Maiden of the Spear of the Shelan sept of the Daryne Aiel who died at Dumai’s Wells.
Primary,Main,TFoH,Yes,1,Agni Neres,Agni Neres,Agni,Neres,Neres,N/A,M,Human,Current,Ship Captain,N/A,Unassigned,N/A,Altara,Unknown,"The misogynistic, smuggling captain of the Riverserpent."
Primary,Main,TSR,Yes,1,"Ahan, Mistress",Mistress Ahan,Mistress,Ahan,Mistress Ahan,N/A,F,Human,Current,Uncertain,N/A,Unassigned,N/A,Andor,Unknown,A woman of the Two Rivers; she was the mother of Kenley.
Primary,Main,CoT,Yes,1,Aiden Shimura,Aiden Shimura,Aiden,Shimura,Aiden,N/A,F,Human,Current,Aes Sedai,Brown,No,Unknown,Sea Folk,Unknown,A Sea Folk Aes Sedai of the Brown Ajah and the loyalist contingent. She worked in the Thirteenth Depository.
Primary,NS,NS,Yes,1,Aiko,Aiko,Aiko,,Aiko,N/A,F,Human,Current,Servant,N/A,Unassigned,N/A,Kandor,Unknown,A serving woman in the Aesdaishar Palace in Chachin.
Primary,NS,NS,Yes,2,Ailene Tolvina,Ailene Tolvina,Ailene,Tolvina,Ailene,N/A,F,Human,Current,Innkeeper,N/A,Unassigned,N/A,Kandor,Unknown,The stern innkeeper of The Evening Star in Chachin.
Primary,Main,TDR,Yes,4,Ailhuin Guenna,Ailhuin Guenna,Ailhuin,Guenna,Ailhuin,N/A,F,Human,Current,Wise Woman,N/A,Unassigned,N/A,Tear,Unknown,"A Wise Woman in Tear. Also known as ""Mother Guenna""."
Primary,Main,TPoD,Yes,6,Ailil Riatin,Ailil Riatin,Ailil,Riatin,Ailil,N/A,F,Human,Current,Cairhienin Noble,N/A,Unassigned,N/A,Cairhien,Unknown,"A Cairhienin noblewoman. She was 5'6"" tall, and slim and dignified, with big dark eyes."
Primary,Main,TFoH,Yes,1,Ailron Rovere Lukan,Ailron Rovere Lukan,Ailron,Rovere Lukan,Ailron,N/A,M,Human,Current,King,N/A,Unassigned,N/A,Amadicia,Unknown,The King of Amadicia. He was not as handsome as rumor put him.
Primary,Main,TSR,No,0,Ailys Candwin,Ailys Candwin,Ailys,Candwin,Ailys,N/A,F,Human,Current,Uncertain,N/A,Unassigned,N/A,Andor,Unknown,An Emond’s Field woman with a neat house.
Primary,NS,NS,Yes,1,Aisha Raveneos,Aisha Raveneos,Aisha,Raveneos,Aisha,N/A,F,Human,Current,Aes Sedai,Gray,No,14(2),Unknown,698 NE,An Aes Sedai of the Gray Ajah with a strength level of 14(2).
Primary,Main,TPoD,Yes,2,Aisling Noon,Aisling Noon,Aisling,Noon,Aisling,N/A,F,Human,Current,Aes Sedai,Green,No,16(4),Tinker,954 NE,"A Tuatha’an Aes Sedai of the Green Ajah and the loyalist contingent, with a strength level of 16(4)."
Primary,Main,CoT,Yes,2,Ajimbura,Ajimbura,Ajimbura,,Ajimbura,N/A,M,Human,Current,Servant,N/A,Unassigned,N/A,Seanchan,Unknown,A Kaensada Hills tribesman who served Furyk Karede as manservant and scout for nearly twenty years.
Primary,Main,LoC,Yes,2,Akarrin Comeris,Akarrin Comeris,Akarrin,Comeris,Akarrin,N/A,F,Human,Current,Aes Sedai,Brown,No,34(22),Unknown,801 NE,"An Aes Sedai of the Brown Ajah and the rebel contingent, with a strength level of 34(22)."
Primary,Main,KoD,Yes,3,Akein,Akein,Akein,,Akein,N/A,F,Horse,Current,Horse,N/A,Unassigned,N/A,Arad Doman,Unknown,The name of the Domani razor mare that Mat gave to Tuon; it is an Old Tongue word meaning “swallow.”
Primary,Main,TEotW,No,0,Akir Mandragoran,Akir Mandragoran,Akir,Mandragoran,Akir,N/A,M,Human,Historic,King,N/A,Unassigned,N/A,Malkier,Unknown,"The last crowned King of Malkier, and father to Lan Mandragoran."
Primary,Main,WH,Yes,1,Akoure Vayet,Akoure Vayet,Akoure,Vayet,Akoure,N/A,F,Human,Current,Aes Sedai,Gray,No,24(12),Unknown,Unknown,"An Amadician Aes Sedai of the Gray Ajah and the loyalist contingent, with a strength level of 24(12)."
Primary,Main,TEotW,Yes,1,"al'Dai, Master",Master al'Dai,Master,al'Dai,Master al'Dai,N/A,M,Human,Current,Uncertain,N/A,Unassigned,N/A,Andor,Unknown,"He was Bili al’Dai’s grandfather. He is lean, has wispy white hair and is about as old as Master Cole."
Primary,Main,TEotW,Yes,1,"al'Donel, Mistress",Mistress al'Donel,Mistress,al'Donel,Mistress al'Donel,N/A,F,Human,Current,Uncertain,N/A,Unassigned,N/A,Andor,Unknown,An Emond’s Field woman who was concerned that the storks had not returned to Emond’s Field.
Primary,Main,AMoL,No,0,"al'Moor, Master",Master al'Moor,Mistress,al'Moor,Master al'Moor,N/A,M,Human,Current,Farmer,N/A,Unassigned,N/A,Andor,Unknown,A farmer in the Two Rivers; his scythe blade was broken by Perrin early in his blacksmith training.
Primary,Main,TSR,Yes,1,"al'Taron, Mistress",Mistress al'Taron,Mistress,al'Taron,Mistress al'Taron,N/A,F,Human,Current,Uncertain,N/A,Unassigned,N/A,Andor,Unknown,A Two Rivers woman who was Dael’s mother.
Primary,Main,TSR,No,0,Ala,Ala,Ala,,Ala,N/A,F,Ogier,Historic,Uncertain,N/A,Unassigned,N/A,Unknown,Unknown,An Ogier who was the daughter of Soferra and the mother of Damelle.
Primary,Main,ToM,Yes,5,Alaabar Harnesh,Alaabar Harnesh,Alaabar,Harnesh,Harnesh,N/A,M,Human,Current,Whitecloak,N/A,Unassigned,N/A,Murandy,Unknown,A Murandian Lord Captain of the Children of the Light. He was short and bald.
Primary,Main,TGH,Yes,3,Alaine Chuliandred,Alaine Chuliandred,Alaine,Chuliandred,Alaine,N/A,F,Human,Current,Cairhienin Noble,N/A,Unassigned,N/A,Cairhien,Unknown,"A Cairhienin noblewoman, wife of Doressin, who cornered Rand at Barthanes’ party."
Primary,Main,KoD,Yes,1,Alainia,Alainia,Alainia,,Alainia,N/A,F,Human,Current,Silversmith,N/A,Unassigned,N/A,Amadicia,Unknown,A plump Amadician silversmith who was taken gai’shain by the Shaido.
Primary,Main,ToM,Yes,1,Alalved,Alalved,Alalved,,Alalved,N/A,M,Human,Current,Aiel Clan Chief,N/A,Unassigned,N/A,Aiel,Unknown,"A chief of the Tomanelle Aiel after the Last Battle, seen in Aviendha’s vision of the future in Rhuidean."
Primary,Main,TGS,No,0,Alamindra Cutren,Alamindra Cutren,Alamindra,Cutren,Alamindra,N/A,F,Human,Current,Merchant,N/A,Unassigned,N/A,Arad Doman,Unknown,"A member of the Domani Council of Merchants. She went into hiding, but Rhuarc found and held her."
Primary,Main,TGH,Yes,33,Alanna Mosvani,Alanna Mosvani,Alanna,Mosvani,Alanna,N/A,F,Human,Current,Aes Sedai,Green,No,17(5),Arafel,951 NE,"An Arafellin Aes Sedai of the Green Ajah and the rebel contingent, with a strength level of 17(5)."
Primary,Main,TGH,Yes,2,Alar,Alar,Alar,,Alar,N/A,F,Ogier,Current,Ogier Elder,N/A,Unassigned,N/A,Stedding Tsofu,Unknown,The Eldest of the Elders of Stedding Tsofu. She was the mother of Iva and the grandmother of Erith.
Primary,Main,ToM,Yes,1,Alarch,Alarch,Alarch,,Alarch,N/A,M,Human,Current,Uncertain,N/A,Unassigned,N/A,Unknown,Unknown,"Son of Aviendha and Rand, seen in Aviendha’s view of the future in Rhuidean."
Primary,Main,ACoS,Yes,4,Alarys,Alarys,Alarys,,Alarys,N/A,F,Human,Current,Wise One,N/A,Unassigned,N/A,Aiel,Unknown,A Wise One of the Shaido Aiel (but not Jumai) with the ability to channel.
Primary,Main,TGS,No,0,"Aldan, Captain",Captain Aldan,Captain,Aldan,Captain Aldan,N/A,M,Human,Current,Soldier,N/A,Unassigned,N/A,Unknown,Unknown,The officer in charge of recruitment for Bryne’s army.
Primary,Main,CoT,Yes,2,Aldazar,Aldazar,Aldazar,,Aldazar,N/A,M,Horse,Current,Horse,N/A,Unassigned,N/A,Unknown,Unknown,"Furyk Karede’s horse, a bay. The name was Old Tongue for “eagle.”"
Primary,NS,NS,No,0,Aldecain Damodred,Aldecain Damodred,Aldecain,Damodred,Aldecain,N/A,M,Human,Current,Cairhienin Noble,N/A,Unassigned,N/A,Cairhien,Unknown,Laman’s brother and Moiraine’s uncle. He was cruel and vicious.
Primary,Main,TEotW,Yes,29,Aldieb,Aldieb,Aldieb,,Aldieb,N/A,F,Horse,Current,Horse,N/A,Unassigned,N/A,Unknown,Unknown,Moiraine’s mare that she rode when she went to the Two Rivers. The name means “West Wind.”
Primary,Main,KoD,Yes,2,Aldin,Aldin,Aldin,,Aldin,N/A,M,Human,Current,Bookkeeper,N/A,Unassigned,N/A,Amadicia,Unknown,An Amadician bookkeeper who was taken gai’shain by the Shaido. Aldin was tall and square-shouldered.
Primary,Main,KoD,No,0,Aldin Miheres,Aldin Miheres,Aldin,Miheres,Miheres,N/A,M,Human,Current,Mercenary,N/A,Unassigned,N/A,Unknown,Unknown,A mercenary commander working for Arymilla. He attacked Caemlyn and was killed by Birgitte.
Primary,Main,KoD,Yes,1,Aldred Gomaisen,Aldred Gomaisen,Aldred,Gomaisen,Gomaisen,N/A,M,Human,Current,Mercenary,N/A,Unassigned,N/A,Cairhien,Unknown,A Cairhienin mercenary captain who took service with Elayne.
Primary,Main,TGH,Yes,2,Aldrin Caldevwin,Aldrin Caldevwin,Aldrin,Caldevwin,Caldevwin,N/A,M,Human,Current,Soldier,N/A,Unassigned,N/A,Cairhien,Unknown,A captain in the Cairhienin army in charge of excavating the male Choedan Kal statue.
Primary,Main,TPoD,Yes,4,Aledrin Malenry,Aledrin Malenry,Aledrin,Malenry,Aledrin,N/A,F,Human,Current,Aes Sedai,White,No,24(12),Tarabon,950 NE,"A Taraboner Aes Sedai of the White Ajah and the rebel contingent, with a strength level of 24(12)."
Primary,Main,WH,Yes,2,Aleis Barsalla,Aleis Barsalla,Aleis,Barsalla,Aleis,N/A,F,Human,Current,First Counsel,N/A,Unassigned,N/A,Far Madding,Unknown,"The stately First Counsel of Far Madding. She was 5'7"" tall, with long black hair heavily winged with white."
Primary,World,World,No,0,Aleis Romlin,Aleis Romlin,Aleis,Romlin,Aleis,N/A,F,Human,Historic,Aes Sedai,Green,No,Unknown,Unknown,Unknown,An Aes Sedai of the Green Ajah who served as Amyrlin from 890 to 922 NE.
Primary,Main,TEotW,No,0,Alene al'Vere,Alene al'Vere,Alene,al'Vere,Alene,N/A,F,Human,Current,Uncertain,N/A,Unassigned,N/A,Andor,969 NE,Egwene’s second-eldest sister. She was born in 969 NE and allowed to braid her hair at sixteen.
Primary,Main,TDR,No,0,Aleria Elffin,Aleria Elffin,Aleria,Elffin,Aleria,N/A,F,Human,Unknown,Author,N/A,Unassigned,N/A,Unknown,Unknown,An author of humorous tales.
Primary,Main,TFoH,No,0,Aleshin Talvaen,Aleshin Talvaen,Aleshin,Talvaen,Lord Aleshin,N/A,M,Human,Current,Ghealdanin Noble,N/A,Unassigned,N/A,Ghealdan,Unknown,"The leader of the Ghealdanin contingent at the Battle of the Shining Walls, and a Lord."
Primary,Main,LoC,No,0,"Alesinde, Queen",Queen Alesinde,Alesinde,,Alesinde,N/A,F,Human,Historic,Queen,N/A,Unassigned,N/A,Andor,Unknown,"The daughter of Ishara, and her successor to the throne of Andor. She reigned from FY 1020 to 1035."
Primary,Main,TPoD,Yes,1,Alesune Chulin,Alesune Chulin,Alesune,Chulin,Alesune,N/A,F,Human,Current,Shatayan,N/A,Unassigned,N/A,Shienar,Unknown,A woman who served as shatayan to King Easar of Shienar. She was the head housekeeper.
Primary,Main,TFoH,No,0,"Alfara, Mistress",Mistress Alfara,Mistress,Alfara,Mistress Alfara,N/A,F,Human,Current,Innkeeper,N/A,Unassigned,N/A,Amadicia,Unknown,"The innkeeper at The Bellon Ford Inn in Amadicia, where Elayne and Nynaeve stayed."
Primary,Main,CoT,Yes,11,Algarin Pendaloan,Algarin Pendaloan,Algarin,Pendaloan,Algarin,N/A,M,Human,Current,Asha'man,N/A,Unassigned,Unknown,Tear,Unknown,"A Tairen Lesser Lord of the Land. He also went by ""Emarin""."
Primary,Main,WH,No,0,Algwyn,Algwyn,Algwyn,,Algwyn,N/A,M,Human,Historic,King,N/A,Unassigned,N/A,Seanchan,Unknown,The last man to sit on the Crystal Throne of Seanchan; he ruled over a thousand years.
Primary,Main,LoC,No,0,Alhandrin Torelvin,Alhandrin Torelvin,Alhandrin,Torelvin,Alhandrin,N/A,M,Human,Current,Band of the Red Hand,N/A,Unassigned,N/A,Cairhien,Unknown,A nobleman of a minor Cairhienin House and an officer in the Band of the Red Hand.
Primary,Main,AMoL,Yes,1,"Alhanra, Child",Child Alhanra,Alhanra,,Alhanra,N/A,M,Human,Current,Whitecloak,N/A,Unassigned,N/A,Unknown,Unknown,"A scout in the Children of the Light. Alhanra found Gawyn, badly injured, in the Last Battle."
Primary,World,World,No,0,Aliane Senican,Aliane Senican,Aliane,Senican,Aliane,N/A,F,Human,Historic,Aes Sedai,White,No,Unknown,Unknown,Unknown,An Aes Sedai of the White Ajah who served as Amyrlin from 332 to 355 NE.
Primary,Main,KoD,No,0,Alida Aldragoran,Alida Aldragoran,Alida,Aldragoran,Alida,N/A,F,Human,Current,Uncertain,N/A,Unassigned,N/A,Saldaea,Unknown,The wife of Weilin Aldragoran; he thought that she would have loved to meet Nynaeve.
Primary,Main,TSR,Yes,1,Alijha,Alijha,Alijha,,Alijha,N/A,F,Human,Historic,Jenn Aiel,N/A,Unassigned,N/A,Jenn Aiel,Unknown,A young Jenn Aiel man who accompanied Lewin to rescue their sisters from bandits.
Primary,Main,ToM,No,0,Alin,Alin,Alin,,Alin,N/A,M,Human,Current,Soldier,N/A,Unassigned,N/A,Unknown,Unknown,A cavalry leader in Ituralde’s army at Maradon.
Primary,NS,NS,Yes,1,Alin Seroku,Alin Seroku,Alin,Seroku,Seroku,N/A,M,Human,Current,Soldier,N/A,Unassigned,N/A,Kandor,Unknown,A Kandori officer who commanded Lord Varan’s guards at Canluum.
Primary,Main,ACoS,No,0,Alind Dyfelle,Alind Dyfelle,Alind,Dyfelle,Alind,N/A,F,Human,Historic,Aes Sedai,Gray,No,Unknown,Unknown,Unknown,A legendary Aes Sedai of the Gray Ajah.
Primary,Main,ACoS,Yes,1,Alis,Alis,Alis,,Alis,N/A,F,Human,Current,Maid,N/A,Unassigned,N/A,Altara,Unknown,A plump maid in the Tarasin Palace in Ebou Dar who Olver thought was sweet.
Primary,Main,ACoS,Yes,8,Alise Tenjile,Alise Tenjile,Alise,Tenjile,Alise,N/A,F,Human,Current,Kinswoman,N/A,Unassigned,46(34),Tarabon,819 NE,A Taraboner Kinswoman. Her strength level was 46(34).
Primary,Main,WH,Yes,17,Alivia,Alivia,Alivia,,Alivia,N/A,F,Human,Current,Damane,N/A,Unassigned,1(+12),Seanchan,Unknown,A damane from Seanchan who was captured by Rand’s army and then traveled with him.
Primary,Main,AMoL,Yes,1,Alix,Alix,Alix,,Alix,N/A,M,Human,Current,Warder,N/A,Unassigned,N/A,Unknown,Unknown,A Warder who lost his Aes Sedai in the Last Battle and joined Galad to fight on and avenge her.
Primary,Main,TFoH,Yes,27,Alliandre Maritha Kigarin,Alliandre Maritha Kigarin,Alliandre,Maritha Kigarin,Alliandre,N/A,F,Human,Current,Queen,N/A,Unassigned,N/A,Ghealdan,Unknown,"The Queen of Ghealdan, Blessed of the Light, Defender of Garen’s Wall and a dozen more titles."
Primary,Main,AMoL,Yes,1,Allin,Allin,Allin,,Allin,N/A,M,Human,Current,Soldier,N/A,Unassigned,N/A,Andor,Unknown,"A dark-haired Andorman, with a half-beard shaved at the sides, who served under Uno in the Last Battle."
Primary,Main,ACoS,Yes,2,Almandaragal,Almandaragal,Almandaragal,,Almandaragal,N/A,M,Lopar,Current,Lopar,N/A,Unassigned,N/A,Seanchan,Unknown,High Lady Suroth’s lopar.
Primary,Main,TEotW,Yes,4,Almen Bunt,Almen Bunt,Almen,Bunt,Almen,N/A,M,Human,Current,Farmer,N/A,Unassigned,N/A,Andor,Unknown,"An old Andoran farmer. He had a well-wrinkled, leathery face, and half his teeth were missing. Also called ""Bunt""."
Primary,World,World,No,0,Almindhra,Almindhra,Almindhra,,Almindhra,N/A,F,Human,Historic,First Counselor,N/A,Unassigned,N/A,Tova,Unknown,"The First Counselor of Tova, a nation that arose after the Trolloc Wars, located at the same site as Cairhien."
Primary,Main,TSR,Yes,5,Almurat Mor,Almurat Mor,Almurat,Mor,Mor,N/A,M,Human,Current,Seeker for Truth,N/A,Unassigned,N/A,Seanchan,Unknown,"A Seanchan Seeker for Truth, about 5'10"" tall, with yellow hair and blue eyes."
Primary,Main,TSR,Yes,1,Alnora,Alnora,Alnora,,Alnora,N/A,F,Human,Historic,Jenn Aiel,N/A,Unassigned,N/A,Jenn Aiel,Unknown,A Jenn Aiel woman who lived during the Breaking. Her husband was Jonai.
Primary,Main,WH,No,0,Aloisia Nemosni,Aloisia Nemosni,Aloisia,Nemosni,Aloisia,N/A,F,Human,Current,Kinswoman,N/A,Unassigned,17(5),Tear,Unknown,The oldest member of the Kin. She was nearly six hundred years old. 
Primary,Main,TEotW,Yes,1,Alpert Mull,Alpert Mull,Alpert,Mull,Alpert,N/A,M,Human,Current,Farmer,N/A,Unassigned,N/A,Andor,Unknown,An Andoran farmer living between Four Kings and Market Sheran. He gave Rand and Mat a ride.
Primary,Main,TGH,Yes,1,Alric,Alric,Alric,,Alric,N/A,M,Human,Current,Warder,N/A,Unassigned,N/A,Unknown,Unknown,Siuan’s Warder. He was killed the day she was deposed.
Primary,Main,ToM,No,0,Alrom,Alrom,Alrom,,Alrom,N/A,U,Human,AoL,Scholar,N/A,Unassigned,N/A,Unknown,Unknown,An ancient scholar who wrote of Mesaana’s schools in the War of Power.
Primary,Main,LoC,Yes,5,Alsalam Saeed Almadar,Alsalam Saeed Almadar,Alsalam,Saeed Almadar,Alsalam,N/A,M,Human,Current,King,N/A,Unassigned,N/A,Arad Doman,Unknown,"The King of Arad Doman, Lord of Almadar, High Seat of House Almadar."
Primary,Main,TEotW,Yes,5,Alsbet Luhhan,Alsbet Luhhan,Alsbet,Luhhan,Alsbet,N/A,F,Human,Current,Uncertain,N/A,Unassigned,N/A,Andor,955 NE,"The wife of Haral Luhhan, the blacksmith of Emond’s Field. She was born in 955 NE."
Primary,Main,TSR,No,0,Alsera,Alsera,Alsera,,Alsera,N/A,F,Human,Current,Wise One,N/A,Unassigned,N/A,Aiel,Unknown,A Wise One of the Salt Flat sept of the Nakai Aiel. She served as Bruan’s Wise One at Shiagi Hold.
Primary,Main,KoD,Yes,1,"Alstaing, Mistress",Mistress Alstaing,Mistress,Alstaing,Mistress Alstaing,N/A,F,Human,Current,Merchant,N/A,Unassigned,N/A,Tarabon,Unknown,A Taraboner lacquerware merchant who played Piri in The White Ring in Maderin.
Primary,Main,LoC,Yes,1,"Altalin, Lady",Lady Altalin,Altalin,,Altalin,N/A,F,Human,Current,Amadician Noble,N/A,Unassigned,N/A,Amadicia,Unknown,A noblewoman of Amadicia who served as a lady-in-waiting to Morgase under the command of Pedron Niall.
Primary,Main,TSR,Yes,2,"Alteima, High Lady",High Lady Alteima,Alteima,,Alteima,N/A,F,Human,Current,Tairen Noble,N/A,Unassigned,N/A,Tear,Unknown,A High Lady of Tear who was the wife of Tedosian. She was tall and slender with large brown eyes.
Primary,Main,CoT,No,0,Althyn Conly,Althyn Conly,Althyn,Conly,Althyn,N/A,F,Human,Current,Novice,N/A,Unassigned,Unknown,Andor,Unknown,A Two Rivers novice with the rebel Aes Sedai. She tried to convert two cups to cuendillar.
Primary,Main,TGH,Yes,21,Aludra Nendenhald,Aludra Nendenhald,Aludra,Nendenhald,Aludra,N/A,F,Human,Current,Illuminator,N/A,Unassigned,N/A,Tarabon,959 NE,An Illuminator and onetime Mistress of the chapter house in Cairhien. She was born in 959 NE.
Primary,World,World,No,0,Alvera Ramosanya,Alvera Ramosanya,Alvera,Ramosanya,Alvera,N/A,F,Human,Historic,Aes Sedai,Yellow,No,Unknown,Unknown,Unknown,An Aes Sedai of the Yellow Ajah who served as Amyrlin from 549 to 578 NE.
Primary,Main,TGH,Yes,17,Alviarin Freidhen,Alviarin Freidhen,Alviarin,Freidhen,Alviarin,N/A,F,Human,Current,Aes Sedai,White,Yes,17(5),Amadicia,943 NE,An Amadician Aes Sedai of the White Ajah publicly and the Black Ajah in truth.
Primary,Main,KoD,Yes,1,Alvistere,Alvistere,Alvistere,,Alvistere,N/A,F,Human,Current,Novice,N/A,Unassigned,Unknown,Cairhien,Unknown,A Cairhienin novice in the White Tower. She was short and slim with big eyes and long dark hair.
Primary,Main,KoD,Yes,2,Alvon,Alvon,Alvon,,Alvon,N/A,M,Human,Current,Woodcutter,N/A,Unassigned,N/A,Amadicia,Unknown,"An Amadician woodcutter, a stocky man with a weathered face and a coarse, almost unintelligible accent."
Primary,Main,TGH,Yes,5,Alwhin,Alwhin,Alwhin,,Alwhin,N/A,F,Human,Current,Sul'dam,N/A,Unassigned,Unknown,Seanchan,Unknown,"A Seanchan sul’dam with blue eyes, sharp features, and a tight, thin-lipped mouth."
Primary,Main,LoC,No,0,Alwin Rael,Alwin Rael,Alwin,Rael,Alwin,N/A,M,Human,Current,Servant,N/A,Unassigned,N/A,Cairhien,Unknown,A male servant in Lady Arilyn’s house in Cairhien who liked to tickle maids’ chins.
Primary,Main,TGH,No,0,Alwyn al'Van,Alwyn al'Van,Alwyn,al'Van,Alwyn,N/A,M,Human,Current,Cobbler,N/A,Unassigned,N/A,Andor,Unknown,The cobbler in Emond’s Field.
Alias,Main,TEotW,N/A,N/A,"Alys, Lady",Lady Alys,Alys,,Mistress Alys,Moiraine Damodred,N/A,N/A,N/A,N/A,N/A,N/A,N/A,N/A,N/A,"Moiraine’s favorite alias. Sometimes ""Lady Alys"" and sometimes ""Mistress Alys"" (which is more common)."
Primary,Main,ToM,No,0,Alysa,Alysa,Alysa,,Alysa,N/A,F,Human,Current,Farmer,N/A,Unassigned,N/A,Andor,Unknown,"Almen Bunt’s sister. She and her husband Graeger had two sons, Hahn and Adim."
Alias,Main,KoD,N/A,N/A,Alyse,Alyse,Alyse,,Alyse,Galina Casban,N/A,N/A,N/A,N/A,N/A,N/A,N/A,N/A,N/A,The name that Galina Casban used after being captured and taken to Perrin.
Alias,Main,TFoH,N/A,N/A,Amaena,Amaena,Amaena,,Amaena,Leane Sharif,N/A,N/A,N/A,N/A,N/A,N/A,N/A,N/A,N/A,Leane’s alias after she was stilled.
Primary,World,World,No,0,Amaline Paendrag Tagora,Amaline Paendrag Tagora,Amaline,Paendrag Tagora,Amaline,N/A,F,Human,Historic,Noble,N/A,Unassigned,N/A,Unknown,Unknown,"The first wife of Artur Hawkwing. He loved her very much, and wrote many poems to her."
Primary,Main,TGH,Yes,2,Amalisa Jagad,Amalisa Jagad,Amalisa,Jagad,Amalisa,N/A,F,Human,Current,Shienaran Noble,N/A,Unassigned,N/A,Shienar,Unknown,"A Lady of House Jagad in Shienar. Agelmar’s sister, Amalisa was short and in her middle years."
Primary,Main,LoC,No,0,Amar,Amar,Amar,,Amar,N/A,F,Ogier,Historic,Uncertain,N/A,Unassigned,N/A,Unknown,Unknown,"The mother of Elora and the daughter of Coura, an Ogier."
Primary,Main,ACoS,Yes,1,Amaresu,Amaresu,Amaresu,,Amaresu,N/A,F,Human,Current,Hero of the Horn,N/A,Unassigned,N/A,Unknown,Unknown,A female Hero of the Horn who carried the Sword of the Sun.
Primary,Main,LoC,No,0,Amaryn,Amaryn,Amaryn,,Amaryn,N/A,F,Human,Current,Uncertain,N/A,Unassigned,N/A,Aiel,Unknown,"An Aiel woman, the greatdaughter of Sorilea and the greatmother of Taric."
Primary,Main,TSR,Yes,14,Amathera Aelfdene Casmir Lounault,Amathera Aelfdene Casmir Lounault,Amathera,Aelfdene Casmir Lounault,Amathera,N/A,F,Human,Current,Panarch,N/A,Unassigned,N/A,Tarabon,974 NE,"A Taraboner woman. She was in born in 974 NE. She was about 5'5"" tall and very pretty and slender."
Primary,Main,KoD,No,0,Amel din Monaga Stone Anchor,Amel din Monaga Stone Anchor,Amel,din Monaga Stone Anchor,Amel,N/A,M,Human,Current,Swordmaster,N/A,Unassigned,N/A,Sea Folk,Unknown,The husband and Swordmaster of Zaida din Parede Blackwing.
Primary,Main,TFoH,Yes,1,Amellia Arene,Amellia Arene,Amellia,Arene,Amellia,N/A,F,Human,Current,Merchant,N/A,Yes,N/A,Amador,Unknown,"A Darkfriend woman in Amador, stern-faced and graying. She and her husband Jorin were rich merchants."
Primary,Main,TGS,Yes,1,Amenar Shumada,Amenar Shumada,Amenar,Shumada,Amenar,N/A,M,Human,Current,Seanchan Noble,N/A,Unassigned,N/A,Seanchan,Unknown,A member of the Seanchan Blood who attended Tuon’s first audience in Ebou Dar.
Primary,Main,TDR,Yes,5,Amico Nagoyin,Amico Nagoyin,Amico,Nagoyin,Amico,N/A,F,Human,Current,Aes Sedai,Yellow,Yes,27(15),Arafel,967 NE,"An Arafellin Aes Sedai of the Yellow Ajah publicly, and of the Black Ajah in truth."
Primary,World,World,No,0,Amira,Amira,Amira,,Amira,N/A,F,Human,Historic,Noble,N/A,Unassigned,N/A,Unknown,Unknown,A daughter of Artur Hawkwing and Amaline Paendrag Tagora.
Primary,NS,NS,Yes,1,Amira Moselle,Amira Moselle,Amira,Moselle,Amira,N/A,F,Human,Current,Aes Sedai,Red,No,27(15),Tarabon,823 NE,"A Taraboner Aes Sedai of the Red Ajah and the loyalist contingent, with a strength level of 27(15)."
Primary,Main,TPoD,Yes,3,Amondrid Osiellin,Amondrid Osiellin,Amondrid,Osiellin,Amondrid,N/A,M,Human,Current,Cairhienin Noble,N/A,Unassigned,N/A,Cairhien,Unknown,A Cairhienin nobleman who supported Colavaere for the throne.
Primary,Main,KoD,Yes,1,Amylia,Amylia,Amylia,,Amylia,N/A,F,Human,Current,Aes Sedai,Brown,No,Unknown,Unknown,Unknown,An Aes Sedai of the Brown Ajah whom Zaida brought back with her from Caemlyn.
Primary,Main,TDR,Yes,59,Amys,Amys,Amys,,Amys,N/A,F,Human,Current,Wise One,N/A,Unassigned,N/A,Aiel,Unknown,A Wise One of the Nine Valleys sept of the Taardad Aiel. She was first-wife of Rhuarc.
Primary,Main,TGH,Yes,26,Anaiya Carel,Anaiya Carel,Anaiya,Carel,Anaiya,N/A,F,Human,Current,Aes Sedai,Blue,No,15(3),Unknown,868 NE,"An Aes Sedai of the Blue Ajah and the rebel contingent, with a strength level of 15(3)."
Primary,Main,LoC,Yes,8,Anaiyella Narencelona,Anaiyella Narencelona,Anaiyella,Narencelona,Anaiyella,N/A,F,Human,Current,Tairen Noble,N/A,Yes,N/A,Tear,Unknown,"A High Lady of Tear and a Darkfriend. She was willowy and darkly beautiful, but she frequently simpered."
Primary,Main,TSR,Yes,1,Ananda,Ananda,Ananda,,Ananda,N/A,F,Human,Current,Aes Sedai,Yellow,No,Unknown,Unknown,Unknown,An Aes Sedai of the Yellow Ajah. She was slim with long black hair.
Primary,Main,LoC,No,0,Anarina Todande,Anarina Todande,Anarina,Todande,Anarina,N/A,F,Human,Historic,Queen,N/A,Unassigned,N/A,Altara,Unknown,"A former queen of Altara. Her family ruled for five generations, the longest on record."
Primary,Main,AMoL,No,0,Anasai of Ryddingwood,Anasai of Ryddingwood,Anasai,,Anasai,N/A,F,Human,Historic,Poet,N/A,Unassigned,N/A,Unknown,Unknown,A favorite poet of Moiraine.
Alias,Main,WH,N/A,N/A,Anath Dorje,Anath Dorje,Anath,Dorje,Anath,Semirhage,N/A,N/A,N/A,N/A,N/A,N/A,N/A,N/A,N/A,"Tuon’s Truthspeaker, or Soe’feia; she was actually Semirhage in disguise."
Primary,Main,TFoH,Yes,5,Andaya Forae,Andaya Forae,Andaya,Forae,Andaya,N/A,F,Human,Current,Aes Sedai,Gray,No,24(12),Tarabon,901 NE,"A Taraboner Aes Sedai of the Gray Ajah and the loyalist contingent, with a strength level of 24(12)."
Primary,Main,TFoH,Yes,1,Andaya Murasaka,Andaya Murasaka,Andaya,Murasaka,Andaya,N/A,F,Human,Current,Luca's Circus,N/A,Unassigned,N/A,Unknown,Unknown,An acrobat with Valan Luca’s show. She was one of six sisters.
Primary,Main,TFoH,Yes,1,Ander Corl,Ander Corl,Ander,Corl,Ander,N/A,M,Human,Current,Bootmaker,N/A,Unassigned,N/A,Cairhien,Unknown,A bootmaker in the town of Taien in the Jangai Pass.
Primary,Main,ACoS,Yes,1,Ander Tol,Ander Tol,Ander,Tol,Ander,N/A,M,Human,Current,Farmer,N/A,Unassigned,N/A,Cairhien,Unknown,"A skinny, toothless turnip farmer from the south of Cairhien who gave Rand and his companions a ride."
Primary,Main,ToM,Yes,12,Andere,Andere,Andere,,Andere,N/A,M,Human,Current,Soldier,N/A,Unassigned,N/A,Malkier,Unknown,A Malkieri who worked for a time as a Kandori soldier.
Primary,Main,KoD,No,0,Andhilin,Andhilin,Andhilin,,Andhilin,N/A,F,Human,Current,Maiden of the Spear,N/A,Unassigned,N/A,Aiel,Unknown,A Maiden of the Red Salt Goshien. Her name appeared on Rand’s list of women who died for him.
Primary,Main,CoT,Yes,1,Andil,Andil,Andil,,Andil,N/A,F,Human,Current,Servant,N/A,Unassigned,N/A,Cairhien,Unknown,A woman who worked in the kitchen of the Sun Palace in Cairhien.
Alias,Main,TEotW,N/A,N/A,"Andra, Master",Master Andra,Master,Andra,Master Andra,Lan Mandragoran,N/A,N/A,N/A,N/A,N/A,N/A,N/A,N/A,N/A,A name sometimes used by Lan while on the road.
Primary,Main,TSR,Yes,1,"Andric, King",King Andric,Andric,,Andric,N/A,M,Human,Current,King,N/A,Unassigned,N/A,Tarabon,Unknown,The King of Tarabon at the time of the Seanchan invasion. He and Amathera were lovers.
Primary,Main,KoD,No,0,"Andril, Master",Master Andril,Master,Andril,Master Andril,N/A,M,Human,Unknown,Song Character,N/A,Unassigned,N/A,Unknown,Unknown,A man featured in a slightly bawdy song sung at The White Ring in Maderin.
Primary,Main,LoC,Yes,1,Andris,Andris,Andris,,Andris,N/A,M,Human,Current,Servant,N/A,Unassigned,N/A,Illian,Unknown,"Sammael’s emissary to Rand who offered a truce and then died, sweating blood."
Primary,NS,NS,Yes,1,Andro,Andro,Andro,,Andro,N/A,M,Human,Current,Warder,N/A,Unassigned,N/A,Unknown,Unknown,"Meilyn Arganya’s Warder. Lean and no taller than Meilyn, he appeared youthful."
Primary,Main,WH,Yes,17,Androl Genhald,Androl Genhald,Androl,Genhald,Androl,N/A,M,Human,Current,Asha'man,N/A,Unassigned,Unknown,Unknown,Unknown,A Taraboner Asha’man. Approximately thirty years old when he went to the Black Tower.
Primary,Main,WH,No,0,"Andscale, Mistress",Mistress Andscale,Mistress,Andscale,Mistress Andscale,N/A,F,Human,Current,Banker,N/A,Unassigned,N/A,Andor,Unknown,A banker in Caemlyn who made a loan to Elayne upon the discovery of alum on her estates.
Primary,Main,KoD,Yes,1,Anemara,Anemara,Anemara,,Anemara,N/A,F,Human,Current,Accepted,N/A,Unassigned,Unknown,Unknown,Unknown,A plump Accepted of the loyalist contingent. She told Elaida of a woman seeking an audience.
Primary,Main,KoD,Yes,2,"Anford, Mistress",Mistress Anford,Mistress,Anford,Mistress Anford,N/A,F,Human,Current,Clerk,N/A,Unassigned,N/A,Andor,Unknown,"One of Halwin Norry’s most trusted clerks, a graying woman who worked for Birgitte in Caemlyn."
Primary,Main,TPoD,Yes,1,Anghar,Anghar,Anghar,,Anghar,N/A,M,Human,Current,Soldier,N/A,Unassigned,N/A,Seanchan,Unknown,A Seanchan soldier sent by Karede to Ebou Dar.
Primary,Main,ACoS,No,0,Anghara,Anghara,Anghara,,Anghara,N/A,F,Human,Historic,Aes Sedai,Unknown,No,Unknown,Unknown,Unknown,An Amyrlin from the past. Isebele of Dal Calain had enough power to force Anghara to come to her.
Primary,WoTC,WoTC,No,0,Angharad Juerissen,Angharad Juerissen,Angharad,Juerissen,Angharad,N/A,F,Human,Current,Aes Sedai,Gray,No,Unknown,Unknown,Unknown,An Aes Sedai of the Gray Ajah who was Sierin Vayu’s Keeper of the Chronicles.
Primary,Main,LoC,Yes,1,Angla,Angla,Angla,,Angla,N/A,F,Human,Current,Novice,N/A,Unassigned,Unknown,Unknown,973 NE,"A novice with the Salidar Aes Sedai. Born in 973 NE, she went to the White Tower at age seventeen."
Primary,Main,LoC,No,0,Anjen,Anjen,Anjen,,Anjen,N/A,M,Human,Current,Warder,N/A,Unassigned,N/A,Unknown,Unknown,"Leane’s Warder, whom she bonded in 977 NE. He died in 984 NE."
Primary,Main,CoT,Yes,3,"Ankaer, Lord",Lord Ankaer,Ankaer,,Ankaer,N/A,M,Human,Current,Domani Noble,N/A,Unassigned,N/A,Arad Doman,Unknown,A powerful Domani nobleman whom Ituralde courted to help with his plans against the Seanchan.
Primary,Main,TEotW,No,0,Anla the Wise Counselor,Anla the Wise Counselor,Anla,,Anla,N/A,F,Human,Unknown,Story Character,N/A,Unassigned,N/A,Unknown,Unknown,Someone of whom thousands of tales were told.
Primary,NS,NS,Yes,1,Anlee,Anlee,Anlee,,Anlee,N/A,F,Human,Current,Aes Sedai,Blue,No,Unknown,Unknown,Unknown,An Aes Sedai of the Blue Ajah and a Sitter for the Blue at the time of the Aiel War.
Primary,Main,AMoL,Yes,1,Annah,Annah,Annah,,Annah,N/A,F,Human,Current,Messenger,N/A,Unassigned,N/A,Unknown,Unknown,A messenger for Bryne in the Last Battle. She died when a raken was shot down and landed on her.
Primary,Main,CoT,No,0,Annharid Matoun,Annharid Matoun,Annharid,Matoun,Annharid,N/A,F,Human,Current,Aes Sedai,Yellow,No,17(5),Saldaea,894 NE,"A Saldaean Aes Sedai of the Yellow Ajah and the rebel contingent, with a strength level of 17(5)."
Primary,Main,ACoS,Yes,23,Annoura Larisen,Annoura Larisen,Annoura,Larisen,Annoura,N/A,F,Human,Current,Aes Sedai,Gray,No,33(21),Tarabon,838 NE,"A Taraboner Aes Sedai of the Gray Ajah, uncommitted to any faction. Her strength level was 33(21)."
Primary,Main,TFoH,No,0,Anselan,Anselan,Anselan,,Anselan,N/A,M,Human,Historic,Warder,N/A,Unassigned,N/A,Unknown,Unknown,A Warder and hero during the Trolloc Wars; his Aes Sedai was Barashelle.
Primary,Main,ToM,Yes,3,Antail,Antail,Antail,,Antail,N/A,M,Human,Current,Asha'man,N/A,Unassigned,Unknown,Unknown,Unknown,"An Asha’man who was quiet and thin-haired, and skilled in Healing."
Primary,Main,KoD,Yes,1,Anthelle Sharplyn,Anthelle Sharplyn,Anthelle,Sharplyn,Anthelle,N/A,F,Human,Current,Andoran Noble,N/A,Unassigned,N/A,Andor,Unknown,A stout Andoran noblewoman and High Seat of her minor House. She was loyal to Elayne.
Primary,Main,NS,Yes,1,Antol,Antol,Antol,,Antol,N/A,M,Human,Current,Kandori Noble,N/A,Unassigned,N/A,Kandor,964 NE,The eldest son of Queen Ethenielle and Prince Brys and thus the heir to the throne of Kandor.
Primary,NS,NS,No,0,Anvaere Damodred,Anvaere Damodred,Anvaere,Damodred,Anvaere,N/A,F,Human,Current,Cairhienin Noble,N/A,Unassigned,N/A,Cairhien,Unknown,"Moiraine’s older sister, who cared for nothing but hawking and horses and had a terrible temper."
Primary,NS,NS,Yes,2,Anya,Anya,Anya,,Anya,N/A,F,Human,Current,Servant,N/A,Unassigned,N/A,Kandor,Unknown,A serving woman in Aesdaishar Palace who served Lan when he visited.
Primary,Main,TEotW,Yes,1,Ara,Ara,Ara,,Ara,N/A,M,Human,Current,Serving Man,N/A,Unassigned,N/A,Andor,Unknown,"A serving man at The Stag and Lion in Baerlon. He was a slight, dark-haired fellow."
Primary,Main,TSR,Yes,7,"Aracome, High Lord",High Lord Aracome,Aracome,,Aracome,N/A,M,Human,Current,Tairen Noble,N/A,Unassigned,N/A,Tear,Unknown,"A High Lord of Tear who was slender and graying, with a long-smoldering temper and suspicious nature."
Primary,Main,TEotW,Yes,36,Aram,Aram,Aram,,Aram,N/A,M,Human,Current,Tinker,N/A,Unassigned,N/A,Tinker,978 NE,"The grandson of Raen and Ila, born in 978 NE. He was slender and very handsome."
Primary,World,World,No,0,Aran son of Malan son of Senar,Aran son of Malan son of Senar,Aran,,Aran,N/A,M,Ogier,Historic,Author,N/A,Unassigned,N/A,Unknown,50 AB,"A respected Ogier author, born circa 50 AB, who wrote a manuscript about Ishamael."
Alias,Main,LoC,N/A,N/A,Aran'gar,Aran'gar,Aran'gar,,Aran'gar,Balthamel,N/A,N/A,N/A,N/A,N/A,N/A,N/A,N/A,N/A,Balthamel's name after he was resurrected and put into a woman’s body; she took the name Halima Saranov.
Primary,World,World,No,0,Aranvor Naldwinn,Aranvor Naldwinn,Aranvor,Naldwinn,Aranvor,N/A,M,Human,Current,Soldier,N/A,Unassigned,N/A,Andor,Unknown,The Captain-General of the Queen’s Guard of Andor at the time of the Aiel War.
Primary,Main,TFoH,Yes,4,Arathelle Renshar,Arathelle Renshar,Arathelle,Renshar,Arathelle,N/A,F,Human,Current,Andoran Noble,N/A,Unassigned,N/A,Andor,Unknown,"The High Seat of House Renshar, a very powerful Andoran House. She was beautiful when young."
Primary,Main,CoT,Yes,14,Aravine Carnel,Aravine Carnel,Aravine,Carnel,Aravine,N/A,F,Human,Current,Amadician Noble,N/A,Yes,N/A,Amadicia,Unknown,An Amadician woman who was a gai’shain in Sevanna’s camp.
Primary,Main,KoD,No,0,Arebis,Arebis,Arebis,,Arebis,N/A,F,Human,Current,Aes Sedai,Unknown,No,Unknown,Unknown,Unknown,An Aes Sedai of the loyalist contingent who helped to capture Leane at Southharbor.
Alias,World,World,N/A,N/A,Ared Mosinel,Ared Mosinel,Ared,Mosinel,Ared,Rahvin,N/A,N/A,N/A,N/A,N/A,N/A,N/A,N/A,N/A,Rahvin’s name before he turned to the Shadow.
Primary,Main,TFoH,Yes,8,Areina Nermasiv,Areina Nermasiv,Areina,Nermasiv,Areina,N/A,F,Human,Current,Uncertain,N/A,Unassigned,N/A,Kandor,978 NE,"A Kandori woman. Born in 978 NE, she was 5'4"" tall, with blue eyes and dark hair."
Primary,Main,KoD,Yes,1,Arel Malevin,Arel Malevin,Arel,Malevin,Malevin,N/A,M,Human,Current,Asha'man,N/A,Unassigned,Unknown,Cairhien,Unknown,A Cairhienin blacksmith who became an Asha’man and bonded Aisling Noon of the Green Ajah.
Primary,Main,CoT,No,0,Arendor Haevin,Arendor Haevin,Arendor,Haevin,Arendor,N/A,M,Human,Current,Andoran Noble,N/A,Unassigned,N/A,Andor,Unknown,The uncle and guardian of Catalyn Haevin of Andor.
Primary,Main,TEotW,No,0,Arent,Arent,Arent,,Arent,N/A,M,Ogier,Current,Uncertain,N/A,Unassigned,N/A,Stedding Shangtai,Unknown,"An Ogier, the son of Halan and the father of Loial."
Primary,WoTC,WoTC,No,0,Argirin Darelos den Turamon,Argirin Darelos den Turamon,Argirin,Darelos den Turamon,Argirin,N/A,M,Human,Current,Illianer Noble,N/A,Unassigned,N/A,Illian,Unknown,An Illianer nobleman who was a member of the Council of Nine.
Primary,Main,TDR,No,0,Aried,Aried,Aried,,Aried,N/A,M,Ogier,Historic,Uncertain,N/A,Unassigned,N/A,Unknown,Unknown,An Ogier of the distant past; his son Jalanda wrote of Be’lal.
Primary,Main,TFoH,Yes,1,Aril Corl,Aril Corl,Aril,Corl,Aril,N/A,F,Human,Current,Uncertain,N/A,Unassigned,N/A,Cairhien,Unknown,"A woman who lived in Taien, Jangai Pass and survived the Shaido attack."
Primary,Main,KoD,Yes,1,Arilinde Branstrom,Arilinde Branstrom,Arilinde,Branstrom,Arilinde,N/A,F,Human,Current,Andoran Noble,N/A,Unassigned,N/A,Andor,Unknown,An Andoran noblewoman and High Seat of House Branstrom.
Primary,Main,TGH,No,0,Arilyn Dhulaine,Arilyn Dhulaine,Arilyn,Dhulaine,Arilyn,N/A,F,Human,Current,Cairhienin Noble,N/A,Unassigned,N/A,Cairhien,Unknown,A Cairhienin noblewoman who was part of the Gray Ajah’s eyes-and-ears network.
Primary,WoTC,WoTC,No,0,Arimon Darengil,Arimon Darengil,Arimon,Darengil,Arimon,N/A,M,Human,Current,Soldier,N/A,Unassigned,N/A,Cairhien,Unknown,"Selande’s brother, who was part of the Illian invasion army. He was a stocky young man."
Primary,Main,TEotW,Yes,1,Arin,Arin,Arin,,Arin,N/A,M,Human,Current,Gate Guard,N/A,Unassigned,N/A,Andor,Unknown,A gate guard in Baerlon.
Primary,Main,TFoH,Yes,3,Arinvar,Arinvar,Arinvar,,Arinvar,N/A,M,Human,Current,Warder,N/A,Unassigned,N/A,Cairhien,Unknown,"Sheriam’s Cairhienin Warder. Slender and about 5'7"" tall with gray at his temples."
Primary,Main,TPoD,Yes,4,Arlen Nalaam,Arlen Nalaam,Arlen,Nalaam,Nalaam,N/A,M,Human,Current,Soldier,N/A,Unassigned,N/A,Saldaea,Unknown,"A Saldaean Asha’man soldier, copper-skinned, with a thin mustache and a small pearl in his ear."
Primary,Main,CoT,Yes,1,Arlene,Arlene,Arlene,,Arlene,N/A,F,Human,Current,Maid,N/A,Unassigned,N/A,Andor,Unknown,Arymilla’s maid. Her duties went beyond the usual. She is sllender and pretty.
Primary,Main,ACoS,Yes,1,Arnin,Arnin,Arnin,,Arnin,N/A,M,Human,Current,Darkfriend,N/A,Yes,N/A,Unknown,Unknown,One of the two toughs with Falion and Ispan when they tortured the Kinswoman Callie in Ebou Dar.
Primary,Main,KoD,Yes,1,Arrata,Arrata,Arrata,,Arrata,N/A,F,Human,Current,Soldier,N/A,Unassigned,N/A,Seanchan,Unknown,"A Seanchan soldier at Malden, under the command of Mishima."
Primary,Main,TPoD,Yes,12,Arrela Shiego,Arrela Shiego,Arrela,Shiego,Arrela,N/A,F,Human,Current,Cha Faile,N/A,Unassigned,N/A,Tear,Unknown,A Tairen woman who was a member of Cha Faile. She wore her black hair cut as short as a Maiden’s.
Primary,Main,WH,Yes,2,Arrow (1),Arrow,Arrow,,Arrow,N/A,M,Horse,Current,Horse,N/A,Unassigned,N/A,Unknown,Unknown,Birgitte’s lean gray horse.
Primary,NS,NS,Yes,7,Arrow (2),Arrow,Arrow,,Arrow,N/A,F,Horse,Current,Horse,N/A,Unassigned,N/A,Unknown,Unknown,"Moiraine’s bay mare, later replaced by Aldieb."
Primary,Main,TEotW,Yes,3,Artur Hawkwing,Artur Hawkwing,Artur,Hawkwing,Hawkwing,N/A,M,Human,Current,Hero of the Horn,N/A,Unassigned,N/A,Unknown,Unknown,A legendary king who united all lands west of the Spine of the World. Also a Hero of the Horn.
Alias,Main,TEotW,N/A,N/A,Artur Paendrag Tanreall,Artur Paendrag Tanreall,Artur,Paendrag Tanreall,Artur,Artur Hawkwing,N/A,N/A,N/A,N/A,N/A,N/A,N/A,N/A,N/A,The birth name of Artur Hawkwing.
Primary,Main,LoC,Yes,1,Arwin,Arwin,Arwin,,Arwin,N/A,M,Human,Current,Youngling,N/A,Unassigned,N/A,Unknown,Unknown,A Youngling under Gawyn’s command.
Primary,Main,TFoH,Yes,7,Arymilla Marne,Arymilla Marne,Arymilla,Marne,Arymilla,N/A,F,Human,Current,Andoran Noble,N/A,Unassigned,N/A,Andor,Unknown,"High Seat of House Marne in Andor. She was a sycophant of Gaebril, and later declared for the Lion Throne."
Primary,Main,TGH,Yes,1,Asan Sandair,Asan Sandair,Asan,Sandair,Asan,N/A,M,Human,Current,Soldier,N/A,Unassigned,N/A,Cairhien,Unknown,"A Cairhienin officer who met Rand, Hurin and Loial at their entrance to the city of Cairhien."
Primary,Main,KoD,Yes,1,Ashelin,Ashelin,Ashelin,,Ashelin,N/A,F,Human,Current,Novice,N/A,Unassigned,Unknown,Altara,Unknown,"An Altaran novice in the White Tower. She was a plump, pretty girl with olive-colored skin."
Primary,NS,NS,Yes,1,"Asher, Mistress",Mistress Asher,Mistress,Asher,Mistress Asher,N/A,F,Human,Current,Merchant,N/A,Unassigned,Unknown,Kandor,Unknown,A merchant in Canluum who was also a wilder.
Primary,Main,TGH,Yes,1,Ashin,Ashin,Ashin,,Ashin,N/A,M,Human,Current,Servant,N/A,Unassigned,N/A,Cairhien,Unknown,A superior servant of Barthanes in Cairhien.
Primary,Main,LoC,Yes,5,Ashmanaille,Ashmanaille,Ashmanaille,,Ashmanaille,N/A,F,Human,Current,Aes Sedai,Gray,No,22(10),Unknown,902 NE,"An Aes Sedai of the Gray Ajah and the rebel contingent, with a strength level of 22(10)."
Primary,Main,LoC,No,0,Asidim Faisar,Asidim Faisar,Asidim,Faisar,Faisar,N/A,M,Human,Current,Whitecloak,N/A,Unassigned,N/A,Unknown,Unknown,"A Whitecloak spy in Tanchico, sent there by Pedron Niall to sound out possibilities amid the chaos."
Primary,Main,TDR,Yes,26,Asmodean,Asmodean,Asmodean,,Asmodean,N/A,M,Human,Current,Forsaken,N/A,Yes,"""++3""",Shorelle,Unknown,A Forsaken. His name in the Age of Legends was Joar Addam Nessosin. His strength level was ++3.
Primary,Main,TSR,Yes,5,Asne Zeramene,Asne Zeramene,Asne,Zeramene,Asne,N/A,F,Human,Current,Aes Sedai,Green,Yes,18(6),Saldaea,837 NE,A Saldaean Aes Sedai of the Green Ajah publicly but of the Black Ajah in truth. Her strength level was 18(6).
Primary,Main,LoC,Yes,2,Asra Zigane,Asra Zigane,Asra,Zigane,Asra,N/A,F,Human,Current,Kinswoman,N/A,Unassigned,54(42),Arad Doman,Unknown,A Domani Wise Woman and Kin in Ebou Dar. Her strength level was 54(42).
Primary,Main,KoD,Yes,1,Asseil,Asseil,Asseil,,Asseil,N/A,F,Human,Current,Accepted,N/A,Unassigned,Unknown,Tarabon,Unknown,"A Taraboner Accepted in the White Tower. She was slim, with pale hair and brown eyes."
Primary,Main,TPoD,Yes,1,Assid Bakuun,Assid Bakuun,Assid,Bakuun,Bakuun,N/A,M,Human,Current,Soldier,N/A,Unassigned,N/A,Seanchan,Unknown,A Seanchan captain with thirty years in the Ever Victorious Army. He had a dog named Nip.
Primary,World,World,No,0,"Astara, Queen",Queen Astara,Astara,,Astara,N/A,F,Human,Historic,Queen,N/A,Unassigned,N/A,Andor,Unknown,A queen of Andor during the War of the Hundred Years. She reigned from FY 1073 to 1085.
Primary,Main,TSR,Yes,1,Astelle al'Seen,Astelle al'Seen,Astelle,al'Seen,Astelle,N/A,F,Human,Current,Uncertain,N/A,Unassigned,N/A,Andor,Unknown,"A Two Rivers woman. She was the oldest in her family, and poked Perrin with her cane."
Primary,Main,TSR,Yes,1,Astoril Damara,Astoril Damara,Astoril,Damara,Astoril,N/A,M,Human,Current,Tairen Noble,N/A,Unassigned,N/A,Tear,Unknown,A High Lord of Tear and the father of Medore. Astoril was old but straight-backed.
Primary,Main,KoD,Yes,1,Astrelle,Astrelle,Astrelle,,Astrelle,N/A,F,Human,Current,Aes Sedai,White,No,Unknown,Unknown,Unknown,An Aes Sedai of the White Ajah and the loyalist contingent. Plump with a formidable bosom.
Primary,Main,KoD,Yes,1,Atal,Atal,Atal,,Atal,N/A,M,Human,Current,Clerk,N/A,Unassigned,N/A,Seanchan,Unknown,One of the Seanchan military clerks in Captain Faloun’s office in Almizar.
Primary,Main,WH,Yes,9,Atal Mishraile,Atal Mishraile,Atal,Mishraile,Mishraile,N/A,M,Human,Current,Asha'man,N/A,Yes,Unknown,Unknown,Unknown,"An Asha’man who was given private lessons by Taim. He was handsome and tall, with blue eyes."
Primary,Main,KoD,Yes,1,Athan Chandin,Athan Chandin,Athan,Chandin,Athan,N/A,M,Human,Current,Soldier,N/A,Unassigned,N/A,Andor,Unknown,A Two Rivers man with Perrin’s forces in Malden when they saved Faile and others.
Primary,Main,TSR,Yes,1,Athan Dearn,Athan Dearn,Athan,Dearn,Athan,N/A,M,Human,Current,Uncertain,N/A,Unassigned,N/A,Andor,Unknown,A fat man from the Two Rivers. He helped to defend Emond’s Field from Trollocs.
Primary,Main,TDR,Yes,1,Atuan Larisett,Atuan Larisett,Atuan,Larisett,Atuan,N/A,F,Human,Current,Aes Sedai,Yellow,Yes,Unknown,Tarabon,809 NE,"A Taraboner Aes Sedai of the Yellow Ajah in public, but of the Black Ajah in truth."
Primary,Main,TGS,Yes,1,Auaine Fanwar,Auaine Fanwar,Auaine,Fanwar,Auaine,N/A,F,Human,Current,Farmwife,N/A,Unassigned,N/A,Borderlands,Unknown,A Borderland farmwife. She was Renald’s wife.
Primary,Main,KoD,Yes,1,Aubrem Pensenor,Aubrem Pensenor,Aubrem,Pensenor,Aubrem,N/A,M,Human,Current,Andoran Noble,N/A,Unassigned,N/A,Andor,Unknown,Andoran High Seat of House Pensenor. He supported Elayne in the Succession.
Primary,Main,KoD,No,0,Aurana,Aurana,Aurana,,Aurana,N/A,F,Human,Current,Seanchan Noble,N/A,Unassigned,N/A,Seanchan,Unknown,Tuon’s fourteen-year-old sister; Tuon thought her too young to be plotting against her.
Primary,Main,TFoH,Yes,5,Avar Hachami,Avar Hachami,Avar,Hachami,Avar,N/A,M,Human,Current,Warder,N/A,Unassigned,N/A,Saldaea,Unknown,"One of Myrelle’s Warders, a Saldaean. He was hawk-nosed and square-chinned."
Primary,NS,NS,Yes,1,Avene Sahera,Avene Sahera,Avene,Sahera,Avene,N/A,F,Human,Current,Uncertain,N/A,Unassigned,N/A,Kandor,Unknown,"A woman in Ravinda, Kandor, interviewed by Moiraine during her search."
Primary,Main,TFoH,Yes,1,Avi Shendar,Avi Shendar,Avi,Shendar,Avi,N/A,M,Human,Current,Pigeon Keeper,N/A,Unassigned,N/A,Amadicia,Unknown,A man in Marcedin who kept pigeons. He sent reports out for Ronde Macura.
Primary,Main,KoD,No,0,Aviellin,Aviellin,Aviellin,,Aviellin,N/A,F,Human,Current,Maiden of the Spear,N/A,Unassigned,N/A,Aiel,Unknown,A Maiden who was badly wounded at Malden.
Primary,Main,TDR,Yes,105,Aviendha,Aviendha,Aviendha,,Aviendha,N/A,F,Human,Current,Wise One,N/A,Unassigned,8(+5),Aiel,980 NE,"A woman of the Nine Valleys sept of the Taardad Aiel, born in 980 NE."
Primary,Main,TEotW,Yes,1,"Avin, Master",Master Avin,Avin,,Avin,N/A,M,Human,Current,Gate Guard,N/A,Unassigned,N/A,Andor,Unknown,"A gate guard in Baerlon, Andor, who let Moiraine and her party into Baerlon."
Primary,Main,AMoL,Yes,1,Awlsten,Awlsten,Awlsten,,Awlsten,N/A,M,Human,Current,Asha'man,N/A,Unassigned,Unknown,Unknown,Unknown,An Asha’man who was with Ituralde in Maradon and at Shayol Ghul.
Primary,Main,WH,Yes,4,Ayako Norsoni,Ayako Norsoni,Ayako,Norsoni,Ayako,N/A,F,Human,Current,Aes Sedai,White,Turned,18(6),Arafel,Unknown,"An Arafellin Aes Sedai of the White Ajah and the loyalist contingent, with a strength level of 18(6)."
Primary,Main,TEotW,No,0,"Aynora, Mistress",Mistress Aynora,Mistress,Aynora,Mistress Aynora,N/A,F,Human,Unknown,Song Character,N/A,Unassigned,N/A,Unknown,Unknown,A woman in a song who has a rooster. At least one version of the song was actually about a rooster.
Primary,Main,WH,Yes,1,"Azereos, Master",Master Azereos,Master,Azereos,Master Azereos,N/A,M,Human,Current,Merchant,N/A,Unassigned,N/A,Illian,Unknown,An Illianer trader in Far Madding with a white beard and pointed nose.
Primary,Main,ToM,Yes,6,Azi al'Thone,Azi al'Thone,Azi,al'Thone,Azi,N/A,M,Human,Current,Soldier,N/A,Unassigned,N/A,Andor,Unknown,A Two Rivers man in Perrin’s army. He sometimes acted as Perrin’s bodyguard.
Primary,NS,NS,No,0,Azil Mareed,Azil Mareed,Azil,Mareed,Azil,N/A,M,Human,Current,Tower Guard,N/A,Unassigned,N/A,Arad Doman,Unknown,The Domani High Captain of the Tower Guard and advisor to Marya Sedai.
Primary,World,World,No,0,Azille Narof,Azille Narof,Azille,Narof,Azille,N/A,F,Human,Historic,Aes Sedai,Unknown,No,Unknown,Unknown,Unknown,An Aes Sedai who lived at the time of the formation of the White Tower.
Primary,Main,LoC,Yes,1,Azril,Azril,Azril,,Azril,N/A,F,Human,Current,Serving Girl,N/A,Unassigned,N/A,Andor,Unknown,"A serving girl at an inn called Culain’s Hound, in Caemlyn."
Primary,WoTC,WoTC,No,0,Azzara din Karak,Azzara din Karak,Azzara,din Karak,Azzara,N/A,F,Human,Current,Windfinder,N/A,Unassigned,18(6),Sea Folk,Unknown,A Sea Folk Windfinder with a strength level of 18(6).
Alias,Main,TEotW,N/A,N/A,Ba'alzamon,Ba'alzamon,Ba'alzamon,,Ba'alzamon,Ishamael,N/A,N/A,N/A,N/A,N/A,N/A,N/A,N/A,N/A,"An ancient name meaning “Heart of the Dark"" and used by Ishamael."
Primary,Main,TSR,Yes,16,Bael,Bael,Bael,,Bael,N/A,M,Human,Current,Aiel Clan Chief,N/A,Unassigned,N/A,Aiel,Unknown,"A man of the Jhirad sept of the Goshien Aiel and the Sovin Nai society, and the clan chief of the Goshien."
Primary,Main,AMoL,Yes,1,Baelder,Baelder,Baelder,,Baelder,N/A,M,Human,Current,Aiel Warrior,N/A,Unassigned,N/A,Aiel,Unknown,An Aiel Red Shield who fought with Rhuarc in the Last Battle.
Primary,Main,TFoH,No,0,"Baelome, Lady",Lady Baelome,Lady,Baelome,Lady Baelome,N/A,F,Human,Current,Ghealdanin Noble,N/A,Unassigned,N/A,Ghealdan,Unknown,A Ghealdanin noblewoman ordered flogged by the Prophet.
Primary,Main,LoC,Yes,1,Baerin,Baerin,Baerin,,Baerin,N/A,F,Human,Current,Uncertain,N/A,Unassigned,N/A,Aiel,Unknown,An Aiel woman whose daughter was a Wise One’s apprentice.
Primary,Main,TDR,Yes,33,Bain,Bain,Bain,,Bain,N/A,F,Human,Current,Maiden of the Spear,N/A,Unassigned,N/A,Aiel,981 NE,"A Maiden of the Spear of the Black Rock sept of the Shaarad Aiel, born in 981 NE."
Primary,Main,TEotW,No,0,"Bain, Old",Old Bain,Bain,,Old Bain,N/A,M,Human,Current,Farmer,N/A,Unassigned,N/A,Andor,Unknown,A farmer in Andor from whom Alpert Mull bought hay.
Primary,Main,TDR,Yes,39,Bair,Bair,Bair,,Bair,N/A,F,Human,Current,Wise One,N/A,Unassigned,N/A,Aiel,Unknown,A Wise One of the Haido sept of the Shaarad Aiel. She was a dreamwalker but she could not channel.
Primary,Main,KoD,Yes,4,Bakayar Mishima,Bakayar Mishima,Bakayar,Mishima,Mishima,N/A,M,Human,Current,Soldier,N/A,Unassigned,N/A,Seanchan,Unknown,A Seanchan captain under Banner-General Tylee Khirgan. He had yellow hair and scars on his face.
Primary,Main,AMoL,No,0,Bakh,Bakh,Bakh,,Bakh,N/A,M,Human,Current,Soldier,N/A,Unassigned,N/A,Unknown,Unknown,A soldier in Lan’s army at Tarwin’s Gap. He always had a crossbow tied to the back of his horse.
Primary,Main,KoD,Yes,2,Balat,Balat,Balat,,Balat,N/A,M,Human,Current,Luca's Circus,N/A,Unassigned,N/A,Arad Doman,Unknown,A Domani sword-swallower and fire-eater with Luca’s show. His brother was Abar.
Primary,Main,TPoD,Yes,4,"Baldhere, Lord",Lord Baldhere,Baldhere,,Baldhere,N/A,M,Human,Current,General,N/A,Unassigned,N/A,Kandor,Unknown,The Swordbearer to the Throne of the Clouds for Queen Ethenielle of Kandor.
Primary,Main,LoC,No,0,Balinor,Balinor,Balinor,,Balinor,N/A,M,Human,Historic,Warder,N/A,Unassigned,N/A,Unknown,Unknown,Verin’s first Warder. It took ten years for her to get over his death and bond Tomas.
Primary,Main,TGS,No,0,Balladare Arandaille,Balladare Arandaille,Balladare,Arandaille,Balladare,N/A,F,Human,Historic,Aes Sedai,Brown,No,Unknown,Unknown,Unknown,An Aes Sedai of the Brown Ajah who served as Amyrlin from 115 to 142 NE.
Primary,Main,LoC,No,0,Ballair,Ballair,Ballair,,Ballair,N/A,F,Human,Historic,Aes Sedai,Unknown,No,Unknown,Unknown,Unknown,"An Aes Sedai who was an advisor to Ishara, the first Andoran queen."
Primary,WoTC,WoTC,No,0,Ballin Elamri den Rendalle,Ballin Elamri den Rendalle,Ballin,Elamri den Rendalle,Ballin,N/A,M,Human,Current,Illianer Noble,N/A,Unassigned,N/A,Illian,Unknown,An Illianer nobleman who was a member of the Council of Nine.
Primary,Main,TEotW,Yes,21,Balthamel,Balthamel,Balthamel,,Balthamel,N/A,M,Human,Current,Forsaken,N/A,Yes,"""++3""",Unknown,Unknown,A Forsaken whose original name was Eval Ramman. He became Aran'gar (Halima) after being reincarnated.
Alias,Main,TEotW,N/A,N/A,Balwen Ironhand,Balwen Ironhand,Balwen,Ironhand,Balwen,Balwen Mayel,N/A,N/A,N/A,N/A,N/A,N/A,N/A,N/A,N/A,Another name for Balwen Mayel.
Primary,Main,TEotW,No,0,Balwen Mayel,Balwen Mayel,Balwen,Mayel,Balwen,N/A,M,Human,Historic,King,N/A,Unassigned,N/A,Aridhol,Unknown,The Last king of Aridhol; he was also called Balwen Ironhand.
Primary,Main,TSR,Yes,14,Ban al'Seen,Ban al'Seen,Ban,al'Seen,Ban,N/A,M,Human,Current,Soldier,N/A,Unassigned,N/A,Andor,Unknown,A Two Rivers man who joined Perrin’s army. He had dark hair and a prominent nose.
Primary,Main,TDR,No,0,Banas,Banas,Banas,,Banas,N/A,M,Human,Current,Uncertain,N/A,Unassigned,N/A,Ghealdan,Unknown,"A widower in Jarra, Ghealdan. He was dragged through the wedding arches by Widow Jorath."
Primary,Main,TEotW,Yes,2,Bandry Crawe,Bandry Crawe,Bandry,Cawe,Ban,N/A,M,Human,Current,Soldier,N/A,Unassigned,N/A,Andor,977 NE,"A young man from Emond’s Field. He joined Perrin’s army at Malden. Called ""Ban"" for short."
Alias,Main,AMoL,N/A,N/A,Bao the Wyld,Bao the Wyld,Bao,,Bao,Demandred,N/A,N/A,N/A,N/A,N/A,N/A,N/A,N/A,N/A,The name taken by Demandred in Shara.
Primary,Main,TFoH,Yes,1,Bar Dowtry,Bar Dowtry,Bar,Dowtry,Bar,N/A,M,Human,Current,Uncertain,N/A,Unassigned,N/A,Andor,Unknown,A square-faced Emond’s Field man. Nynaeve caught him with Kimry Lewin in his father’s hayloft.
Primary,Main,TSR,Yes,1,Baran,Baran,Baran,,Baran,N/A,M,Human,Current,Tairen Noble,N/A,Unassigned,N/A,Tear,Unknown,A young Tairen lord who was foppish and fastidious and always seemed to be looking down his sharp nose.
Primary,Main,TFoH,No,0,Barashelle,Barashelle,Barashelle,,Barashelle,N/A,F,Human,Historic,Aes Sedai,Unknown,No,Unknown,Unknown,Unknown,A woman who was raised Aes Sedai during the Trolloc Wars. Anselan was her Warder.
Primary,Main,LoC,Yes,7,Barasine,Barasine,Barasine,,Barasine,N/A,F,Human,Current,Aes Sedai,Red,No,Unknown,Unknown,Unknown,"A lanky, long-legged Aes Sedai of the Red Ajah and the loyalist contingent."
Primary,Main,LoC,Yes,2,Barel Layden,Barel Layden,Barel,Layden,Barel,N/A,M,Human,Current,Andoran Noble,N/A,Unassigned,N/A,Andor,Unknown,"An Andoran nobleman and High Seat of his minor House who was loyal to Elayne,"
Primary,Main,ToM,Yes,1,Barettal,Barettal,Barettal,,Barettal,N/A,M,Human,Current,Guard,N/A,Unassigned,N/A,Saldaea,Unknown,A member of Ituralde’s personal guard in Saldaea.
Primary,Main,TFoH,Yes,2,Bari (1),Bari,Bari,,Bari,N/A,M,Human,Current,Luca's Circus,N/A,Unassigned,N/A,Unknown,Unknown,A juggler with Valan Luca’s show; he worked with his brother Kin.
Primary,Main,LoC,Yes,1,Bari (2),Bari,Bari,,Bari,N/A,M,Human,Current,Servant,N/A,Unassigned,N/A,Andor,Unknown,A palace retainer of more than twenty years’ service in the Royal Palace in Caemlyn.
Alias,Main,LoC,N/A,N/A,Barid Bel Medar,Barid Bel Medar,Barid,Bel Medar,Barid,Demandred,N/A,N/A,N/A,N/A,N/A,N/A,N/A,N/A,N/A,Demandred’s name before he turned to the Shadow.
Primary,Main,TFoH,Yes,2,Barim Halle,Barim Halle,Barim,Halle,Barim,N/A,M,Human,Current,Soldier,N/A,Unassigned,N/A,Andor,Unknown,"An Andoran man from Kore Springs who followed Gareth Bryne when he chased after Siuan, Leane and Min."
Primary,Main,TGH,No,0,Barin Madwen,Barin Madwen,Barin,Madwen,Barin,N/A,M,Human,Current,Innkeeper,N/A,Unassigned,N/A,Cairhien,Unknown,The deceased husband of Maglin. He and his wife were the innkeepers of The Nine Rings in Cairhien.
Primary,Main,LoC,Yes,1,Baris,Baris,Baris,,Baris,N/A,M,Human,Current,Uncertain,N/A,Unassigned,N/A,Altara,Unknown,A lean man in Ebou Dar. He mortally wounded Masic in a duel.
Primary,Main,TFoH,Yes,2,Barit Chavana,Barit Chavana,Barit,Chavana,Barit,N/A,M,Human,Current,Luca's Circus,N/A,Unassigned,N/A,Sea Folk,Unknown,"An acrobat in Luca’s circus, one of four men said to be brothers, although the four looked very different."
Primary,Main,TGS,Yes,2,"Barlden, Mayor",Mayor Barlden,Barlden,,Barlden,N/A,M,Human,Current,Mayor,N/A,Unassigned,N/A,Murandy,Unknown,"The mayor of Hinderstap. He was sturdy, with dark hair and a beard."
Primary,Main,ToM,Yes,1,"Barlett, Child",Child Barlett,Barlett,,Barlett,N/A,M,Human,Current,Whitecloak,N/A,Unassigned,N/A,Unknown,Unknown,The leader of the Whitecloak scouts with Galad after Galad became Lord Captain Commander.
Primary,Main,KoD,Yes,1,Barmanes Nolaisen,Barmanes Nolaisen,Barmanes,Nolaisen,Barmanes,N/A,M,Human,Current,Cha Faile,N/A,Unassigned,N/A,Cairhien,Unknown,A Cairhienin member of Cha Faile. Camaille was his sister. He accompanied Perrin to Almizar.
Primary,Main,WH,Yes,1,Barmellin,Barmellin,Barmellin,,Barmellin,N/A,M,Human,Current,Uncertain,N/A,Unassigned,N/A,Cairhien,Unknown,"A man near Tremonsien, Cairhien. He was on his way to deliver brandy to The Nine Rings."
Primary,Main,ACoS,Yes,1,Baroc,Baroc,Baroc,,Baroc,N/A,M,Human,Current,Master of Blades,N/A,Unassigned,N/A,Sea Folk,Unknown,The Master of Blades of Atha’an Miere when Nesta din Reas was Mistress of the Ships.
Primary,Main,ToM,Yes,1,Barriga,Barriga,Barriga,,Barriga,N/A,M,Human,Current,Merchant,N/A,Unassigned,N/A,Borderlands,Unknown,A Borderlander merchant who brought a caravan to Heeth Tower.
Primary,Main,AMoL,Yes,1,Barrin,Barrin,Barrin,,Barrin,N/A,M,Human,Current,Deathwatch Guard,N/A,Unassigned,N/A,Seanchan,Unknown,A member of the Deathwatch Guard.
Primary,Main,TGH,Yes,2,Barthanes Damodred,Barthanes Damodred,Barthanes,Damodred,Barthanes,N/A,M,Human,Current,Cairhienin Noble,N/A,Yes,N/A,Cairhien,Unknown,A Cairhienin nobleman and a Darkfriend. He became High Seat of his House upon the death of Laman.
Primary,Main,TEotW,Yes,1,Bartim,Bartim,Bartim,,Bartim,N/A,M,Human,Current,Innkeeper,N/A,Unassigned,N/A,Andor,Unknown,"The innkeeper at The Wayfarer’s Rest in Whitebridge, Andor. He was fat and balding."
Primary,Main,LoC,No,0,Bartol,Bartol,Bartol,,Bartol,N/A,M,Human,Current,Warder,N/A,Unassigned,N/A,Unknown,Unknown,Warder to Erian. He was left in Cairhien when Erian went with Cadsuane to find Rand.
Primary,Main,TFoH,Yes,1,Bartu,Bartu,Bartu,,Bartu,N/A,M,Human,Current,Soldier,N/A,Unassigned,N/A,Shienar,Unknown,A Shienaran soldier who came to follow and believe in Masema.
Primary,Main,LoC,No,0,Basan,Basan,Basan,,Basan,N/A,M,Human,Historic,Warder,N/A,Unassigned,N/A,Unknown,Unknown,"Merana’s Warder. He died before the Aiel War, and she never bonded another."
Primary,Main,TEotW,Yes,23,Basel Gill,Basel Gill,Basel,Gill,Gill,N/A,M,Human,Current,Innkeeper,N/A,Unassigned,N/A,Andor,Unknown,"The innkeeper of The Queen’s Blessing in Caemlyn. Called ""Basel Gill"", ""Basel"", ""Gill"", and ""Master Gill""."
Alias,Main,LoC,N/A,N/A,"Basene, Lady",Lady Basene,Basene,,Basene,Graendal,N/A,N/A,N/A,N/A,N/A,N/A,N/A,N/A,N/A,An alias of Graendal.
Primary,NS,NS,Yes,1,Basram,Basram,Basram,,Basram,N/A,M,Human,Current,Soldier,N/A,Unassigned,N/A,Arad Doman,Unknown,"A Domani soldier with Lan at the end of the Aiel War. He fell asleep on guard duty, and Lan woke him up."
Primary,Main,WH,Yes,2,Bassane Maliandred,Bassane Maliandred,Bassane,Maliandred,Bassane,N/A,M,Human,Current,Warder,N/A,Unassigned,N/A,Cairhien,Unknown,"One of Merise’s Warders. He was Cairhienin, 5'8"" tall, with dark hair and eyes and a sun-dark face."
Primary,Main,TGS,Yes,2,Bavin Rockshaw,Bavin Rockshaw,Bavin,Rockshaw,Bavin,N/A,M,Human,Current,Quartermaster,N/A,Unassigned,N/A,Cairhien,Unknown,Perrin’s Cairhienin quartermaster. He had blond hairs speckled through his graying brown and a pale face.
Primary,Main,TEotW,Yes,40,Bayle Domon,Bayle Domon,Bayle,Domon,Domon,N/A,M,Human,Current,Ship Captain,N/A,Unassigned,N/A,Illian,Unknown,"The captain and owner of the Spray. He is called ""Bayle"", ""Domon"", ""Captain Domon"", and ""Master Domon""."
Primary,Main,AMoL,Yes,2,Bayrd,Bayrd,Bayrd,,Bayrd,N/A,M,Human,Current,Soldier,N/A,Unassigned,N/A,Andor,Unknown,An Andoran soldier in Jarid Sarand’s service as one of his personal guardsmen.
Primary,Main,TDR,Yes,2,Be'lal,Be'lal,Be'lal,,Be'lal,N/A,M,Human,Current,Forsaken,N/A,Yes,"""++4""",Unknown,Unknown,A Forsaken known as the Envious and the Netweaver. His name in the AoL was Duram Laddel Cham.
Primary,Main,TSR,No,0,Beidomon,Beidomon,Beidomon,,Beidomon,N/A,M,Human,AoL,Scientist,N/A,Unassigned,N/A,Unknown,Unknown,A male Aes Sedai and scientific genius from the Age of Legends. He was involved with the drilling of the Bore.
Primary,Main,LoC,No,0,Beira,Beira,Beira,,Beira,N/A,F,Human,Current,Gai'shain,N/A,Unassigned,N/A,Aiel,Unknown,An Aiel woman held gai’shain by Bair who refused to put off the white at the end of her term of service.
Primary,Main,TEotW,Yes,39,Bela,Bela,Bela,,Bela,N/A,F,Horse,Current,Horse,N/A,Unassigned,N/A,Andor,Unknown,A shaggy brown mare that originally belonged to Tam and Rand al’Thor.
Primary,Main,ToM,No,0,"Belairah, Queen",Queen Belairah,Belairah,,Belairah,N/A,F,Human,Historic,Queen,N/A,Unassigned,N/A,Saldaea,Unknown,A former queen of Saldaea who married and put her husband away four times.
Primary,Main,CoT,Yes,1,"Beldair, Mistress",Mistress Beldair,Mistress,Beldair,Mistress Beldair,N/A,F,Human,Current,Cook,N/A,Unassigned,N/A,Cairhien,Unknown,The head cook at the Sun Palace in Cairhien. She was on duty when Loial and Karldin arrived there.
Primary,Main,TDR,Yes,11,Beldeine Nyram,Beldeine Nyram,Beldeine,Nyram,Beldeine,N/A,F,Human,Current,Aes Sedai,Green,No,16(4),Saldaea,966 NE,"A Saldaean Aes Sedai of the Green Ajah and the loyalist contingent, with a strength level of 16(4)."
Primary,Main,LoC,Yes,1,Beldemaine,Beldemaine,Beldemaine,,Beldemaine,N/A,F,Human,Current,Aes Sedai,Yellow,No,25(13),Arafel,Unknown,"An Arafellin Aes Sedai of the Yellow Ajah and the rebel contingent, with a strength level of 25(13)."
Primary,Main,TGH,Yes,2,Belevaere Osiellin,Belevaere Osiellin,Belevaere,Osiellin,Belevaere,N/A,F,Human,Current,Cairhienin Noble,N/A,Unassigned,N/A,Cairhien,Unknown,"A Cairhienin noblewoman, ten years older than Rand. Her clothing’s stripes reached below her breasts."
Primary,Main,ACoS,Yes,4,Belinde,Belinde,Belinde,,Belinde,N/A,F,Human,Current,Wise One,N/A,Unassigned,18(6),Aiel,Unknown,A Wise One of the Shaido Aiel with the ability to channel and a strength level of 18(6).
Primary,Main,ACoS,No,0,Belvyn,Belvyn,Belvyn,,Belvyn,N/A,M,Human,Current,Band of the Red Hand,N/A,Unassigned,N/A,Unknown,Unknown,A Redarm in the Band of the Red Hand. He was killed when Moghedien balefired the boat.
Primary,Main,ACoS,Yes,2,Bendhuin,Bendhuin,Bendhuin,,Bendhuin,N/A,M,Human,Current,Aiel Sept Chief,N/A,Unassigned,N/A,Aiel,Unknown,A scarred Shaido Aiel who was the leader of Far Aldazar Din and the chief of the Green Salts sept.
Primary,Main,AMoL,Yes,1,Benish,Benish,Benish,,Benish,N/A,M,Human,Current,Soldier,N/A,Unassigned,N/A,Tarabon,Unknown,A soldier in Lan’s army in the Last Battle. He wore a Taraboner veil with a hadori above it.
Primary,Main,LoC,Yes,2,Benji Dalfor,Benji Dalfor,Benji,Dalfor,Benji,N/A,M,Human,Current,Youngling,N/A,Unassigned,N/A,Unknown,Unknown,A Youngling killed by Shaido; he was the first to die at Dumai’s Wells.
Primary,Main,TPoD,No,0,Benly Coplin,Benly Coplin,Benly,Coplin,Benly,N/A,M,Human,Current,Uncertain,N/A,Unassigned,N/A,Andor,Unknown,A Two Rivers man who starved himself to death because he thought someone was trying to poison him.
Primary,Main,TDR,Yes,2,Bennae Nalsad,Bennae Nalsad,Bennae,Nalsad,Bennae,N/A,F,Human,Current,Aes Sedai,Brown,No,37(25),Shienar,Unknown,"A Shienaran Aes Sedai of the Brown Ajah and the loyalist contingent, with a strength level of 37(25)."
Primary,Main,TFoH,Yes,15,Beonin Marinye,Beonin Marinye,Beonin,Marinye,Beonin,N/A,F,Human,Current,Aes Sedai,Gray,No,16(4),Tarabon,936 NE,"A Taraboner Aes Sedai of the Gray Ajah and apparently of the rebel contingent, with a strength level of 16(4)."
Primary,Main,TFoH,Yes,13,Bera Harkin,Bera Harkin,Bera,Harkin,Bera,N/A,F,Human,Current,Aes Sedai,Green,No,14(2),Andor,938 NE,"An Andoran Aes Sedai of the Green Ajah and the rebel contingent, with a strength level of 14(2)."
Primary,Main,ToM,Yes,5,Berab Golever,Berab Golever,Berab,Golever,Golever,N/A,M,Human,Current,Whitecloak,N/A,Unassigned,N/A,Unknown,Unknown,"A lanky, bearded Lord Captain of the Children of the Light."
Primary,Main,LoC,Yes,2,Beralna,Beralna,Beralna,,Beralna,N/A,F,Human,Current,Maiden of the Spear,N/A,Unassigned,N/A,Aiel,Unknown,A Maiden of the Spear who stood guard for Rand in Caemlyn.
Primary,Main,TPoD,Yes,4,Berana Shemon,Berana Shemon,Berana,Shemon,Berana,N/A,F,Human,Current,Aes Sedai,White,No,28(16),Shienar,930 NE,"A Shienaran Aes Sedai of the White Ajah and the rebel contingent, with a strength level of 28(16)."
Primary,Main,TGS,Yes,1,Berden,Berden,Berden,,Berden,N/A,M,Human,Current,Youngling,N/A,Unassigned,N/A,Tear,Unknown,A Tairen Youngling officer who stood guard for the Aes Sedai in Dorlan.
Primary,Main,TDR,Yes,41,Berelain sur Paendrag Paeron,Berelain sur Paendrag Paeron,Berelain,sur Paendrag Paeron,Berelain,N/A,F,Human,Current,Queen,N/A,Unassigned,N/A,Mayene,974 NE,"The First of Mayene. Berelain was beautiful and young, with black hair falling in waves to her shoulders."
Primary,Main,LoC,Yes,2,Berenicia Morsad,Berenicia Morsad,Berenicia,Morsad,Berenicia,N/A,F,Human,Current,Aes Sedai,Yellow,No,19(7),Shienar,838 NE,"A Shienaran Aes Sedai of the Yellow Ajah and the rebel contingent, with a strength level of 19(7)."
Primary,Main,TFoH,No,0,"Berewin, Lady",Lady Berewin,Berewin,,Lady Berewin,N/A,F,Human,Current,Cairhienin Noble,N/A,Unassigned,N/A,Cairhien,Unknown,A lesser Cairhienin noblewoman whom Aviendha intercepted trying to enter Rand’s bedchamber.
Primary,Main,ToM,Yes,1,Berg,Berg,Berg,,Berg,N/A,M,Human,Current,Bouncer,N/A,Unassigned,N/A,Andor,Unknown,The ugly bouncer at The Seven-Striped Lass in Caemlyn.
Primary,Main,ToM,No,0,Bergevin,Bergevin,Bergevin,,Bergevin,N/A,M,Human,Current,Quartermaster,N/A,Unassigned,N/A,Unknown,Unknown,A quartermaster of the Band of the Red Hand from whom Olver stole a knife.
Primary,Main,TEotW,No,0,Berin,Berin,Berin,,Berin,N/A,M,Human,Unknown,Song Character,N/A,Unassigned,N/A,Unknown,Unknown,A character featured in the song “Berin’s Retreat.”
Primary,Main,TEotW,Yes,1,Berin Thane,Berin Thane,Berin,Thane,Berin,N/A,M,Human,Current,Uncertain,N/A,Unassigned,N/A,Andor,Unknown,One of the miller’s brothers from Emond’s Field. His house was burned by the Trollocs on Winternight.
Primary,Main,ACoS,Yes,3,Berisha Terakuni,Berisha Terakuni,Berisha,Terakuni,Berisha,N/A,F,Human,Current,Aes Sedai,Grey,Maybe,Unknown,Arafel,Unknown,An Arafellin Aes Sedai of the Gray Ajah and the loyalist contingent.
Primary,Main,TPoD,Yes,1,Bernaile Gelbarn,Bernaile Gelbarn,Bernaile,Gelbarn,Bernaile,N/A,F,Human,Current,Aes Sedai,White,No,16(4),Tarabon,919 NE,"A Taraboner Aes Sedai of the White Ajah and the rebel contingent, with a strength level of 16(4)."
Primary,Main,ToM,Yes,1,Bernherd,Bernherd,Bernherd,,Bernherd,N/A,M,Human,Current,Tavernkeeper,N/A,Unassigned,N/A,Tear,Unknown,The proprietor of The Dead Man’s Breath in Caemlyn. He was a greasy-haired Tairen.
Primary,Main,TFoH,No,0,Beron Goraed,Beron Goraed,Beron,Goraed,Beron,N/A,M,Human,Current,Merchant,N/A,Unassigned,N/A,Ghealdan,Unknown,A wealthy Ghealdan merchant dragged from his bed to marry Queen Teresia and so disqualify her for the throne.
Primary,Main,ACoS,Yes,3,Berowin Doraisin,Berowin Doraisin,Berowin,Doraisin,Berowin,N/A,F,Human,Current,Kinswoman,N/A,Unassigned,42(30),Cairhien,758 NE,A Cairhienin Kinswoman who became a Wise Woman in Ebou Dar. Her strength level was 42(30).
Primary,Main,TEotW,No,0,Berowyn al'Vere,Berowyn al'Vere,Berowyn,al'Vere,Berowyn,N/A,F,Human,Current,Uncertain,N/A,Unassigned,N/A,Andor,965 NE,Egwene’s eldest sister. She was considered to be the prettiest of Marin al’Vere’s daughters.
Primary,Main,ACoS,Yes,21,Bertain Gallenne,Bertain Gallenne,Bertain,Gallenne,Gallenne,N/A,M,Human,Current,Soldier,N/A,Unassigned,N/A,Mayene,Unknown,"The Lord Captain of the Mayener Winged Guards. He had gray hair, worn shoulder-length."
Primary,Main,TPoD,Yes,5,Bertome Saighan,Bertome Saighan,Bertome,Saighan,Bertome,N/A,M,Human,Current,Cairhienin Noble,N/A,Unassigned,N/A,Cairhien,Unknown,A Cairhienin nobleman who was Colavaere’s cousin. He wore stripes down his coat to below his waist.
Primary,World,World,No,0,Beryl Marle,Beryl Marle,Beryl,Marle,Beryl,N/A,F,Human,Historic,Aes Sedai,White,No,Unknown,Unknown,Unknown,An Aes Sedai of the White Ajah who served as Amyrlin from 520 to 533 NE. Beryl was a weak Amyrlin.
Primary,Main,TFoH,Yes,1,Berylla Naron,Berylla Naron,Berylla,Naron,Berylla,N/A,F,Human,Current,Aes Sedai,Blue,Yes,27(15),Illian,933 NE,An Illianer Aes Sedai of the Blue Ajah in public and of the Black Ajah in truth. Her strength level was 27(15).
Primary,Main,LoC,Yes,13,Beslan Mitsobar,Beslan Mitsobar,Beslan,Mitsobar,Beslan,N/A,M,Human,Current,Altaran Noble,N/A,Unassigned,N/A,Altara,Unknown,"The son of Queen Tylin of Altara. He was 5'10"" tall, and slender, with large liquid dark eyes."
Primary,Main,TSR,Yes,13,Bethamin Zeami,Bethamin Zeami,Bethamin,Zeami,Bethamin,N/A,F,Human,Current,Sul'dam,N/A,Unassigned,Unknown,Seanchan,Unknown,"A Seanchan sul’dam. She was about 5'7"" tall, with dark, wavy hair, and a very dark complexion."
Title,Main,TEotW,N/A,N/A,Betrayer of Hope,Betrayer of Hope,Betrayer of Hope,,Betrayer of Hope,Ishamael,N/A,N/A,N/A,N/A,N/A,N/A,N/A,N/A,N/A,"The meaning of “Ishamael"". Also what he is sometimes called."
Primary,Main,LoC,Yes,1,Betse Silvin,Betse Silvin,Betse,Silvin,Betse,N/A,F,Human,Current,Serving Girl,N/A,Unassigned,N/A,Cairhien,Unknown,"A serving girl at the Golden Stag, in Maerone, Cairhien. She was short, pretty and slim, with dark curls."
Primary,Main,LoC,Yes,2,Bharatine,Bharatine,Bharatine,,Bharatine,N/A,F,Human,Current,Aes Sedai,Green,No,33(21),Unknown,921 NE,"An Aes Sedai of the Green Ajah and the rebel contingent, with a strength level of 33(21)."
Primary,Main,TSR,No,0,Bili,Bili,Bili,,Bili,N/A,M,Human,Unknown,Story Character,N/A,Unassigned,N/A,Unknown,Unknown,"Character from a children’s tale, Bili Under the Hill."
Primary,Main,KoD,Yes,1,Bili Adarra,Bili Adarra,Bili,Adarra,Bili,N/A,M,Human,Current,Soldier,N/A,Unassigned,N/A,Andor,Unknown,"A young Two Rivers man. He was a distant cousin of Perrin, and was almost as wide as Perrin but shorter."
Primary,Main,TSR,Yes,2,Bili al'Dai,Bili al'Dai,Bili,al'Dai,Bili,N/A,M,Human,Current,Uncertain,N/A,Unassigned,N/A,Andor,Unknown,"A Two Rivers man, the son of Hu. He joined Perrin’s band and was killed by Trollocs."
Primary,Main,TEotW,Yes,5,Bili Congar,Bili Congar,Bili,Congar,Bili,N/A,M,Human,Current,Uncertain,N/A,Unassigned,N/A,Andor,Unknown,An Emond’s Field man who liked his drink.
Primary,NS,NS,No,0,Bili Mandair,Bili Mandair,Bili,Mandair,Bili,N/A,M,Human,Current,Uncertain,N/A,Unassigned,N/A,Unknown,978 NE,A boy born near Dragonmount on the day Gitara had her Foretelling that the Dragon was reborn.
Primary,Main,TGH,Yes,3,Bili Sidoro,Bili Sidoro,Bili,Sidoro,Bili,N/A,M,Human,Current,Bouncer,N/A,Unassigned,N/A,Illian,Unknown,"The bouncer at Easing the Badger in Illian. The nephew of the owner, Nieda Sidoro, he was big."
Primary,Main,AMoL,Yes,1,Binde,Binde,Binde,,Binde,N/A,M,Human,Current,Asha'man,N/A,Unassigned,Unknown,Unknown,Unknown,An Asha’man with Ituralde in the Last Battle. His madness made him think an enemy was trying to take his hands.
Primary,World,World,No,0,Biranca Hasad,Biranca Hasad,Biranca,Hasad,Biranca,N/A,F,Human,Historic,Aes Sedai,Unknown,No,Unknown,Unknown,Unknown,An Aes Sedai who lived at the time of the formation of the White Tower.
Primary,Main,TGH,Yes,75,Birgitte Silverbow,Birgitte Silverbow,Birgitte,Silverbow,Birgitte,N/A,F,Human,Current,Hero of the Horn,N/A,Unassigned,N/A,Unknown,Unknown,"A Hero of the Horn. Over many lives she wore many names, among them Teadra, Maerion, Joana and Jethari."
Alias,Main,WH,N/A,N/A,"Birgitte Trahelion, Lady",Lady Birgitte Trahelion,Birgitte,Trahelion,Birgitte,Birgitte Silverbow,N/A,N/A,N/A,N/A,N/A,N/A,N/A,N/A,N/A,"Another name for Birgitte Silverbow, given to her by Elayne."
Primary,Main,TGS,No,0,Birlen Pena,Birlen Pena,Birlen,Pena,Birlen,N/A,F,Human,Current,Aes Sedai,Unknown,Yes,Unknown,Unknown,Unknown,An Aes Sedai revealed as Black Ajah in Verin’s notebook.
Primary,Main,ACoS,Yes,12,Blaeric Negina,Blaeric Negina,Blaeric,Negina,Blaeric,N/A,M,Human,Current,Warder,N/A,Unassigned,N/A,Shienar,Unknown,"One of Joline’s Warders. Blaeric was Shienaran, with a fair complexion, blue eyes and dark brown hair."
Primary,Main,TEotW,Yes,1,Blaes of Matuchin,Blaes of Matuchin,Blaes,,Blaes,N/A,F,Human,Current,Hero of the Horn,N/A,Unassigned,N/A,Unknown,Unknown,"A Hero of the Horn. She was golden-haired, strong, lithe and beautiful."
Primary,Main,KoD,Yes,1,Blasic Faloun,Blasic Faloun,Blasic,Faloun,Faloun,N/A,M,Human,Current,Soldier,N/A,Unassigned,N/A,Seanchan,Unknown,Seanchan captain in Almizar in charge of raken. He was graying and lean-faced.
Primary,Main,KoD,Yes,1,Bloodlance,Bloodlance,Bloodlance,,Bloodlance,N/A,U,Horse,Current,Horse,N/A,Unassigned,N/A,Unknown,Unknown,"A tall bay horse owned by Harril, Pritalle’s Warder."
Primary,Main,TDR,No,0,Boanne,Boanne,Boanne,,Boanne,N/A,F,Human,Future,Songmistress,N/A,Unassigned,N/A,Unknown,Unknown,A woman who was Songmistress at Taralan in the Fourth Age.
Primary,Main,TEotW,Yes,9,Bodewhin Cauthon,Bodewhin Cauthon,Bodewhin,Cauthon,Bode,N/A,F,Human,Current,Novice,N/A,Unassigned,9(+4),Andor,983 NE,"Mat’s sister, and a novice with the rebel Aes Sedai, having been recruited by Verin and Alanna."
Primary,Main,KoD,Yes,1,Bollin,Bollin,Bollin,,Bollin,N/A,M,Human,Current,Horse Handler,N/A,Unassigned,N/A,Unknown,Unknown,One of the horse handlers in Luca’s show. He was big and squint-eyed.
Primary,Main,TGH,No,0,Bonwhin Meraighdin,Bonwhin Meraighdin,Bonwhin,Meraighdin,Bonwhin,N/A,F,Human,Historic,Aes Sedai,Red,No,Unknown,Unknown,FY 738,An Aes Sedai of the Red Ajah. She was born in FY 738 and was raised Amyrlin circa FY 939.
Primary,Main,TPoD,Yes,1,Boreane Carivin,Boreane Carivin,Boreane,Carivin,Boreane,N/A,F,Human,Current,Servant,N/A,Unassigned,N/A,Cairhien,Unknown,A Cairhienin head servant with Rand’s army preparing to attack the Seanchan.
Alias,Main,TGH,N/A,N/A,Bors,Bors,Bors,,Bors,Jaichim Carridin,N/A,N/A,N/A,N/A,N/A,N/A,N/A,N/A,N/A,An alias used by Jaichim Carridin.
Alias,Main,ToM,N/A,N/A,Boundless,Boundless,Boundless,,Boundless,Noam,N/A,N/A,N/A,N/A,N/A,N/A,N/A,N/A,N/A,Boundless was Noam’s wolf persona.
Primary,Main,ToM,Yes,2,Brandel Vordarian,Brandel Vordarian,Brandel,Vordarian,Vordarian,N/A,M,Human,Current,Whitecloak,N/A,Unassigned,N/A,Andor,Unknown,"A Lord Captain of the Children of the Light. He came from a minor noble family in Andor, and was a hulking man."
Primary,Main,TEotW,Yes,14,Brandelwyn al'Vere,Brandelwyn al'Vere,Brandelwyn,al'Vere,Bran,N/A,M,Human,Current,Mayor,N/A,Unassigned,N/A,Andor,937 NE,The Mayor of Emond’s Field and the innkeeper at The Winespring Inn.
Primary,Main,CoT,Yes,5,Branlet Gilyard,Branlet Gilyard,Branlet,Gilyard,Branlet,N/A,M,Human,Current,Andoran Noble,N/A,Unassigned,N/A,Andor,987 NE,A young Andoran who was High Seat of House Gilyard and loyal to Elayne.
Primary,Main,KoD,Yes,2,Brannin Martan,Brannin Martan,Brannin,Martan,Brannin,N/A,M,Human,Current,Andoran Noble,N/A,Unassigned,N/A,Andor,Unknown,A gray-haired Andoran High Seat of House Martan. His wife was Elvaine.
Primary,Main,TGH,Yes,14,Breane Taborwin,Breane Taborwin,Breane,Taborwin,Breane,N/A,F,Human,Current,Cairhienin Noble,N/A,Unassigned,N/A,Cairhien,956 NE,"A Cairhienin noblewoman. She was the widow of Dobraine’s brother. Born in 956 NE, she was 5'4"" tall, and pretty."
Primary,Main,KoD,No,0,"Brelan, Lord",Lord Brelan,Lord,Brelan,Lord Brelan,N/A,M,Human,Unknown,Song Character,N/A,Unassigned,N/A,Unknown,Unknown,A lord in a song sung at The White Ring in Maderin; he had an evening with a randy young woman.
Primary,Main,ACoS,Yes,1,Bren,Bren,Bren,,Bren,N/A,M,Human,Current,Servant,N/A,Unassigned,N/A,Altara,Unknown,A stout servant in the Tarasin Palace. Mat was handed over to him when he visited the Tarasin Palace.
Alias,Main,TDR,N/A,N/A,"Brend, Lord",Lord Brend,Lord,Brend,Brend,Sammael,N/A,N/A,N/A,N/A,N/A,N/A,N/A,N/A,N/A,Sammael’s alias in Illian.
Primary,Main,TDR,Yes,4,Brendas,Brendas,Brendas,,Brendas,N/A,F,Human,Current,Aes Sedai,White,No,16(4),Unknown,946 NE,"An Aes Sedai of the White Ajah and the rebel contingent, with a strength level of 16(4)."
Primary,Main,TEotW,No,0,Breyan ti Malcain Mandragoran,Breyan ti Malcain Mandragoran,Breyan,ti Malcain Mandragoran,Breyan,N/A,F,Human,Historic,Malkieri Noble,N/A,Unassigned,N/A,Malkier,Unknown,The wife of Lan’s uncle Lain Mandragoran and the mother of Isam Mandragoran.
Primary,Main,WH,Yes,1,Briain,Briain,Briain,,Briain,N/A,F,Human,Current,Maiden of the Spear,N/A,Unassigned,N/A,Aiel,Unknown,A young Maiden of the Spear who traveled with Perrin to Ghealdan. She was round-faced.
Title,Main,AMoL,N/A,N/A,Bringer of Gales,Bringer of Gales,Bringer of Gales,,Bringer of Gales,Dark One,N/A,N/A,N/A,N/A,N/A,N/A,N/A,N/A,N/A,Another name for the Dark One.
Primary,Main,AMoL,No,0,Brokel,Brokel,Brokel,,Brokel,N/A,M,Human,Current,Whitecloak,N/A,Unassigned,N/A,Unknown,Unknown,A member of the Children of the Light.
Title,Main,ToM,N/A,N/A,Broken Champion,Broken Champion,Broken Champion,,Broken Champion,Rand al'Thor,N/A,N/A,N/A,N/A,N/A,N/A,N/A,N/A,N/A,A name for Rand in the Prophecies of Shadow.
Title,Main,ToM,N/A,N/A,Broken Wolf,Broken Wolf,Broken Wolf,,Broken Wolf,Hopper,N/A,N/A,N/A,N/A,N/A,N/A,N/A,N/A,N/A,Name for Hopper in the Prophecies of Shadow.
Primary,Main,ToM,Yes,1,Bromas,Bromas,Bromas,,Bromas,N/A,F,Human,Current,Innkeeper,N/A,Unassigned,N/A,Andor,Unknown,The innkeeper at The Two Apples in Caemlyn. She was stately and dark-haired.
Primary,Main,TSR,Yes,4,Bruan,Bruan,Bruan,,Bruan,N/A,M,Human,Current,Aiel Clan Chief,N/A,Unassigned,N/A,Aiel,Unknown,A man of the Salt Flat sept of the Nakai Aiel; the clan chief. His hold was Shiagi Hold.
Primary,Main,TFoH,Yes,4,Brugh Chavana,Brugh Chavana,Brugh,Chavana,Brugh,N/A,M,Human,Current,Luca's Circus,N/A,Unassigned,N/A,Unknown,Unknown,"An acrobat in Luca’s circus, one of four men said to be brothers, although the four looked very different."
Primary,Main,TEotW,No,0,"Brune, Mother",Mother Brune,Mother,Brune,Mother Brune,N/A,F,Human,Current,Healer,N/A,Unassigned,N/A,Andor,Unknown,A healer in a village between Market Sheran and Carysford in Andor.
Primary,Main,AMoL,Yes,1,Brynt,Brynt,Brynt,,Brynt,N/A,M,Human,Current,Band of the Red Hand,N/A,Unassigned,N/A,Unknown,Unknown,A member of the Band of the Red Hand who fought in Caemlyn when the Trollocs invaded.
Primary,Main,TPoD,Yes,3,Brys Noramaga,Brys Noramaga,Brys,Noramaga,Brys,N/A,M,Human,Current,Kandori Noble,N/A,Unassigned,N/A,Kandor,940 NE,The husband of Queen Ethenielle of Kandor. He was born in 940 NE and married Ethenielle in 963 NE.
Primary,Main,TSR,No,0,"Brys, Lord",Lord Brys,Brys,,Lord Brys,N/A,M,Human,Current,Taraboner Noble,N/A,Unassigned,N/A,Tarabon,Unknown,A Lord in Tarabon whose servant drank too much and gave information to Florin Gelb.
Primary,Main,TEotW,Yes,1,Buad of Albhain,Buad of Albhain,Buad,,Buad,N/A,F,Human,Current,Hero of the Horn,N/A,Unassigned,N/A,Unknown,Unknown,A Hero of the Horn who looked as regal as any queen.
Primary,Main,TSR,Yes,2,Buel Dowtry,Buel Dowtry,Buel,Dowtry,Buel,N/A,M,Human,Current,Fletcher,N/A,Unassigned,N/A,Andor,Unknown,A fletcher in Emond’s Field. His hair was white and his nose almost as sharp as a broadhead point.
Primary,Main,TSR,No,0,"Buiryn, King",King Buiryn,Buiryn,,Buiryn,N/A,M,Human,Historic,King,N/A,Unassigned,N/A,Manetheren,Unknown,"A king of Manetheren before the Trolloc Wars, whose forces were defeated by Aedomon."
Primary,Main,NS,Yes,9,Bukama Marenellin,Bukama Marenellin,Bukama,Marenellin,Bukama,N/A,M,Human,Current,Soldier,N/A,Unassigned,N/A,Malkier,Unknown,A Malkieri man who was the Hero of Salmarna.
Primary,WoTC,WoTC,No,0,Bukava,Bukava,Bukava,,Bukava,N/A,M,Ogier,Current,Seanchan Gardener,N/A,Unassigned,N/A,Seanchan,Unknown,"Father of Hartha, an Ogier and a Seanchan Gardener."
Primary,Main,NS,Yes,8,Bulen,Bulen,Bulen,,Bulen,N/A,M,Human,Current,Servant,N/A,Unassigned,N/A,Kandor,Unknown,A man in Aesdaishar Palace who served Lan.
Primary,Main,LoC,No,0,"Burdin, Master",Master Burdin,Master,Burdin,Master Burdin,N/A,M,Human,Current,Band of the Red Hand,N/A,Unassigned,N/A,Unknown,Unknown,A wagonmaster with the Band of the Red Hand. He took care of Olver.
Primary,Main,LoC,Yes,3,Burin Shaeren,Burin Shaeren,Burin,Shaeren,Burin,N/A,M,Human,Current,Wader,N/A,Unassigned,N/A,Arad Doman,Unknown,Lelaine’s Domani Warder. He was copper-skinned and looked like an uprooted stump.
Primary,Main,TEotW,Yes,1,Burn,Burn,Burn,,Burn,N/A,M,Wolf,Current,Wolf,N/A,Unassigned,N/A,Caralain Grass,Unknown,"A male wolf with an old Trolloc scar on his shoulder. He was impatient, angry and big."
Primary,Main,TEotW,No,0,Caar al Thorin al Toren,Caar al Thorin al Toren,Caar,al Thorin al Toren,Caar,N/A,M,Human,Historic,Manetheren Noble,N/A,Unassigned,N/A,Manetheren,Unknown,"King Aemon of Manetheren’s father, also known as Caar One-Hand."
Alias,Main,TEotW,N/A,N/A,Caar One-Hand,Caar One-Hand,Caar,One-Hand,Caar,Caar al Thorin al Toren,N/A,N/A,N/A,N/A,N/A,N/A,N/A,N/A,N/A,Another name for Caar al Thorin al Toren.
Primary,Main,TGH,Yes,1,Caban,Caban,Caban,,Caban,N/A,M,Human,Current,Soldier,N/A,Unassigned,N/A,Seanchan,Unknown,A Seanchan soldier serving on Captain Egeanin’s vessel before the battle at Falme.
Primary,Main,LoC,Yes,2,Cabriana Mecandes,Cabriana Mecandes,Cabriana,Mecandes,Cabriana,N/A,F,Human,Current,Aes Sedai,Blue,No,34(22),Tear,911 NE,A Tairen Aes Sedai of the Blue Ajah with a strength level of 34(22). She was killed by Semirhage.
Alias,Main,ACoS,N/A,N/A,Caddar,Caddar,Caddar,,Caddar,Sammael,N/A,N/A,N/A,N/A,N/A,N/A,N/A,N/A,N/A,An alias of Sammael when he met with Sevanna and the Shaido Wise Ones.
Primary,Main,ACoS,Yes,49,Cadsuane Melaidhrin,Cadsuane Melaidhrin,Cadsuane,Melaidhrin,Cadsuane,N/A,F,Human,Current,Aes Sedai,Green,No,5(+8),Far Madding,705 NE,"An Aes Sedai of the Green Ajah, uncommitted to any contingent. Her strength level was 5(+8)."
Primary,Main,KoD,Yes,1,Caiden,Caiden,Caiden,,Caiden,N/A,F,Human,Current,Kinswoman,N/A,Unassigned,Unknown,Arad Doman,Unknown,A plumply pretty Domani Kinswoman who helped make a gateway for Elayne in Caemlyn.
Primary,Main,TFoH,Yes,1,Cail,Cail,Cail,,Cail,N/A,M,Human,Current,Lensmaker,N/A,Unassigned,N/A,Cairhien,Unknown,One of Kin Tovere’s apprentice lensmakers in Cairhien.
Primary,Main,ACoS,Yes,5,Caira,Caira,Caira,,Caira,N/A,F,Human,Current,Serving Girl,N/A,Unassigned,N/A,Altara,Unknown,"A serving girl who worked in The Wandering Woman in Ebou Dar. She was slim, with smoky eyes and full lips."
Primary,Main,ACoS,Yes,1,Cairdin,Cairdin,Cairdin,,Cairdin,N/A,M,Human,Current,Aiel Warrior,N/A,Unassigned,N/A,Aiel,Unknown,An Aiel of the Moshaine sept of the Shaido Aiel and the Brothers of the Eagle warrior society.
Primary,Main,TPoD,Yes,4,Caire din Gelyn Running Wave,Caire din Gelyn Running Wave,Caire,din Gelyn Running Wave,Caire,N/A,F,Human,Current,Windfinder,N/A,Unassigned,17(5),Sea Folk,Unknown,"A Sea Folk Windfinder to Wavemistress Pelanna, with a strength level of 17(5). The mother of Talaan."
Primary,Main,KoD,No,0,"Cairen, Lady",Lady Cairen,Lady,Cairen,Lady Cairen,N/A,F,Human,Current,Altaran Noble,N/A,Unassigned,N/A,Altara,Unknown,A noblewoman who owned a fortress at the north end of Malden prior to the Shaido invasion.
Primary,WoTC,WoTC,No,0,Cairlyn Nesolle,Cairlyn Nesolle,Cairlyn,Nesolle,Cairlyn,N/A,F,Human,Current,Aes Sedai,Yellow,No,22(10),Unknown,936 NE,"An Aes Sedai of the Yellow Ajah and the loyalist contingent, with a strength level of 22(10)."
Alias,Main,KoD,N/A,N/A,Caisen Hob,Caisen Hob,Caisen,Hob,Caisen Hob,Dark One,N/A,N/A,N/A,N/A,N/A,N/A,N/A,N/A,N/A,"The name for Old Hob, or the Dark One, in Shandalle, the place of Artur Hawkwing’s birth."
Primary,NS,NS,No,0,Cal,Cal,Cal,,Cal,N/A,M,Human,Current,Footman,N/A,Unassigned,N/A,Kandor,Unknown,"A footman in Aesdaishar Palace, Chachin, Kandor."
Primary,Main,TEotW,No,0,"Calder, Mistress",Mistress Calder,Mistress,Calder,Mistress Calder,N/A,F,Human,Current,Uncertain,N/A,Unassigned,N/A,Andor,Unknown,A woman in Emond’s Field. Her house survived the Trolloc attack on Winternight.
Primary,Main,LoC,Yes,1,Caldin,Caldin,Caldin,,Caldin,N/A,M,Human,Current,Aiel Warrior,N/A,Unassigned,N/A,Aiel,Unknown,A Goshien Aiel and a member of the Hama N’dore (Mountain Dancer) warrior society.
Primary,Main,ACoS,No,0,Calian the Chooser,Calian the Chooser,Calian,,Calian,N/A,F,Human,Historic,Hero of the Horn,N/A,Unassigned,N/A,Unknown,Unknown,A Hero of the Horn who wore a red mask. She was the sister of Shivan the Hunter.
Primary,Main,LoC,Yes,1,Calindin,Calindin,Calindin,,Calindin,N/A,F,Human,Current,Accepted,N/A,Unassigned,31(19),Tarabon,960 NE,"A Taraboner Accepted among the rebel contingent, with a potential strength level of 31(19)."
Primary,Main,ToM,No,0,Calison,Calison,Calison,,Calison,N/A,M,Human,Current,Queen's Guard,N/A,Unassigned,N/A,Andor,Unknown,A member of the Queen’s Guard. He brought word to Kaila of the Queen’s Guard of an intruder at the Plum Gate.
Primary,Main,TEotW,Yes,1,Calle Coplin,Calle Coplin,Calle,Coplin,Calle,N/A,F,Human,Current,Uncertain,N/A,Unassigned,N/A,Andor,Unknown,A promiscuous woman from Emond’s Field. As many merchant guards knew her birthmark as knew her face.
Primary,Main,ACoS,Yes,1,Callie,Callie,Callie,,Callie,N/A,F,Human,Current,Kinswoman,N/A,Unassigned,Unknown,Unknown,Unknown,A Wise Woman in Ebou Dar. She was put out of the Tower in 995 NE and tried to take a ter’angreal with her.
Primary,Main,TGS,No,0,"Callswell, Lord",Lord Callswell,Lord,Callswell,Lord Callswell,N/A,M,Human,Current,Domani Noble,N/A,Unassigned,N/A,Arad Doman,Unknown,A Domani lord to whom Ramshalan boasted he could manipulate Rand.
Primary,Main,WH,Yes,1,Calwyn Sutoma,Calwyn Sutoma,Calwyn,Sutoma,Sutoma,N/A,M,Human,Current,Bellfounder,N/A,Unassigned,N/A,Altara,Unknown,"An Ebou Dari bellfounder. Cadaverous, with long black hair. Also called ""Master Sutoma""."
Primary,Main,ACoS,Yes,4,Camaille Nolaisen,Camaille Nolaisen,Camaille,Nolaisen,Camaille,N/A,F,Human,Current,Cha Faile,N/A,Unassigned,N/A,Cairhien,Unknown,"A young Cairhienin member of Cha Faile and Barmanes’ sister. She was about 5'2"", with dark eyes and dark hair."
Primary,Main,ACoS,Yes,1,Camar,Camar,Camar,,Camar,N/A,M,Human,Current,Aiel Warrior,N/A,Unassigned,N/A,Aiel,Unknown,"A man of the Bent Peak sept of the Daryne Aiel, and a leader of Seia Doon."
Primary,Main,KoD,Yes,1,Camrin,Camrin,Camrin,,Camrin,N/A,M,Human,Current,Merchant,N/A,Unassigned,N/A,Altara,Unknown,"An Altaran lacquerware merchant who played dice in The White Ring, an inn in Maderin, Altara."
Primary,Main,ToM,Yes,1,"Candeiar, Child",Child Candeiar,Candeiar,,Candeiar,N/A,M,Human,Current,Whitecloak,N/A,Unassigned,N/A,Unknown,Unknown,A member of the Children of the Light who acted as a healer. He tended to Galad’s injuries.
Primary,NS,NS,Yes,3,Caniedrin,Caniedrin,Caniedrin,,Caniedrin,N/A,M,Human,Current,Soldier,N/A,Unassigned,N/A,Kandor,Unknown,A Kandori soldier who was in Lan’s company at the end of the Aiel War.
Primary,Main,TDR,Yes,2,"Canin, Captain",Captain Canin,Captain,Canin,Canin,N/A,M,Human,Current,Ship Captain,N/A,Unassigned,N/A,Unknown,Unknown,"The captain of the Darter on the River Erinin. Egwene, Nynaeve and Elayne boarded his ship in Jurene."
Primary,Main,ACoS,No,0,"Canvele, Lord Captain",Lord Captain Canvele,Canvele,,Canvele,N/A,M,Human,Current,Whitecloak,N/A,Unassigned,N/A,Unknown,Unknown,"A Lord Captain of the Children of the Light. After Niall’s death, he sided with Asunawa."
Title,Main,TSR,N/A,N/A,Car'a'carn,Car'a'carn,Car'a'carn,,Car'a'carn,Rand al'Thor,N/A,N/A,N/A,N/A,N/A,N/A,N/A,N/A,N/A,An Aiel title meaning “chief of chiefs” and used for Rand.
Primary,Main,TFoH,Yes,1,Cara,Cara,Cara,,Cara,N/A,F,Human,Current,Servant,N/A,Unassigned,N/A,Andor,Unknown,An Andoran maid serving Tairen Lady Alteima while Alteima was in Caemlyn.
Primary,Main,ACoS,Yes,1,Carahuin,Carahuin,Carahuin,,Carahuin,N/A,F,Human,Current,Maiden of the Spear,N/A,Unassigned,N/A,Aiel,Unknown,"An Aiel Maiden of the Spear with flaxen hair, sapphire blue eyes and a rough sense of humor."
Primary,Main,LoC,No,0,Caraighan Maconar,Caraighan Maconar,Caraighan,Maconar,Caraighan,N/A,F,Human,Historic,Aes Sedai,Green,No,3(+10),Unknown,212 AB,"An Aes Sedai of the Green Ajah with a strength level of 3(+10), born circa 212 AB. She was legendary."
Primary,Main,TFoH,Yes,1,Caralin,Caralin,Caralin,,Caralin,N/A,F,Human,Current,Estate Manager,N/A,Unassigned,N/A,Andor,Unknown,"Lord Bryne’s estate manager. She was slim, about the same age as Bryne, and had sharp dark eyes."
Primary,Main,LoC,Yes,4,Caraline Damodred,Caraline Damodred,Caraline,Damodred,Caraline,N/A,F,Human,Current,Cairhienin Noble,N/A,Unassigned,N/A,Cairhien,Unknown,"A Cairhienin noblewoman, High Seat of her House and cousin to Moiraine."
Primary,Main,ACoS,Yes,14,Careane Fransi,Careane Fransi,Careane,Fransi,Careane,N/A,F,Human,Current,Aes Sedai,Green,Yes,27(15),Arad Doman,910 NE,A Domani Aes Sedai of the Green Ajah publicly and of the Black Ajah in truth.
Primary,Main,TGH,No,0,"Caredwain, Mother",Mother Caredwain,Mother,Caredwain,Mother Caredwain,N/A,F,Human,Current,Healer,N/A,Unassigned,N/A,Cairhien,Unknown,"A healer in Tremonsien, Cairhien."
Primary,Main,TSR,No,0,Careen,Careen,Careen,,Careen,N/A,F,Human,Current,Maiden of the Spear,N/A,Unassigned,N/A,Aiel,Unknown,An Aiel Maiden of the Spear. She was one of the Maidens guarding Rand in the Stone of Tear.
Primary,Main,TPoD,Yes,7,Carelle,Carelle,Carelle,,Carelle,N/A,F,Human,Current,Wise One,N/A,Unassigned,18(6),Aiel,Unknown,A Wise One of the Daryne Aiel with the ability to channel and a strength level of 18(6).
Primary,NS,NS,Yes,1,Careme Mowly,Careme Mowly,Careme,Mowly,Careme,N/A,F,Human,Current,Uncertain,N/A,Unassigned,N/A,Murandy,Unknown,"The Murandian mother of the girl Ellya, who was identified in a census of newborns."
Primary,WoTC,WoTC,No,0,Caren Endelle,Caren Endelle,Caren,Endelle,Caren,N/A,F,Human,Current,Aes Sedai,Red,No,37(25),Unknown,Unknown,"An Aes Sedai of the Red Ajah and the loyalist contingent, with a strength level of 37(25)."
Primary,Main,LoC,No,0,Carenna,Carenna,Carenna,,Carenna,N/A,F,Human,Current,Aes Sedai,Unknown,No,Unknown,Unknown,Unknown,An Aes Sedai of the rebel contingent.
Primary,NS,NS,No,0,Carewin Damodred,Carewin Damodred,Carewin,Damodred,Carewin,N/A,F,Human,Historic,Queen,N/A,Unassigned,N/A,Cairhien,Unknown,Moiraine’s great-grandmother and a queen of Cairhien.
Primary,Main,KoD,Yes,3,Cariandre Temalien,Cariandre Temalien,Cariandre,Temalien,Cariandre,N/A,F,Human,Current,Aes Sedai,Red,No,35(23),Ghealdan,932 NE,"A Ghealdanin Aes Sedai of the Red Ajah and the loyalist contingent, with a strength level of 35(23)."
Primary,Main,LoC,Yes,1,Carilo,Carilo,Carilo,,Carilo,N/A,M,Human,Current,Warder,N/A,Unassigned,N/A,Unknown,Unknown,A Warder attached to one of the Aes Sedai who kidnapped Rand.
Primary,Main,ACoS,Yes,1,"Carin, Mistress",Mistress Carin,Mistress,Carin,Carin,N/A,F,Human,Current,Servant,N/A,Unassigned,N/A,Altara,Unknown,"A dark and grim-faced serving woman in the Tarasin Palace in Ebou Dar, short of her middle years."
Primary,Main,TSR,Yes,1,"Carleon, High Lord",High Lord Carleon,High Lord,Carleon,Carleon,N/A,M,Human,Current,Tairen Noble,N/A,Unassigned,N/A,Tear,Unknown,"A High Lord of Tear. He had graying hair, a pointed beard and a thick body."
Primary,Main,TSR,No,0,Carlin,Carlin,Carlin,,Carlin,N/A,M,Human,Current,Uncertain,N/A,Unassigned,N/A,Andor,Unknown,"Perrin’s uncle, the husband of Neain, who died before Perrin left Emond’s Field with Moiraine."
Primary,Main,TGH,Yes,17,Carlinya Sorevin,Carlinya Sorevin,Carlinya,Sorevin,Carlinya,N/A,F,Human,Current,Aes Sedai,White,No,15(3),Kandor,954 NE,"A Kandori Aes Sedai of the White Ajah and the rebel contingent, with a strength level of 15(3)."
Primary,Main,TSR,Yes,2,Carlomin,Carlomin,Carlomin,,Carlomin,N/A,M,Human,Current,Tairen Noble,N/A,Unassigned,N/A,Tear,Unknown,"A young Tairen nobleman, tall and slender, with a dark, luxuriant pointed beard."
Primary,Main,WH,Yes,2,Carlon Belcelona,Carlon Belcelona,Carlon,Belcelona,Carlon,N/A,M,Human,Current,Cha Faile,N/A,Unassigned,N/A,Tear,Unknown,A Tairen member of Cha Faile. He had a long nose and a narrow chin.
Primary,Main,TGS,No,0,Carlya,Carlya,Carlya,,Carlya,N/A,F,Human,Current,Servant,N/A,Unassigned,N/A,Unknown,Unknown,Elaida’s maid.
Primary,Main,LoC,Yes,1,Carlys Ankerin,Carlys Ankerin,Carlys,Ankerin,Carlys,N/A,F,Human,Current,Andoran Noble,N/A,Unassigned,N/A,Andor,Unknown,An Andoran noblewoman and High Seat of her lesser House. She had curly gray hair.
Primary,Main,TGH,No,0,Carn,Carn,Carn,,Carn,N/A,M,Human,Current,Sailor,N/A,Unassigned,N/A,Unknown,Unknown,One of Bayle Domon’s crewmen on the Spray.
Primary,NS,NS,Yes,1,"Carney, Captain",Captain Carney,Captain,Carney,Captain Carney,N/A,M,Human,Current,Ship Captain,N/A,Unassigned,N/A,Unknown,Unknown,"The captain of the Bluewing, the ship young Moiraine took passage on when sneaking out of Tar Valon."
Primary,Main,WH,No,0,Carniele Emares,Carniele Emares,Carniele,Emares,Carniele,N/A,F,Human,Current,Aes Sedai,Yellow,No,22(10),Tear,Unknown,"A Tairen Aes Sedai of the Yellow Ajah and the loyalist contingent, with a strength level of 22(10)."
Alias,Main,TDR,N/A,N/A,"Caryla, Mistress",Mistress Caryla,Caryla,,Caryla,Elayne Trakand,N/A,N/A,N/A,N/A,N/A,N/A,N/A,N/A,N/A,"An alias used by Elayne while traveling between Cairhien and Tear, aboard the Darter."
Primary,Main,WH,Yes,10,Caseille Raskovni,Caseille Raskovni,Caseille,Raskovni,Caseille,N/A,F,Human,Current,Queen's Guard,N/A,Unassigned,N/A,Arafel,Unknown,Under-lieutenant in the Queen’s Guards. An Arafellin woman who was a merchant’s guard for nearly twenty years.
Primary,Main,LoC,Yes,3,Cassin,Cassin,Cassin,,Cassin,N/A,M,Human,Current,Aiel Warrior,N/A,Unassigned,N/A,Aiel,Unknown,A Goshien Aiel of the Aethan Dor warrior society with yellow hair who stood an inch taller than Rand.
Primary,NS,NS,Yes,6,Cat Dancer,Cat Dancer,Cat Dancer,,Cat Dancer,N/A,M,Horse,Current,Horse,N/A,Unassigned,N/A,Unknown,Unknown,Lan’s horse at the time he met Moiraine. A bay stallion.
Primary,World,World,No,0,Catala Lucanvalle,Catala Lucanvalle,Catala,Lucanvalle,Catala,N/A,F,Human,Historic,Aes Sedai,Yellow,No,Unknown,Unknown,Unknown,An Aes Sedai of the Yellow Ajah who served as Amyrlin from 197 to 223 NE.
Primary,Main,CoT,Yes,6,Catalyn Haevin,Catalyn Haevin,Catalyn,Haevin,Catalyn,N/A,F,Human,Current,Andoran Noble,N/A,Unassigned,N/A,Andor,985 NE,"A young Andoran who was High Seat of House Haevin. She had dark eyes, plump cheeks and a cool face."
Primary,WoTC,WoTC,No,0,Cathal Devore,Cathal Devore,Cathal,Devore,Cathal,N/A,F,Human,Current,Aes Sedai,Brown,No,17(5),Ghealdan,942 NE,"A Ghealdanin Aes Sedai of the Brown Ajah and the rebel contingent, with a strength level of 17(5)."
Primary,World,World,No,0,Catlynde Artein,Catlynde Artein,Catlynde,Artein,Catlynde,N/A,F,Human,Historic,Aes Sedai,Unknown,No,Unknown,Unknown,Unknown,An Aes Sedai Sitter who lived at the time of the formation of the White Tower.
Primary,Main,CoT,No,0,Catrelle Mosenain,Catrelle Mosenain,Catrelle,Mosenain,Catrelle,N/A,F,Human,Current,Uncertain,N/A,Unassigned,N/A,Cairhien,Unknown,An ironmonger’s daughter from Maerone whom Daved Hanlon murdered and threw down a well.
Primary,Main,TGH,Yes,1,Catrine,Catrine,Catrine,,Catrine,N/A,F,Human,Current,Serving Girl,N/A,Unassigned,N/A,Cairhien,Unknown,A serving girl at The Nine Rings in Tremonsien.
Primary,Main,WH,Yes,3,Catrona,Catrona,Catrona,,Catrona,N/A,F,Human,Current,Sul'dam,N/A,Unassigned,Unknown,Seanchan,Unknown,"A Seanchan sul’dam with Tuon, black-skinned and pretty, though her face was normally stern."
Primary,Main,TDR,Yes,1,Cavan Lopar,Cavan Lopar,Cavan,Lopar,Lopar,N/A,M,Human,Current,Innkeeper,N/A,Unassigned,N/A,Tear,Unknown,The rotund innkeeper of The White Crescent in Tear.
Primary,Main,LoC,No,0,Cavandra,Cavandra,Cavandra,,Cavandra,N/A,F,Human,Current,Aes Sedai,Unknown,No,31(19),Unknown,Unknown,"An Aes Sedai of the loyalist contingent, with a strength level of 31(19). She was advisor to Queen Tylin."
Primary,Main,ACoS,Yes,1,Cedora,Cedora,Cedora,,Cedora,N/A,F,Human,Current,Serving Woman,N/A,Unassigned,N/A,Altara,Unknown,"Reanne Corly’s serving woman at the Kin house in Ebou Dar. She had graying hair, and a square jaw."
Primary,NS,NS,No,0,Ceiline Noreman,Ceiline Noreman,Ceiline,Noreman,Ceiline,N/A,F,Human,Current,Uncertain,N/A,Unassigned,N/A,Kandor,Unknown,"The wife of a trader killed in Canluum, Kandor. The trader had been guarded by Ryne Venamar."
Primary,WoTC,WoTC,No,0,Cein,Cein,Cein,,Cein,N/A,F,Human,Current,Uncertain,N/A,Unassigned,N/A,Unknown,Unknown,"The wife of Thom Merrilin’s nephew, Owyn."
Primary,Main,ToM,Yes,3,Celark,Celark,Celark,,Celark,N/A,M,Human,Current,Youngling,N/A,Unassigned,N/A,Unknown,Unknown,"A Youngling who wished to join the Tower Guard. He assisted Gawyn in fighting the Bloodknives, and was killed."
Primary,Main,AMoL,Yes,1,Celebrain,Celebrain,Celebrain,,Celebrain,N/A,F,Human,Current,Queen's Guard,N/A,Unassigned,N/A,Unknown,Unknown,A Guardswoman in Elayne’s bodyguard who accepted a suicide mission to protect Elayne.
Primary,Main,CoT,No,0,Celestin Eguilera,Celestin Eguilera,Celestin,Eguilera,Celestin,N/A,F,Human,Current,Aes Sedai,Yellow,No,19(7),Tear,960 NE,"A Tairen Aes Sedai of the Yellow Ajah and the rebel contingent, with a strength level of 19(7)."
Primary,Main,ACoS,No,0,Cemaile Sorenthaine,Cemaile Sorenthaine,Cemaile,Sorenthaine,Cemaile,N/A,F,Human,Historic,Aes Sedai,Gray,No,Unknown,Unknown,Unknown,An Aes Sedai of the Gray Ajah who served as Amyrlin from 681 to 705 NE.
Primary,Main,KoD,Yes,1,Cemeille din Selaan Long Eyes,Cemeille din Selaan Long Eyes,Cemeille,din Selaan Long Eyes,Cemeille,N/A,F,Human,Current,Sailmistress,N/A,Unassigned,N/A,Sea Folk,Unknown,Sea Folk Sailmistress of the darter Wind Racer.
Primary,Main,TEotW,Yes,13,Cenn Buie,Cenn Buie,Cenn,Buie,Cenn,N/A,M,Human,Current,Thatcher,N/A,Unassigned,N/A,Andor,932 NE,A grumpy old thatcher in Emond’s Field and a member of the Village Council.
Primary,Main,CoT,Yes,1,Cera Doinal,Cera Doinal,Cera,Doinal,Cera,N/A,F,Human,Current,Servant,N/A,Unassigned,N/A,Cairhien,Unknown,A serving woman at the Sun Palace in Cairhien.
Primary,Main,LoC,No,0,Ceran Tol,Ceran Tol,Ceran,Tol,Ceran,N/A,U,Human,AoL,Author,N/A,Unassigned,N/A,Unknown,Unknown,"The creator of “Tempo of Infinity,” an art piece from the Age of Legends."
Primary,Main,TFoH,Yes,7,Cerandin,Cerandin,Cerandin,,Cerandin,N/A,F,Human,Current,Luca's Circus,N/A,Unassigned,N/A,Seanchan,Unknown,"A pale-haired Seanchan morat’s’redit. After the battle at Falme, she was left behind and later joined Luca’s show."
Primary,Main,LoC,No,0,Ceri,Ceri,Ceri,,Ceri,N/A,F,Human,Current,Servant,N/A,Unassigned,N/A,Cairhien,Unknown,A pregnant servant in Lady Arilyn’s Cairhienin palace.
Primary,World,World,No,0,Cerilla Marodred,Cerilla Marodred,Cerilla,Marodred,Cerilla,N/A,F,Human,Historic,Aes Sedai,Gray,No,Unknown,Unknown,Unknown,An Aes Sedai of the Gray Ajah who served as Amyrlin between 454 and 476 NE.
Primary,Main,TSR,No,0,Cerindra,Cerindra,Cerindra,,Cerindra,N/A,F,Human,Current,Maid,N/A,Unassigned,N/A,Unknown,Unknown,One of Amathera’s maids in Tanchico. Amathera dismissed her for theft.
Primary,NS,NS,Yes,1,Cetalia Delarme,Cetalia Delarme,Cetalia,Delarme,Cetalia,N/A,F,Human,Current,Aes Sedai,Blue,No,14(2),Tarabon,Unknown,A Taraboner Aes Sedai of the Blue Ajah with a strength level of 14(2).
Primary,Main,LoC,Yes,1,Chaelin,Chaelin,Chaelin,,Chaelin,N/A,F,Human,Current,Wise One,N/A,Unassigned,19(7),Aiel,Unknown,A Wise One of the Smoke Water sept of the Miagoma Aiel who had the ability to channel and a strength of 19(7).
Primary,Main,TFoH,No,0,Chaena,Chaena,Chaena,,Chaena,N/A,M,Human,Current,Soldier,N/A,Unassigned,N/A,Shienar,Unknown,A Shienaran soldier following Ingtar when he and Perrin pursued the Horn of Valere to Falme.
Primary,Main,TGS,No,0,Chai Rugan,Chai Rugan,Chai,Rugan,Chai,N/A,F,Human,Current,Aes Sedai,Brown,Yes,Unknown,Unknown,Unknown,An Aes Sedai of the Brown Ajah publicly and of the Black Ajah in truth.
Alias,Main,TFoH,N/A,N/A,Chalinda,Chalinda,Chalinda,,Chalinda,Min Farshaw,N/A,N/A,N/A,N/A,N/A,N/A,N/A,N/A,N/A,An alias Siuan suggested Min use when they were escaping from Bryne; it was Old Tongue for “sweet girl.”
Primary,Main,TGS,Yes,5,Challenge,Challenge,Challenge,,Challenge,N/A,M,Horse,Current,Horse,N/A,Unassigned,N/A,Unknown,Unknown,"Gawyn’s horse, a gelding."
Primary,Main,CoT,Yes,5,Chanelle din Seran White Shark,Chanelle din Seran White Shark,Chanelle,din Seran White Shark,Chanelle,N/A,F,Human,Current,Windfinder,N/A,Unassigned,19(7),Sea Folk,Unknown,"A fairly high-ranking Sea Folk Windfinder with a strength level of 19(7). She was lean, dark-skinned and big-eyed."
Primary,Main,TGH,Yes,1,Changu,Changu,Changu,,Changu,N/A,M,Human,Current,Soldier,N/A,Yes,N/A,Shienar,Unknown,A Darkfriend Shienaran soldier. He was one of the guards of Fain’s dungeon prison in Fal Dara.
Primary,Main,LoC,No,0,Charel,Charel,Charel,,Charel,N/A,M,Human,Current,Stablehand,N/A,Unassigned,N/A,Unknown,Unknown,A good-looking young groom in the White Tower stables. He was used by Sheriam to help break Theodrin’s block.
Primary,Main,TSR,Yes,1,Charendin,Charendin,Charendin,,Charendin,N/A,M,Human,Historic,Aiel Sept Chief,N/A,Unassigned,N/A,Aiel,Unknown,An Aiel sept chief during the building of Rhuidean. He and Mandein had nearly killed each other three times.
Primary,Main,LoC,Yes,8,Charl Gedwyn,Charl Gedwyn,Charl,Gedwyn,Gedwyn,N/A,M,Human,Current,Asha'man,N/A,Yes,Unknown,Unknown,Unknown,An Asha’man and Darkfriend of Taim’s faction. He was a hard-faced young man with a grimly challenging look.
Primary,Main,TSR,Yes,1,Charlin,Charlin,Charlin,,Charlin,N/A,M,Human,Historic,Jenn Aiel,N/A,Unassigned,N/A,Jenn Aiel,Unknown,A young Jenn Aiel from the time after the Breaking. He was killed while saving two girls from bandits.
Primary,Main,KoD,Yes,11,Charlz Guybon,Charlz Guybon,Charlz,Guybon,Guybon,N/A,M,Human,Current,Queen's Guard,N/A,Unassigned,N/A,Unknown,Unknown,"An officer in Elayne’s Queen’s Guard. Extremely good-looking, he was tall, and broad-shouldered."
Primary,Main,TSR,Yes,1,Charn (1),Charn,Charn,,Charn,N/A,M,Human,AoL,Uncertain,N/A,Unassigned,N/A,Unknown,Unknown,"Coumin’s father’s greatfather, and Rand’s distant Aiel ancestor from the War of Power."
Primary,Main,AMoL,Yes,1,Charn (2),Charn,Charn,,Charn,N/A,M,Human,Current,Soldier,N/A,Unassigned,N/A,Unknown,Unknown,A pikeman in Juilin Sandar’s squad in the Last Battle. He was killed by a Sharan with a mace to the head.
Primary,Main,WH,Yes,1,Charral,Charral,Charral,,Charral,N/A,F,Human,Current,Damane,N/A,Unassigned,Unknown,Seanchan,Unknown,A Seanchan damane who belonged to Tuon and was taken to Ebou Dar with her.
Primary,Main,ToM,Yes,1,Chaser,Chaser,Chaser,,Chaser,N/A,M,Human,Current,Gambler,N/A,Unassigned,N/A,Unknown,Unknown,A gambler Mat encountered at The Dead Man’s Breath in Caemlyn. He was tall and lean with a pinched face.
Primary,Main,LoC,Yes,25,Chel Vanin,Chel Vanin,Chel,Vanin,Vanin,N/A,M,Human,Current,Band of the Red Hand,N/A,Unassigned,N/A,Andor,Unknown,"A Redarm in Mat’s Band, from Maerone, Andor. A masterful thief, he was very fat (more than 250 pounds)."
Primary,Main,TSR,No,0,Chenda,Chenda,Chenda,,Chenda,N/A,F,Human,Current,Aiel Roofmistress,N/A,Unassigned,N/A,Aiel,Unknown,The roofmistress of Mainde Cut. She belonged to the Jenda sept of the Tomanelle Aiel.
Primary,Main,LoC,Yes,12,Chesa,Chesa,Chesa,,Chesa,N/A,F,Human,Current,Servant,N/A,Unassigned,N/A,Unknown,Unknown,"Egwene’s dark-haired maid, chosen by Sheriam in Salidar."
Primary,Main,TDR,Yes,6,Chesmal Emry,Chesmal Emry,Chesmal,Emry,Chesmal,N/A,F,Human,Current,Aes Sedai,Yellow,Yes,18(6),Ghealdan,863 NE,A Ghealdanin Aes Sedai of the Yellow Ajah publicly and of the Black Ajah in truth.
Primary,Main,ToM,Yes,1,Chet,Chet,Chet,,Chet,N/A,M,Human,Current,Uncertain,N/A,Unassigned,N/A,Unknown,Unknown,"An old man whom Mat met in a Low Caemlyn tavern. Long-faced, with an angry-looking scar on his cheek."
Primary,Main,TDR,Yes,36,Chiad,Chiad,Chiad,,Chiad,N/A,F,Human,Current,Maiden of the Spear,N/A,Unassigned,N/A,Aiel,Unknown,A Maiden of the Spear of the Stones River sept of the Goshien Aiel. Chiad had dark reddish hair and gray eyes.
Primary,Main,TPoD,No,0,Chianmai,Chianmai,Chianmai,,Chianmai,N/A,M,Human,Current,Soldier,N/A,Unassigned,N/A,Seanchan,Unknown,A Seanchan Banner-General in the Ever Victorious Army. He had a honey-brown face.
Primary,Main,LoC,Yes,1,Chiape,Chiape,Chiape,,Chiape,N/A,F,Human,Current,Queen,N/A,Unassigned,N/A,Shara,Unknown,"The Sh’boan, or empress, of Shara. She was beautiful, with very dark skin. Graendal took her for one of her pets."
Primary,Main,LoC,Yes,1,Chiarid,Chiarid,Chiarid,,Chiarid,N/A,F,Human,Current,Maiden of the Spear,N/A,Unassigned,N/A,Aiel,Unknown,An Aiel Maiden of the Spear. She was a merry-eyed blonde old enough to be Rand’s mother.
Primary,Main,TPoD,Yes,2,Chilares Arman,Chilares Arman,Chilares,Arman,Chilares,N/A,F,Human,Current,Kinswoman,N/A,Unassigned,37(25),Murandy,657 NE,A Murandian Kin and member of the Knitting Circle who worked as a rug seller in Ebou Dar. Born in 657 NE.
Primary,Main,KoD,No,0,Chimal,Chimal,Chimal,,Chimal,N/A,F,Human,Current,Seanchan Noble,N/A,Unassigned,N/A,Seanchan,Unknown,"One of Tuon’s sisters who was quiet in her ambition to gain the throne, and who might have plotted against Tuon."
Primary,Main,TFoH,No,0,Chin Akima,Chin Akima,Chin,Akima,Chin,N/A,M,Human,Current,Circus Owner,N/A,Unassigned,N/A,Unknown,Unknown,The owner of a traveling circus who was beheaded by Masema in Samara for disobeying him.
Primary,Main,TDR,Yes,1,Chin Ellisor,Chin Ellisor,Chin,Ellisor,Chin,N/A,M,Human,Current,Ship Captain,N/A,Unassigned,N/A,Unknown,Unknown,"The captain of the Blue Crane, which took Nynaeve, Egwene and Elayne down the River Erinin."
Primary,Main,TSR,Yes,1,Chion,Chion,Chion,,Chion,N/A,F,Human,Current,Maiden of the Spear,N/A,Unassigned,N/A,Aiel,Unknown,An Aiel Maiden of the Spear taken gai’shain by the Taardad Aiel.
Primary,Main,WH,No,0,Chisaine Nurbaya,Chisaine Nurbaya,Chisaine,Nurbaya,Chisaine,N/A,F,Human,Current,Aes Sedai,Red,No,Unknown,Arad Doman,Unknown,A Domani Aes Sedai of the Red Ajah and the loyalist contingent. Part of the expedition to kidnap Rand.
Primary,Main,KoD,No,0,"Chisen, General",General Chisen,General,Chisen,Chisen,N/A,M,Human,Current,Soldier,N/A,Unassigned,N/A,Seanchan,Unknown,A Seanchan officer with a large force who unsuccessfully tried to find Mat’s Band of the Red Hand.
Title,Main,ACoS,N/A,N/A,"Chooser, The",The Chooser,The Chooser,,The Chooser,Calian the Chooser,N/A,N/A,N/A,N/A,N/A,N/A,N/A,N/A,N/A,"Another name for Calian, a Hero of the Horn who wore a red mask."
Alias,Main,TEotW,N/A,N/A,Chosen One,Chosen One,Chosen One,,Chosen One,Rand al'Thor,N/A,N/A,N/A,N/A,N/A,N/A,N/A,N/A,N/A,"Prophetic name for Rand. Used by the Sea Folk along with ""Coramoor""."
Primary,World,World,No,0,Chowin Tsao,Chowin Tsao,Chowin,Tsao,Chowin,N/A,F,Human,Historic,Aes Sedai,Green,No,Unknown,Unknown,Unknown,An Aes Sedai of the Green Ajah who served as advisor to Artur Hawkwing.
Primary,Main,TPoD,Yes,1,Chulein,Chulein,Chulein,,Chulein,N/A,F,Human,Current,Soldier,N/A,Unassigned,N/A,Seanchan,Unknown,A Seanchan morat’raken who was flying over the Kin’s farm. Her raken’s name was Segani.
Primary,Main,ACoS,No,0,Chuonde,Chuonde,Chuonde,,Chuonde,N/A,F,Human,Current,Maiden of the Spear,N/A,Unassigned,N/A,Aiel,Unknown,A Maiden of the Spear of the Spine Ridge sept of the Miagoma Aiel. She died at the Battle of Dumai’s Wells.
Primary,Main,TFoH,No,0,Cian,Cian,Cian,,Cian,N/A,F,Human,Current,Uncertain,N/A,Unassigned,N/A,Tear,Unknown,A fat Tairen woman from Siuan’s past who disciplined her as a young girl for fighting.
Primary,Main,TPoD,Yes,2,Cian do Mehon a'Macansa,Cian do Mehon a'Macansa,Cian,do Mehon a'Macansa,Cian,N/A,F,Human,Current,Murandian Noble,N/A,Unassigned,N/A,Murandy,Unknown,"A Murandian noblewoman, one of the Murandians and Andorans to meet with Egwene and her party."
Primary,Main,TGS,Yes,1,Ciar,Ciar,Ciar,,Ciar,N/A,F,Human,Current,Sul'dam,N/A,Unassigned,Unknown,Seanchan,Unknown,"A stocky, dark sul’dam who accompanied Semirhage when she posed as the Daughter of the Nine Moons."
Primary,Main,TEotW,Yes,1,Ciel,Ciel,Ciel,,Ciel,N/A,F,Human,Current,Serving Girl,N/A,Unassigned,N/A,Andor,Unknown,"A serving girl at The Stag and Lion in Baerlon, Andor."
Primary,Main,TPoD,Yes,4,Cieryl Arjuna,Cieryl Arjuna,Cieryl,Arjuna,Cieryl,N/A,M,Human,Current,Warder,N/A,Unassigned,N/A,Tear,Unknown,"One of Careane Fransi’s Warders. He was Tairen, stood six feet tall, and seemed gangly and all bones,."
Primary,Main,TEotW,Yes,2,Cilia Cole,Cilia Cole,Cilia,Cole,Cilia,N/A,F,Human,Current,Uncertain,N/A,Unassigned,Unknown,Andor,979 NE,"An Emond’s Field girl. She was born in the fall of 979 NE. Cilia was pink-cheeked, big-eyed and pleasingly plump."
Primary,Main,LoC,Yes,2,"Cinchonine, Mistress",Mistress Cinchonine,Mistress,Cinchonine,Mistress Cinchonine,N/A,F,Human,Current,Innkeeper,N/A,Unassigned,N/A,Andor,Unknown,Innkeeper at The Crown of Roses in Caemlyn.
Primary,Main,TEotW,Yes,1,Cinda,Cinda,Cinda,,Cinda,N/A,F,Human,Current,Serving Girl,N/A,Unassigned,N/A,Andor,Unknown,"A serving girl at The Stag and Lion in Baerlon, Andor."
Primary,Main,ToM,No,0,Cinny Wade,Cinny Wade,Cinny,Wade,Cinny,N/A,F,Human,Unknown,Song Character,N/A,Unassigned,N/A,Unknown,Unknown,"A woman featured in a haunting song performed by Thom, “The Marriage of Cinny Wade.”"
Primary,Main,TEotW,No,0,Cirri,Cirri,Cirri,,Cirri,N/A,M,Cat,Current,Cat,N/A,Unassigned,N/A,Andor,Unknown,A cat at The Stag and Lion in Baerlon.
Primary,Main,TGS,Yes,1,Clara,Clara,Clara,,Clara,N/A,F,Human,Current,Novice,N/A,Unassigned,Unknown,Unknown,Unknown,A novice in the White Tower who assisted Egwene during the Seanchan attack.
Primary,Main,ToM,Yes,1,Clare,Clare,Clare,,Clare,N/A,F,Human,Current,Gambler,N/A,Unassigned,N/A,Unknown,Unknown,"A golden-haired woman Mat gambled with in The Dead Man’s Breath, an inn in Caemlyn."
Primary,Main,TFoH,Yes,7,Clarine Anhill,Clarine Anhill,Clarine,Anhill,Clarine,N/A,F,Human,Current,Luca's Circus,N/A,Unassigned,N/A,Unknown,Unknown,"A dog trainer in Luca’s circus. She was the plump and brown-cheeked wife of Petra, the strongman."
Primary,Main,AMoL,No,0,Classen Bayor,Classen Bayor,Classen,Bayor,Classen,N/A,M,Human,Historic,Soldier,N/A,Unassigned,N/A,Unknown,Unknown,A military leader from Mat’s memories; he lost his cavalry in the marsh at the Battle of Kolesar.
Primary,Main,ToM,Yes,1,Clintock,Clintock,Clintock,,Clintock,N/A,M,Human,Current,Band of the Red Hand,N/A,Unassigned,N/A,Unknown,Unknown,"A Redarm in the Band of the Red Hand. After the gholam attack in Caemlyn, he checked on Mat every half hour."
Primary,Main,TEotW,Yes,8,Cloud,Cloud,Cloud,,Cloud,N/A,F,Horse,Current,Horse,N/A,Unassigned,N/A,Andor,Unknown,The tall gray mare with a black mane that Rand rode when he left Two Rivers in Moiraine’s company.
Primary,Main,TSR,No,0,Coedelin,Coedelin,Coedelin,,Coedelin,N/A,F,Human,Current,Wise One,N/A,Unassigned,N/A,Aiel,Unknown,An Aiel Wise One who disciplined Amys when she was learning to be a Wise One.
Primary,World,World,No,0,Coerid Nosar,Coerid Nosar,Coerid,Nosar,Coerid,N/A,M,Human,Historic,King,N/A,Unassigned,N/A,Almoren,Unknown,"A king of Almoren, one of the Ten Nations, and one of the signers of the Compact of the Ten Nations."
Primary,Main,TDR,No,0,Coiam,Coiam,Coiam,,Coiam,N/A,M,Ogier,Historic,Uncertain,N/A,Unassigned,N/A,Unknown,Unknown,"The grandfather of Jalanda, an Ogier historian whom Loial quoted with information about Be’lal."
Primary,Main,TSR,Yes,3,Coine din Jubai Wild Winds,Coine din Jubai Wild Winds,Coine,din Jubai Wild Winds,Coine,N/A,F,Human,Current,Sailmistress,N/A,Unassigned,N/A,Sea Folk,Unknown,The Atha’an Miere Sailmistress of the raker Wavedancer. She was sister of the blood to Jorin.
Primary,Main,LoC,Yes,5,Coiren Saeldain,Coiren Saeldain,Coiren,Saeldain,Coiren,N/A,F,Human,Current,Aes Sedai,Gray,No,18(6),Unknown,861 NE,"An Aes Sedai of the Gray Ajah and the loyalist contingent, with a strength level of 18(6)."
Primary,Main,TDR,Yes,1,Coke,Coke,Coke,,Coke,N/A,M,Human,Current,Thug,N/A,Yes,N/A,Illian,Unknown,"A Darkfriend thug with an Illianer accent who kidnapped Egwene, Nynaeve and Elayne for Fades."
Primary,Main,CoT,Yes,1,Col,Col,Col,,Col,N/A,M,Human,Current,Luca's Circus,N/A,Unassigned,N/A,Tear,Unknown,A Tairen horse handler with Valan Luca’s show.
Primary,Main,TPoD,Yes,1,Coladara,Coladara,Coladara,,Coladara,N/A,F,Human,Current,Aes Sedai,Green,No,Unknown,Tear,Unknown,A Tairen Aes Sedai of the Green Ajah. She served as advisor to King Paitar of Arafel.
Primary,NS,NS,Yes,1,Colar Najima,Colar Najima,Colar,Najima,Colar,N/A,F,Human,Current,Uncertain,N/A,Unassigned,N/A,Kandor,Unknown,A Kandori girl whose mother was interviewed by Moiraine while she was searching for the infant Dragon Reborn.
Primary,Main,TFoH,Yes,7,Colavaere Saighan,Colavaere Saighan,Colavaere,Saighan,Colavaere,N/A,F,Human,Current,Cairhienin Noble,N/A,Unassigned,N/A,Cairhien,Unknown,A Cairhienin noblewoman who was Head of House Saighan. She had dark eyes and dark hair with a little gray.
Primary,Main,WH,No,0,Cold Water,Cold Water,Cold Water,,Cold Water,N/A,U,Wolf,Current,Wolf,N/A,Unassigned,N/A,Unknown,Unknown,The leader of a wolfpack that Perrin asked for information when he was searching for his kidnapped wife.
Primary,Main,TEotW,Yes,1,"Cole, Master",Master Cole,Master,Cole,Master Cole,N/A,M,Human,Current,Uncertain,N/A,Unassigned,N/A,Andor,Unknown,A very old Emond’s Field man who napped during the shearing.
Primary,Main,TSR,Yes,2,Colinda,Colinda,Colinda,,Colinda,N/A,F,Human,Current,Wise One,N/A,Unassigned,13(1),Aiel,Unknown,A Wise One of the Imran sept of the Shaarad Aiel and Hot Springs Hold with the ability to channel.
Primary,Main,TDR,Yes,4,Coline,Coline,Coline,,Coline,N/A,F,Human,Current,Cook,N/A,Unassigned,N/A,Andor,Unknown,The cook at The Queen’s Blessing in Caemlyn. She was frequently called Cook.
Primary,Main,KoD,No,0,Collaris,Collaris,Collaris,,Collaris,N/A,F,Human,Current,Advocate,N/A,Unassigned,N/A,Tarabon,Unknown,"Beonin Sedai’s grandmother, who was a distinguished advocate in Tanchico."
Primary,Main,TSR,Yes,1,Colline,Colline,Colline,,Colline,N/A,F,Human,Historic,Jenn Aiel,N/A,Unassigned,N/A,Jenn Aiel,Unknown,A young Jenn Aiel from the period right after the Breaking. Her liberators from bandits were ostracized.
Primary,Main,TSR,No,0,Colly Garren,Colly Garren,Colly,Garren,Colly,N/A,M,Human,Current,Uncertain,N/A,Unassigned,N/A,Andor,Unknown,A young Two Rivers man who joined Perrin to fight the Trollocs. Colly was killed in a Trolloc ambush.
Primary,Main,KoD,Yes,1,Com,Com,Com,,Com,N/A,M,Human,Current,Urchin,N/A,Unassigned,N/A,Tear,Unknown,"A young urchin in Tear who, along with his friend Doni, talked to Rand about the steamwagon."
Primary,Main,TSR,No,0,"Comaelle, High Queen",High Queen Comaelle,Comaelle,,Comaelle,N/A,F,Human,Historic,Queen,N/A,Unassigned,N/A,Jaramide,Unknown,"The High Queen of Jaramide, one of the Ten Nations during the period following the Breaking."
Primary,Main,TDR,Yes,2,"Comar, Lord",Lord Comar,Comar,,Comar,N/A,M,Human,Current,Andoran Noble,N/A,Yes,N/A,Andor,Unknown,"An Andoran nobleman and Darkfriend. He was tall, with wide shoulders, a deep chest, and dark blue eyes."
Primary,World,World,No,0,Comarra Zepava,Comarra Zepava,Comarra,Zepava,Comarra,N/A,F,Human,Historic,Aes Sedai,Blue,No,Unknown,Unknown,Unknown,An Aes Sedai of the Blue Ajah who served as Amyrlin from 244 to 276 NE.
Primary,Main,TSR,No,0,Comran,Comran,Comran,,Comran,N/A,M,Human,Historic,Jenn Aiel,N/A,Unassigned,N/A,Jenn Aiel,Unknown,A Jenn Aiel ancestor of Rand who lived during the period of the Breaking.
Primary,Main,TEotW,Yes,1,Con Aybara,Con Aybara,Con,Aybara,Con,N/A,M,Human,Current,Uncertain,N/A,Unassigned,N/A,Andor,Unknown,"Perrin’s father, who was killed by Padan Fain when he laughed in Fain’s face for naming Perrin a Darkfriend."
Primary,Main,CoT,Yes,6,Conail Northan,Conail Northan,Conail,Northan,Conail,N/A,M,Human,Current,Andoran Noble,N/A,Unassigned,N/A,Andor,Unknown,"High Seat of House Northan in Andor. He was about six feet tall, and lean."
Primary,Main,ToM,Yes,2,Connel,Connel,Connel,,Connel,N/A,M,Human,Current,Guard,N/A,Unassigned,N/A,Saldaea,Unknown,A member of Ituralde’s personal guard in Saldaea.
Primary,Main,KoD,Yes,1,Connl,Connl,Connl,,Connl,N/A,M,Human,Current,Band of the Red Hand,N/A,Unassigned,N/A,Unknown,Unknown,One of the Band of the Red Hand under Mandevwin’s command. He participated in the attack on the Seanchan.
Primary,Main,TDR,Yes,1,Coram,Coram,Coram,,Coram,N/A,M,Human,Current,Aiel Warrior,N/A,Unassigned,N/A,Aiel,Unknown,"Hulking and wide-shouldered, he helped rescue Nynaeve, Elayne and Egwene from brigands."
Title,Main,TEotW,N/A,N/A,"Coramoor, The",The Coramoor,Coramoor,,Coramoor,Rand al'Thor,N/A,N/A,N/A,N/A,N/A,N/A,N/A,N/A,N/A,"The Sea Folk name for the Chosen One (Rand), whom they had sought as a herald of a new Age."
Primary,Main,ACoS,Yes,2,Corana,Corana,Corana,,Corana,N/A,F,Human,Current,Maiden of the Spear,N/A,Unassigned,N/A,Aiel,Unknown,An Aiel Maiden of the Spear who accompanied Rand to Caemlyn when he took Fedwin Morr there.
Primary,Main,TGS,Yes,1,Corbet,Corbet,Corbet,,Corbet,N/A,M,Human,Current,Youngling,N/A,Unassigned,N/A,Unknown,Unknown,A Youngling. He was one of the youngest among them and was always looking to prove himself.
Primary,Main,TGS,Yes,1,"Cords, Sergeant",Sergeant Cords,Sergeant,Cords,Sergeant Cords,N/A,M,Human,Current,Soldier,N/A,Unassigned,N/A,Unknown,Unknown,"A watch sergeant with Bryne’s army. He was overweight, with red stubble on his chin."
Primary,Main,ACoS,No,0,Corehuin,Corehuin,Corehuin,,Corehuin,N/A,F,Human,Current,Uncertain,N/A,Unassigned,N/A,Aiel,Unknown,"One of two Aiel wives of Mandelain, the Daryne clan chief. Her sister-wife was Jair."
Primary,Main,ACoS,Yes,14,Corele Hovian,Corele Hovian,Corele,Hovian,Corele,N/A,F,Human,Current,Aes Sedai,Yellow,No,18(6),Murandy,876 NE,A Murandian Aes Sedai of the Yellow Ajah who was uncommitted to any contingent.
Primary,Main,LoC,Yes,1,Corelna,Corelna,Corelna,,Corelna,N/A,F,Human,Current,Wise One,N/A,Unassigned,N/A,Aiel,Unknown,An Aiel Wise One who could not channel. She was a green-eyed woman with gray heavy in her flaxen hair.
Primary,Main,ACoS,Yes,2,Corevin,Corevin,Corevin,,Corevin,N/A,M,Human,Current,Band of the Red Hand,N/A,Unassigned,N/A,Cairhien,Unknown,A Cairhienin Redarm in the Band of the Red Hand. He was thickly muscled with a big nose and small eyes.
Primary,Main,TPoD,Yes,2,Corgaide Marendevin,Corgaide Marendevin,Corgaide,Marendevin,Corgaide,N/A,F,Human,Current,Servant,N/A,Unassigned,N/A,Cairhien,Unknown,"The head of the servants, known as the Holder of the Keys, at the Sun Palace in Cairhien."
Primary,Main,TDR,No,0,Corianin Nedeal,Corianin Nedeal,Corianin,Nedeal,Corianin,N/A,F,Human,Historic,Aes Sedai,Unknown,No,Unknown,Unknown,Unknown,An Aes Sedai from almost five hundred years before the Last Battle. She was a Dreamer.
Primary,Main,KoD,Yes,1,Coride,Coride,Coride,,Coride,N/A,F,Human,Current,Novice,N/A,Unassigned,Unknown,Unknown,Unknown,A pale-haired novice in the White Tower who looked up to Egwene after Egwene had been captured.
Primary,Main,TEotW,Yes,1,Corin Ayellin,Corin Ayellin,Corin,Ayellin,Corin,N/A,F,Human,Current,Uncertain,N/A,Unassigned,N/A,Andor,Unknown,"A slim Two Rivers woman with a thick gray braid. Assumedly the same as ""Mistress Ayellin"" in TEotW."
Alias,Main,ACoS,N/A,N/A,Corlan Dashiva,Corlan Dashiva,Corlan,Dashiva,Dashiva,Aginor,N/A,N/A,N/A,N/A,N/A,N/A,N/A,N/A,N/A,The Forsaken Aginor/Osan’gar’s Asha’man persona. He was supposedly from an isolated farming village.
Primary,Main,KoD,No,0,Cormalinde Masoon,Cormalinde Masoon,Cormalinde,Masoon,Cormalinde,N/A,U,Human,AoL,Sculptor,N/A,Unassigned,N/A,Unknown,Unknown,A famous sculptor from the Age of Legends.
Primary,Main,TFoH,Yes,2,Corman,Corman,Corman,,Corman,N/A,M,Human,Current,Aiel Warrior,N/A,Unassigned,N/A,Aiel,Unknown,"An Aiel of the Mosaada Goshien clan, and a member of Far Aldazar Din (Brothers of the Eagle) warrior society."
Primary,NS,NS,No,0,Cormanes,Cormanes,Cormanes,,Cormanes,N/A,M,Human,Current,Uncertain,N/A,Unassigned,N/A,Cairhien,Unknown,A pretty young man Moiraine kissed the night before she left for the Tower.
Primary,Main,KoD,Yes,1,Corvila,Corvila,Corvila,,Corvila,N/A,F,Human,Current,Weaver,N/A,Unassigned,N/A,Altara,Unknown,A lean Altaran weaver who was gai’shain to the Shaido at Malden. She swore fealty to Faile.
Primary,Main,LoC,Yes,3,Cosain,Cosain,Cosain,,Cosain,N/A,F,Human,Current,Wise One,N/A,Unassigned,14(2),Aiel,Unknown,"A lean, yellow-haired Wise One of the Spine Ridge sept of the Miagoma Aiel with the ability to channel."
Primary,Main,ToM,Yes,3,Coteren,Coteren,Coteren,,Coteren,N/A,M,Human,Current,Asha'man,N/A,Yes,Unknown,Unknown,Unknown,"A heavyset Asha’man with a blunt face, pudgy cheeks, and long, black, oily hair."
Primary,Main,TSR,Yes,6,Couladin,Couladin,Couladin,,Couladin,N/A,M,Human,Current,Aiel Warrior,N/A,Unassigned,N/A,Aiel,Unknown,An Aiel warrior of the Domai sept of the Shaido Aiel and the Seia Doon (Black Eyes) warrior society.
Primary,Main,TDR,No,0,Coulin,Coulin,Coulin,,Coulin,N/A,M,Human,Current,Master of Arms,N/A,Unassigned,N/A,Unknown,Unknown,He was Master of Arms of the Tower Guard under Hammar at the White Tower.
Primary,Main,TSR,Yes,1,Coumin,Coumin,Coumin,,Coumin,N/A,M,Human,AoL,Da'shain Aiel,N/A,Unassigned,N/A,Unknown,Unknown,A Da’shain Aiel ancestor of Rand.
Primary,Main,LoC,No,0,Coura,Coura,Coura,,Coura,N/A,F,Ogier,Historic,Uncertain,N/A,Unassigned,N/A,Unknown,Unknown,"The mother of Amar who was the mother of Elora, the last being an Ogier author from the time of Artur Hawkwing."
Primary,Main,AMoL,Yes,2,Courtani,Courtani,Courtani,,Courtani,N/A,F,Human,Current,Soldier,N/A,Unassigned,N/A,Seanchan,Unknown,A Banner-General in the Seanchan army; Mat found her unappealing.
Primary,Main,ACoS,Yes,2,Covarla Baldene,Covarla Baldene,Covarla,Baldene,Covarla,N/A,F,Human,Current,Aes Sedai,Red,No,21(9),Unknown,919 NE,An Aes Sedai of the Red Ajah and a loyalist. She had pale hair and a normally implacable face.
Primary,Main,LoC,Yes,5,Covril daughter of Ella daughter of Soong,Covril daughter of Ella daughter of Soong,Covril,,Covril,N/A,F,Ogier,Current,Uncertain,N/A,Unassigned,N/A,Stedding Shangtai,Unknown,"Loial’s mother, and a respected speaker. Her sister Voniel was Elder Haman’s wife."
Alias,Main,TEotW,N/A,N/A,Cowin Fairheart,Cowin Fairheart,Cowin,Fairheart,Cowin Fairheart,Cowin Gemallan,N/A,N/A,N/A,N/A,N/A,N/A,N/A,N/A,N/A,Another name for Cowin Gemallan.
Primary,Main,TEotW,No,0,Cowin Gemallan,Cowin Gemallan,Cowin,Gemallan,Cowin,N/A,M,Human,Historic,Malkieri Noble,N/A,Yes,N/A,Malkier,Unknown,A Malkieri nobleman also known as Cowin Fairheart. He was a darkfriend and wanted to seize power.
Primary,Main,TFoH,Yes,6,Cowinde,Cowinde,Cowinde,,Cowinde,N/A,F,Human,Current,Maiden of the Spear,N/A,Unassigned,N/A,Aiel,Unknown,A blue-eyed Maiden of the Spear who was taken gai’shain.
Primary,Main,CoT,No,0,"Cowlin, Lord",Lord Cowlin,Lord,Cowlin,Lord Cowlin,N/A,M,Human,Current,Altaran Noble,N/A,Unassigned,N/A,Altara,Unknown,"The Lord of So Habor, Altara. He fled the village before Perrin’s party arrived."
Primary,NS,NS,Yes,1,Coy,Coy,Coy,,Coy,N/A,M,Human,Current,Bandit,N/A,Unassigned,N/A,Unknown,Unknown,"A bandit leader in Kandor. He had grizzled, greasy hair, a narrow, unshaven face and a gap-toothed grin."
Primary,Main,TEotW,No,0,"Creator, The",The Creator,Creator,,Creator,N/A,U,God,Current,God,N/A,Unassigned,N/A,Unknown,Unknown,The being who made the world and put in place the Wheel of Time.
Primary,Main,ToM,No,0,"Creedin, Captain",Captain Creedin,Captain,Creedin,Captain Creedin,N/A,M,Human,Current,Soldier,N/A,Unassigned,N/A,Unknown,Unknown,A captain in Ituralde’s army involved in defensive actions at Maradon.
Alias,Main,ToM,N/A,N/A,"Crimson, Master",Master Crimson,Master,Crimson,Master Crimson,Matrim Cauthon,N/A,N/A,N/A,N/A,N/A,N/A,N/A,N/A,N/A,An alias used by Mat while seeking information in taverns in Caemlyn.
Primary,World,World,No,0,"Cristol, First Lord",First Lord Cristol,Cristol,,Cristol,N/A,M,Human,Historic,King,N/A,Unassigned,N/A,Essenia,Unknown,"A ruler of Essenia, one of the Ten Nations, and one of the signers of the Compact of the Ten Nations."
Primary,Main,TFoH,Yes,4,Croi Makin,Croi Makin,Croi,Makin,Croi,N/A,M,Human,Current,Warder,N/A,Unassigned,N/A,Andor,Unknown,"One of Myrelle Berengari’s Warders, an Andoran. He had yellow hair, and a fine profile."
Primary,Main,TGH,Yes,5,Cuale,Cuale,Cuale,,Cuale,N/A,M,Human,Current,Innkeeper,N/A,Unassigned,N/A,Cairhien,Unknown,The innkeeper at The Defender of the Dragonwall in Cairhien. He was plump and unctuous.
Primary,Main,ToM,No,0,Cuellar,Cuellar,Cuellar,,Cuellar,N/A,M,Human,Current,Knife Sharpener,N/A,Unassigned,N/A,Unknown,Unknown,A man who sharpened knives at the Black Tower.
Primary,Main,CoT,No,0,Culain,Culain,Culain,,Culain,N/A,M,Human,Historic,General,N/A,Unassigned,N/A,Aldeshar,Unknown,An Aldeshar general defeated by Artur Hawkwing.
Primary,Main,LoC,Yes,1,"Culen, Lord",Lord Culen,Culen,,Culen,N/A,M,Human,Current,Murandian Noble,N/A,Unassigned,N/A,Murandy,Unknown,A Murandian nobleman who was a Hunter of the Horn. Culen spoke with a Mindean accent.
Primary,Main,LoC,Yes,2,Culhan Carand,Culhan Carand,Culhan,Carand,Culhan,N/A,M,Human,Current,Andoran Noble,N/A,Unassigned,N/A,Andor,Unknown,"An Andoran nobleman and husband of the High Seat, Lady Aemlyn. He was about 5'10"" tall, and square-faced."
Primary,Main,WH,Yes,2,Cumere Powys,Cumere Powys,Cumere,Powys,Cumere,N/A,F,Human,Current,Counsel,N/A,Unassigned,N/A,Far Madding,Unknown,"One of the Counsels of Far Madding. Pretty and serious, she stood 5'5½"" tall."
Primary,Main,ToM,Yes,1,Cutaris,Cutaris,Cutaris,,Cutaris,N/A,M,Human,Current,Soldier,N/A,Unassigned,N/A,Arad Doman,Unknown,"A member of Ituralde’s forces in Saldaea. He was a sturdy, long-limbed Domani who acted as a messenger."
Title,World,World,N/A,N/A,Cutter of the Shadow,Cutter of the Shadow,Cutter of the Shadow,,Cutter of the Shadow,Latra Posae,N/A,N/A,N/A,N/A,N/A,N/A,N/A,N/A,N/A,"In the Old Tongue, Shadar Nor; it was the name given to Latra Posae."
Primary,Main,AMoL,Yes,1,Cynd,Cynd,Cynd,,Cynd,N/A,F,Human,Current,Soldier,N/A,Unassigned,N/A,Tear,Unknown,A slender Tairen woman who fought in the Last Battle.
Alias,Main,TPoD,N/A,N/A,Cyndane,Cyndane,Cyndane,,Cyndane,Lanfear,N/A,N/A,N/A,N/A,N/A,N/A,N/A,N/A,N/A,The Old Tongue word for “Last Chance.” The reincarnation of Lanfear.
Primary,Main,WH,Yes,1,Cyprien Melchor,Cyprien Melchor,Cyprien,Melchor,Cyprien,N/A,F,Human,Current,Counsel,N/A,Unassigned,N/A,Far Madding,Unknown,One of the Counsels of Far Madding who met with Cadsuane’s party when they arrived. She had protruding teeth.
Primary,NS,NS,Yes,1,Cyril Wynn,Cyril Wynn,Cyril,Wynn,Cyril,N/A,M,Human,Current,Uncertain,N/A,Unassigned,N/A,Murandy,Unknown,The son of Murandians Susa and Jac Wynn. He was one of the children Moiraine investigated.
Primary,Main,TSR,Yes,1,Dael al'Taron,Dael al'Taron,Dael,al'Taron,Dael,N/A,M,Human,Current,Uncertain,N/A,Unassigned,N/A,Andor,Unknown,A young Two Rivers man who joined Perrin’s band battling Trollocs. He was killed in a Trolloc ambush.
Primary,Main,LoC,Yes,1,"Daelvin, Mistress",Mistress Daelvin,Mistress,Daelvin,Mistress Daelvin,N/A,F,Human,Current,Innkeeper,N/A,Unassigned,N/A,Cairhien,Unknown,"The innkeeper at The Golden Stag in Maerone, Cairhien. She was small and round, with gray hair."
Primary,Main,TFoH,Yes,9,Daerid Ondin,Daerid Ondin,Daerid,Ondin,Daerid,N/A,M,Human,Current,Soldier,N/A,Unassigned,N/A,Cairhien,Unknown,"A Cairhienin soldier who had fought Andorans and brigands, as well as in the civil war. He was pale and slender."
Primary,Main,LoC,Yes,1,Daerilla Raened,Daerilla Raened,Daerilla,Raened,Daerilla,N/A,F,Human,Current,Andoran Noble,N/A,Unassigned,N/A,Andor,Unknown,An Andoran noblewoman who was High Seat of House Raened. She was plump and giggly.
Primary,Main,TPoD,Yes,2,Dafid Norley,Dafid Norley,Dafid,Norley,Norley,N/A,M,Human,Current,Asha'man,N/A,Unassigned,Unknown,Cairhien,Unknown,"A Cairhienin Asha’man Dedicated. He was short and thick-waisted with an open, inviting smile."
Primary,Main,TEotW,No,0,Dag Coplin (1),Dag Coplin,Dag,Coplin,Dag,N/A,M,Human,Current,Uncertain,N/A,Unassigned,N/A,Andor,Unknown,A Two Rivers boy whom Mat Cauthon tried to trick into believing that ghost dogs had been seen in Emond’s Field.
Primary,Main,TEotW,Yes,1,Dag Coplin (2),Dag Coplin,Dag,Coplin,Dag,N/A,M,Human,Current,Uncertain,N/A,Unassigned,N/A,Andor,Unknown,"An elderly man in Emond’s Field, possibly the grandfather of Dag Coplin (1)."
Primary,WoTC,WoTC,No,0,"Daganred, Lord",Lord Daganred,Lord,Daganred,Lord Daganred,N/A,M,Human,Current,Cairhienin Noble,N/A,Unassigned,N/A,Cairhien,Unknown,"A Cairhienin nobleman. He was about 5'7"" tall, a quiet man with an air of sadness."
Primary,Main,TFoH,Yes,3,Dagdara Finchey,Dagdara Finchey,Dagdara,Finchey,Dagdara,N/A,F,Human,Current,Aes Sedai,Yellow,Yes,19(7),Andor,848 NE,An Andoran Aes Sedai of the Yellow Ajah publicly but of the Black Ajah in truth.
Primary,Main,LoC,Yes,1,Dagendra,Dagendra,Dagendra,,Dagendra,N/A,F,Human,Current,Maiden of the Spear,N/A,Unassigned,N/A,Aiel,Unknown,An Aiel Maiden of the Spear who had a blocky build.
Title,Main,TEotW,N/A,N/A,Dai Shan,Dai Shan,Dai Shan,,Dai Shan,Lan Mandragoran,N/A,N/A,N/A,N/A,N/A,N/A,N/A,N/A,N/A,A Malkieri title meaning “Diademed Battle Lord” used for Lan.
Primary,Main,ACoS,Yes,10,Daigian Moseneillin,Daigian Moseneillin,Daigian,Moseneillin,Daigian,N/A,F,Human,Current,Aes Sedai,White,No,45(33),Cairhien,907 NE,"A Cairhienin Aes Sedai of the White Ajah, uncommitted to any contingent, with a strength level of 45(33)."
Primary,Main,TDR,Yes,2,Dailin (1),Dailin,Dailin,,Dailin,N/A,F,Human,Current,Maiden of the Spear,N/A,Unassigned,N/A,Aiel,Unknown,"A Maiden of the Spear of the Nine Valleys Taardad Aiel, and a second-sister of Aviendha."
Primary,Main,ACoS,Yes,1,Dailin (2),Dailin,Dailin,,Dailin,N/A,F,Human,Current,Wise One,N/A,Unassigned,17(5),Aiel,Unknown,A Wise One of the Shaido Aiel who had the ability to channel and a strength level of 17(5).
Primary,Main,TEotW,Yes,19,Dain Bornhald,Dain Bornhald,Dain,Bornhald,Bornhald,N/A,M,Human,Current,Whitecloak,N/A,Unassigned,N/A,Tarabon,Unknown,"A narrow-faced Taraboner Whitecloak officer who was Geofram's son. Mostly called ""Bornhald"", but also ""Dain""."
Primary,Main,KoD,Yes,1,Dairaine Saighan,Dairaine Saighan,Dairaine,Saighan,Dairaine,N/A,F,Human,Current,Cairhienin Noble,N/A,Unassigned,N/A,Cairhien,Unknown,A high-ranking Cairhienin noblewoman taken gai’shain by the Shaido. She was slender with black hair.
Primary,Main,TEotW,Yes,6,Daise Congar,Daise Congar,Daise,Congar,Daise,N/A,F,Human,Current,Uncertain,N/A,Unassigned,N/A,Andor,Unknown,"A woman of Emond’s Field. Twice as wide and a head taller than her husband, Wit."
Primary,Main,ACoS,Yes,8,Daishar,Daishar,Daishar,,Daishar,N/A,M,Horse,Current,Horse,N/A,Unassigned,N/A,Unknown,Unknown,An Old Tongue word for “glory” and the name of Egwene’s tall roan gelding.
Primary,Main,LoC,No,0,Dal,Dal,Dal,,Dal,N/A,M,Ogier,Historic,Uncertain,N/A,Unassigned,N/A,Unknown,Unknown,An Ogier who was the son of Morel and the father of Haman.
Primary,World,World,No,0,Dalaine Ndaye,Dalaine Ndaye,Dalaine,Ndaye,Dalaine,N/A,F,Human,Historic,Aes Sedai,Gray,No,Unknown,Unknown,Unknown,An Aes Sedai of the Gray Ajah who served as Amyrlin from 36 to 64 NE. Dalaine was a weak Amyrlin.
Primary,Main,TGH,No,0,Dalar,Dalar,Dalar,,Dalar,N/A,F,Ogier,Current,Uncertain,N/A,Unassigned,N/A,Unknown,Unknown,An Ogier woman who spent ten years Outside the stedding with the Sea Folk.
Primary,Main,KoD,Yes,1,Dalevien,Dalevien,Dalevien,,Dalevien,N/A,F,Human,Current,Aes Sedai,Brown,No,Unknown,Unknown,Unknown,An Aes Sedai of the Brown Ajah and the loyalist contingent. Stocky with gray streaking her short dark hair.
Primary,Main,WH,Yes,2,Dali,Dali,Dali,,Dali,N/A,F,Human,Current,Damane,N/A,Unassigned,Unknown,Unknown,Unknown,A damane belonging to Tuon who was part of Karede’s group that searched for Tuon when she was missing.
Primary,NS,NS,Yes,1,Dalresin Damodred,Dalresin Damodred,Dalresin,Damodred,Dalresin,N/A,M,Human,Historic,Cairhienin Noble,N/A,Unassigned,N/A,Cairhien,Unknown,"Moiraine’s father and Laman’s brother. He was 5'11"" tall, with a gentle face and hair that was more gray than not."
Primary,Main,TPoD,Yes,2,Dalthanes Annallin,Dalthanes Annallin,Dalthanes,Annallin,Dalthanes,N/A,M,Human,Current,Cairhienin Noble,N/A,Unassigned,N/A,Cairhien,Unknown,A Cairhienin nobleman who supported Colavaere. He was summoned to the Seanchan campaign by Rand.
Alias,Main,TFoH,N/A,N/A,Dalyn (1),Dalyn,Dalyn,,Dalyn,Logain Ablar,N/A,N/A,N/A,N/A,N/A,N/A,N/A,N/A,N/A,"An alias used by Logain. Another possible named for Doile (Bertome wasn't sure), a Cairhienen soldier."
Alias,Main,TPoD,N/A,N/A,Dalyn (2),Dalyn,Dalyn,,Dalyn,Doile,N/A,N/A,N/A,N/A,N/A,N/A,N/A,N/A,N/A,Another possible name for Doile; a Cairhienin armsman of Bertome Saighan.
Primary,Main,TSR,No,0,Damelle,Damelle,Damelle,,Damelle,N/A,F,Ogier,Historic,Author,N/A,Unassigned,N/A,Unknown,Unknown,An Ogier author who was daughter of Ala daughter of Soferra. Damelle wrote about the Ways.
Primary,Main,LoC,Yes,35,Damer Flinn,Damer Flinn,Damer,Flinn,Flinn,N/A,M,Human,Current,Asha'man,N/A,Unassigned,Unknown,Andor,942 NE,"An Andoran Asha’man. Born in 942 NE, he was about 5'10"" tall and of medium build, but very strong for his size."
Primary,Main,TSR,No,0,Danelle,Danelle,Danelle,,Danelle,N/A,F,Human,Current,Aes Sedai,Brown,No,17(5),Unknown,899 NE,"An Aes Sedai of the Brown Ajah. She was killed by Mesaana, who took on her identity."
Primary,Main,WH,Yes,1,Dani,Dani,Dani,,Dani,N/A,F,Human,Current,Damane,N/A,Unassigned,Unknown,Unknown,Unknown,"A damane belonging to Tuon. She had yellow hair and blue eyes, and was slightly plump."
Primary,NS,NS,Yes,1,Danil,Danil,Danil,,Danil,N/A,M,Human,Current,Uncertain,N/A,Unassigned,N/A,Unknown,978 NE,An infant boy born in the Murandian camp outside Tar Valon near the end of the Aiel War.
Primary,Main,CoT,No,0,Danine Candraed,Danine Candraed,Danine,Candraed,Danine,N/A,F,Human,Current,Andoran Noble,N/A,Unassigned,N/A,Andor,Unknown,An Andoran woman who was High Seat of an important House. She was known to be indecisive.
Primary,Main,TEotW,Yes,25,Dannil Lewin,Dannil Lewin,Dannil,Lewin,Dannil,N/A,M,Human,Current,Soldier,N/A,Unassigned,N/A,Andor,Unknown,"A man of Two Rivers. He was Tell’s brother, Ban al’Seen’s cousin and Flann’s nephew."
Primary,Main,TEotW,Yes,5,Dapple,Dapple,Dapple,,Dapple,N/A,F,Wolf,Current,Wolf,N/A,Unassigned,N/A,Caralain Grass,Unknown,"A wolf who was the leader of a pack. She was close to black, with a lighter gray patch on her face."
Primary,Main,TEotW,Yes,1,Dar,Dar,Dar,,Dar,N/A,M,Human,Current,Gate Guard,N/A,Unassigned,N/A,Andor,Unknown,A gate guard in Baerlon who was involved in letting Moiraine and her party out of Baerlon at night.
Primary,Main,TSR,No,0,Dara,Dara,Dara,,Dara,N/A,F,Human,Current,Kitchen Worker,N/A,Unassigned,N/A,Tear,Unknown,A cook’s helper in the Stone of Tear whom Mat found just plump enough.
Alias,Main,AMoL,N/A,N/A,Darbinda,Darbinda,Darbinda,,Darbinda,Elmindreda Farshaw,N/A,N/A,N/A,N/A,N/A,N/A,N/A,N/A,N/A,A name given to Min by Tuon; it was Old Tongue for “girl of pictures.”
Primary,Main,LoC,Yes,1,Darea Candwin,Darea Candwin,Darea,Candwin,Darea,N/A,F,Human,Current,Novice,N/A,Unassigned,Unknown,Andor,Unknown,One of the girls from the Two Rivers with the spark who were being taken to Tar Valon by Verin and Alanna.
Primary,Main,LoC,No,0,Daria Gahand,Daria Gahand,Daria,Gahand,Daria,N/A,U,Human,Historic,Author,N/A,Unassigned,N/A,Unknown,Unknown,"The author of Essays on Reason, a book studied by Min."
Primary,Main,TFoH,Yes,1,Daricain Annallin,Daricain Annallin,Daricain,Annallin,Daricain,N/A,M,Human,Current,Cairhienin Noble,N/A,Unassigned,N/A,Cairhien,Unknown,"Nobleman of House Annallin, of Cairhien. He was pale and slender with a long nose, and a narrow face."
Primary,Main,ACoS,No,0,Darin,Darin,Darin,,Darin,N/A,M,Human,Current,Aiel Warrior,N/A,Unassigned,N/A,Aiel,Unknown,A man of the Moshaine sept of the Shaido Aiel and the Shae’en M’taal society. He was the son of Maeric.
Primary,Main,TEotW,No,0,"Darith, King",King Darith,Darith,,Darith,N/A,M,Human,Unknown,Story Character,N/A,Unassigned,N/A,Unknown,Unknown,A king in a story about a fallen House.
Title,Main,WH,N/A,N/A,Dark Lord,Dark Lord,Dark Lord,,Dark Lord,Dark One,N/A,N/A,N/A,N/A,N/A,N/A,N/A,N/A,N/A,Another name for the Dark One.
Title,Main,TSR,N/A,N/A,Dark Lord of the Grave,Dark Lord of the Grave,Dark Lord of the Grave,,Dark Lord of the Grave,Dark One,N/A,N/A,N/A,N/A,N/A,N/A,N/A,N/A,N/A,A historical Aiel name for the Dark One.
Primary,Main,TEotW,Yes,6,Dark One,Dark One,Dark One,,Dark One,N/A,M,God,Current,God,N/A,Unassigned,N/A,Unknown,Unknown,"The force of evil, imprisoned by his antithesis, the Creator, outside of time and creation."
Primary,Main,TEotW,Yes,5,Darl Coplin,Darl Coplin,Darl,Coplin,Darl,N/A,M,Human,Current,Farmer,N/A,Unassigned,N/A,Andor,Unknown,"An Emond’s Field farmer, and a troublemaker. His brother was Hari."
Primary,Main,TDR,Yes,10,Darlin Sisnera,Darlin Sisnera,Darlin,Sisnera,Darlin,N/A,M,Human,Current,Tairen Noble,N/A,Unassigned,N/A,Tear,Unknown,"A High Lord of Tear. He was about six feet tall, with short-cropped dark hair, blue eyes and an overlarge nose."
Primary,Main,WH,Yes,1,Darnella Shoran,Darnella Shoran,Darnella,Shoran,Darnella,N/A,F,Human,Current,Innkeeper,N/A,Unassigned,N/A,Altara,Unknown,The innkeeper at The Silver Swans of Heaven in Ebou Dar. She was skinny with gray hair.
Primary,Main,CoT,Yes,1,Dart,Dart,Dart,,Dart,N/A,M,Horse,Current,Horse,N/A,Unassigned,N/A,Unknown,Unknown,Rodel Ituralde’s white gelding.
Primary,Main,AMoL,Yes,1,Daruo,Daruo,Daruo,,Daruo,N/A,M,Human,Current,Deathwatch Guard,N/A,Unassigned,N/A,Seanchan,Unknown,A member of the Deathwatch Guards able to catch an arrow in flight with his bare hand.
Primary,Main,KoD,No,0,"Darvale, Mother",Mother Darvale,Mother,Darvale,Mother Darvale,N/A,F,Human,Current,Wisdom,N/A,Unassigned,N/A,Altara,Unknown,Wisdom of Runnien Crossing in Altara. She was lean and leathery with white hair.
Primary,Main,TSR,No,0,Darvan,Darvan,Darvan,,Darvan,N/A,M,Human,Current,Uncertain,N/A,Unassigned,N/A,Unknown,Unknown,One of the two men seeking Elmindreda’s hand in the story that Siuan and Min made up.
Primary,Main,ToM,Yes,1,Darvin,Darvin,Darvin,,Darvin,N/A,M,Human,Future,Aiel Clan Chief,N/A,Unassigned,N/A,Aiel,Unknown,"The clan chief of the Reyn Aiel after the Last Battle, seen in Aviendha’s view of the future in Rhuidean."
Title,Main,TGH,N/A,N/A,Daughter of the Night,Daughter of the Night,Daughter of the Night,,Daughter of the Night,Lanfear,N/A,N/A,N/A,N/A,N/A,N/A,N/A,N/A,N/A,The translation of Old Tongue name “Lanfear” and title used for her.
Title,Main,TSR,N/A,N/A,Daughter of the Nine Moons,Daughter of the Nine Moons,Daughter of the Nine Moons,,Daughter of the Nine Moons,Tuon Athaem Kore Paendrag,N/A,N/A,N/A,N/A,N/A,N/A,N/A,N/A,N/A,The title for the member of the Seanchan royal family selected to be the next Empress; used for Tuon in the books.
Primary,Main,AMoL,Yes,1,Dav al'Thone,Dav al'Thone,Dav,al'Thone,Dav,N/A,M,Human,Current,Soldier,N/A,Unassigned,N/A,Andor,Unknown,An Emond’s Field man who guarded Tam’s tent at Merrilor.
Primary,Main,TEotW,Yes,3,Dav Ayellin,Dav Ayellin,Dav,Ayellin,Dav,N/A,M,Human,Current,Uncertain,N/A,Unassigned,N/A,Andor,Unknown,A friend of Mat’s from Emond’s Field. Him and Mat caught a badger and planned to release it on the Green.
Primary,Main,ACoS,Yes,13,Daved Hanlon,Daved Hanlon,Daved,Hanlon,Hanlon,N/A,M,Human,Current,Queen's Guard,N/A,Yes,N/A,Andor,954 NE,An unsavory Andoran man. He eventually joined the Queen's Guards using the name Doilin Mellar.
Primary,Main,TEotW,No,0,Davian,Davian,Davian,,Davian,N/A,M,Human,Historic,False Dragon,N/A,Unassigned,Unknown,Unknown,Unknown,A false Dragon who could channel. His last name was never discovered.
Primary,Main,TPoD,Yes,1,Daviena,Daviena,Daviena,,Daviena,N/A,F,Human,Current,Wise One,N/A,Unassigned,30(18),Aiel,Unknown,An Aiel Wise One with the ability to channel. She had green eyes and reddish-yellow hair.
Primary,Main,AMoL,Yes,1,"Davies, Lord",Lord Davies,Davies,,Davies,N/A,M,Human,Current,Andoran Noble,N/A,Unassigned,N/A,Andor,Unknown,An Andoran nobleman who sided with Jarid Sarand.
Primary,Main,ACoS,No,0,Davindra,Davindra,Davindra,,Davindra,N/A,F,Human,Current,Altaran Noble,N/A,Unassigned,N/A,Altara,Unknown,"A noblewoman in Ebou Dar. Beslan killed her husband, Nevin, in a duel."
Primary,Main,TSR,Yes,32,Davram t'Ghaline Bashere,Davram t'Ghaline Bashere,Davram,Bashere,Bashere,N/A,M,Human,Current,General,N/A,Unassigned,N/A,Saldaea,Unknown,"Marshal-General to Queen Tenobia of Saldaea, and her uncle and heir. One of the five great captains"
Primary,Main,CoT,No,0,Dawlin Armaghn,Dawlin Armaghn,Dawlin,Armaghn,Dawlin,N/A,M,Human,Current,Andoran Noble,N/A,Unassigned,N/A,Andor,Unknown,An Andoran man who was High Seat of a minor House that supported Naean. His sign was the Oak and Axe.
Primary,Main,CoT,Yes,1,Dawn Wind,Dawn Wind,Dawn Wind,,Dawn Wind,N/A,U,Horse,Current,Horse,N/A,Unassigned,N/A,Unknown,Unknown,Elenia Sarand’s long-legged bay horse.
Primary,Main,ToM,Yes,1,Dawnweave,Dawnweave,Dawnweave,,Dawnweave,N/A,M,Horse,Current,Horse,N/A,Unassigned,N/A,Unknown,Unknown,"Ituralde’s white gelding, a warhorse that was a gift from one of his men. He died in the fighting at Maradon."
Primary,Main,ToM,Yes,3,Daylight,Daylight,Daylight,,Daylight,N/A,U,Horse,Current,Horse,N/A,Unassigned,N/A,Unknown,Unknown,Faile’s horse.
Primary,Main,TGH,No,0,Deain,Deain,Deain,,Deain,N/A,F,Human,Historic,Aes Sedai,Unknown,No,Unknown,Unknown,Unknown,Aes Sedai inventor of the a’dam in Seanchan. She created it to curry favor with Luthair but was herself leashed.
Primary,Main,TSR,No,0,Dealda Carridin,Dealda Carridin,Dealda,Carridin,Dealda,N/A,F,Human,Current,Uncertain,N/A,Unassigned,N/A,Unknown,Unknown,Jaichim Carridin’s youngest sister. She was taken from her bridal feast by a Myrddraal to punish Carridin.
Primary,Main,TFoH,No,0,Deane Aryman,Deane Aryman,Deane,Aryman,Deane,N/A,F,Human,Historic,Aes Sedai,Blue,No,Unknown,Eharon,FY 920,"An Aes Sedai of the Blue Ajah. Born circa FY 920 in Salidar, Eharon, she went to the White Tower in FY 934."
Primary,Main,LoC,Yes,1,Dedric,Dedric,Dedric,,Dedric,N/A,M,Human,Current,Aiel Warrior,N/A,Unassigned,N/A,Aiel,Unknown,"A man of the Jaern Rift Codarra Aiel and the Aethan Dor society. He was about 6'4"" tall and had yellow hair."
Primary,Main,ToM,Yes,2,Deepe Bhadar,Deepe Bhadar,Deepe,Bhadar,Deepe,N/A,M,Human,Current,Asha'man,N/A,Unassigned,Unknown,Andor,Unknown,An Andoran Asha’man with Ituralde in Maradon. He was killed by Taim.
Primary,Main,TSR,Yes,1,Deindre,Deindre,Deindre,,Deindre,N/A,F,Human,AoL,Ancient Aes Sedai,N/A,Unassigned,Unknown,Unknown,Unknown,An Aes Sedai at the time of the Breaking of the World. Deindre had the Talent of Foretelling.
Primary,Main,LoC,Yes,7,Deira ni Ghaline t'Bashere,Deira ni Ghaline t'Bashere,Deira,Bashere,Deira,N/A,F,Human,Current,Saldaean Noble,N/A,Unassigned,N/A,Saldaea,Unknown,"Faile’s mother and the wife of Davram. She was about 5'10"" tall, and a full-figured woman."
Primary,Main,KoD,No,0,"Deirdru, Lady",Lady Deirdru,Lady,Deirdru,Lady Deirdru,N/A,F,Human,Current,Altaran Noble,N/A,Unassigned,N/A,Altara,Unknown,"Owner of the manor house in Altara, near King’s Crossing, where Rand was to meet Tuon."
Primary,Main,LoC,Yes,13,Delana Mosalaine,Delana Mosalaine,Delana,Mosalaine,Delana,N/A,F,Human,Current,Aes Sedai,Gray,Yes,18(6),Shienar,950 NE,A Shienaran Aes Sedai of the Gray Ajah publicly and of the Black Ajah in truth.
Primary,Main,TGS,Yes,3,Delarn,Delarn,Delarn,,Delarn,N/A,M,Human,Current,Band of the Red Hand,N/A,Unassigned,N/A,Unknown,Unknown,A Redarm in the Band of the Red Hand. Delarn accompanied Mat into Hinderstap.
Primary,Main,TPoD,Yes,1,Delora,Delora,Delora,,Delora,N/A,F,Human,Current,Wise One,N/A,Unassigned,17(5),Aiel,Unknown,"A Wise One of the Shiande Aiel with the ability to channel. She was 5'7"" tall, with reddish-gold hair and blue eyes."
Primary,Main,TEotW,Yes,11,Demandred,Demandred,Demandred,,Demandred,N/A,M,Human,Current,Forsaken,N/A,Yes,"""++2""",Unknown,Unknown,A Forsaken whose name in life was Barid Bel Medar. He also used the name Bao the Wyld in Shara.
Primary,Main,TPoD,Yes,3,Demetre Marcolin,Demetre Marcolin,Demetre,Marcolin,Marcolin,N/A,M,Human,Current,Soldier,N/A,Unassigned,N/A,Illian,Unknown,The First Captain of the Companions of Illian. He was a commoner who rose through the ranks.
Primary,Main,LoC,Yes,3,Demira Eriff,Demira Eriff,Demira,Eriff,Demira,N/A,F,Human,Current,Aes Sedai,Brown,No,18(6),Arad Doman,930 NE,"A Domani Aes Sedai of the Brown Ajah and the rebel contingent, with a strength level of 18(6)."
Primary,Main,TGH,Yes,2,Dena,Dena,Dena,,Dena,N/A,F,Human,Current,Performer,N/A,Unassigned,N/A,Cairhien,Unknown,"A young Cairhienin woman who wanted to be the first female gleeman. She was pretty, with fair skin and dark hair."
Primary,Main,ACoS,No,0,"Denal, Master",Master Denal,Master,Denal,Master Denal,N/A,M,Human,Current,Uncertain,N/A,Unassigned,N/A,Altara,Unknown,"An Ebou Dari man whom Derys wanted to marry. The Kinswoman was forced to act as a maid, for penance."
Primary,Main,ToM,Yes,1,Denezel,Denezel,Denezel,,Denezel,N/A,M,Human,Current,Innkeeper,N/A,Unassigned,N/A,Andor,Unknown,"The innkeeper of The Happy Throng in Caemlyn. Tall, with a lean face and a shaved head."
Primary,Main,TPoD,Yes,2,Denharad,Denharad,Denharad,,Denharad,N/A,M,Human,Current,Soldier,N/A,Unassigned,N/A,Cairhien,Unknown,A Cairhienin who served as Lady Ailil’s lance-captain. A pale little man.
Primary,Main,AMoL,No,0,"Denhold, Captain",Captain Denhold,Captain,Denhold,Captain Denhold,N/A,M,Human,Current,Soldier,N/A,Unassigned,N/A,Unknown,Unknown,A cavalry captain fighting under Bryne in the Last Battle.
Primary,Main,WH,Yes,6,Deni Colford,Deni Colford,Deni,Colford,Deni,N/A,F,Human,Current,Queen's Guard,N/A,Unassigned,N/A,Andor,Unknown,A woman who was a member of Elayne’s Queen’s Guards; she was the only Andoran among the first eight.
Primary,Main,AMoL,Yes,2,Dennel,Dennel,Dennel,,Dennel,N/A,M,Human,Current,Band of the Red Hand,N/A,Unassigned,N/A,Unknown,Unknown,A dragon captain in the Band of the Red Hand. He helped Talmanes retrieve the dragons in Caemlyn.
Primary,Main,ToM,Yes,1,Denton,Denton,Denton,,Denton,N/A,M,Human,Current,Cairhienin Noble,N/A,Unassigned,N/A,Cairhien,Unknown,"A Cairhienin nobleman taken gai’shain by the Shaido. After he was freed, he acted as Perrin’s serving man."
Primary,Main,AMoL,Yes,1,Deoan,Deoan,Deoan,,Deoan,N/A,M,Human,Current,Soldier,N/A,Unassigned,N/A,Andor,Unknown,A man who served under Tam al’Thor in the Last Battle. He was from Deven Ride.
Primary,Main,ACoS,Yes,2,Derah din Selaan Rising Wave,Derah din Selaan Rising Wave,Derah,din Selaan Rising Wave,Derah,N/A,F,Human,Current,Sailmistress,N/A,Unassigned,N/A,Sea Folk,Unknown,"The Sailmistress of the soarer White Spray, where Rand met with the Sea Folk delegations."
Primary,Main,TDR,Yes,2,Dermid Ajala,Dermid Ajala,Dermid,Ajala,Ajala,N/A,M,Human,Current,Blacksmith,N/A,Unassigned,N/A,Tear,Unknown,"A Tairen blacksmith who gave Perrin a hammer for work done in his smithy. Also called ""Master Ajala""."
Primary,Main,TSR,Yes,1,Dermon,Dermon,Dermon,,Dermon,N/A,M,Human,Historic,Jenn Aiel,N/A,Unassigned,N/A,Jenn Aiel,Unknown,"An ancient male Jenn Aiel. He was gaunt, white-haired and blue-eyed."
Primary,Main,TDR,Yes,1,"Derne, Captain",Captain Derne,Derne,,Derne,N/A,M,Human,Current,Ship Captain,N/A,Unassigned,N/A,Unknown,Unknown,The square-faced captain of the Swift. Mat and Thom traveled on his ship from Aringill to Tear.
Primary,Main,ACoS,No,0,Derowin,Derowin,Derowin,,Derowin,N/A,M,Human,Current,Uncertain,N/A,Unassigned,N/A,Cairhien,Unknown,A Cairhienin boy who was a childhood friend of Toram Riatin.
Primary,Main,ToM,No,0,Derry,Derry,Derry,,Derry,N/A,M,Human,Current,Band of the Red Hand,N/A,Unassigned,N/A,Unknown,Unknown,A soldier with the Band of the Red Hand who was a victim of the gholam.
Primary,Main,ACoS,Yes,1,Deryl,Deryl,Deryl,,Deryl,N/A,M,Human,Current,Guard,N/A,Unassigned,N/A,Altara,Unknown,An Ebou Dari guard at the ring seller’s stand Mat visited. He was one-eyed and very tall.
Primary,Main,ACoS,Yes,3,Derys Nermala,Derys Nermala,Derys,Nermala,Derys,N/A,F,Human,Current,Kinswoman,N/A,Unassigned,41(29),Unknown,911 NE,A Kin in Ebou Dar who was serving as a maid in penance for wanting to marry Master Denal.
Primary,Main,LoC,Yes,2,Desaine,Desaine,Desaine,,Desaine,N/A,F,Human,Current,Wise One,N/A,Unassigned,N/A,Aiel,Unknown,A Wise One of the Shaido Aiel. She went with Sevanna and Therava to visit the loyalist Aes Sedai.
Primary,Main,KoD,Yes,1,Desala Nevanche,Desala Nevanche,Desala,Nevanche,Desala,N/A,F,Human,Current,Aes Sedai,Red,Turned,Unknown,Cairhien,Unknown,"A Cairhienin Aes Sedai of the Red Ajah and the loyalist contingent. She was beautiful, with large dark eyes."
Primary,Main,WH,Yes,1,Desandre Alraed,Desandre Alraed,Desandre,Alraed,Desandre,N/A,F,Human,Current,Aes Sedai,Yellow,No,15(3),Ghealdan,Unknown,"A Ghealdanin Aes Sedai of the Yellow Ajah and the loyalist contingent, with a strength level of 15(3)."
Primary,Main,AMoL,No,0,"Desartin, Lord",Lord Desartin,Desartin,,Desartin,N/A,M,Human,Current,Murandian Noble,N/A,Unassigned,N/A,Murandy,Unknown,A lord in Murandy who was deservedly overthrown by a group of farmers.
Primary,Main,AMoL,Yes,1,Desautel,Desautel,Desautel,,Desautel,N/A,M,Human,Current,Asha'man,N/A,Unassigned,Unknown,Unknown,Unknown,"An Asha’man Dedicated who was big as a blacksmith. At Logain’s behest, he looked for and located Sakarnen."
Primary,Main,TEotW,Yes,1,Deselle Aybara,Deselle Aybara,Deselle,Aybara,Deselle,N/A,F,Human,Current,Uncertain,N/A,Unassigned,N/A,Andor,Unknown,"One of Perrin’s younger sisters. She was plump; at twelve years of age, she was killed by Fain."
Primary,Main,LoC,Yes,3,Desora,Desora,Desora,,Desora,N/A,F,Human,Current,Maiden of the Spear,N/A,Unassigned,N/A,Aiel,Unknown,A Maiden of the Musara sept of the Reyn Aiel. Golden-haired and blue-eyed.
Primary,Main,KoD,Yes,1,Devore Zarbayan,Devore Zarbayan,Devore,Zarbayan,Devore,N/A,F,Human,Current,Queen's Guard,N/A,Unassigned,N/A,Saldaea,Unknown,A Saldaean Bannerwoman of Elayne’s Guardswomen in Caemlyn. She was slim with dark and tilted eyes.
Primary,Main,TDR,No,0,Dhael,Dhael,Dhael,,Dhael,N/A,F,Human,Current,Maiden of the Spear,N/A,Unassigned,N/A,Aiel,Unknown,"An Aiel Maiden of the Spear. Dhael helped rescue Nynaeve, Elayne and Egwene from brigands and Myrddraal."
Primary,Main,AMoL,Yes,1,Dhana,Dhana,Dhana,,Dhana,N/A,F,To'raken,Current,Soldier,N/A,Unassigned,N/A,Seanchan,Unknown,A to’raken that Mat desperately flew on to Shayol Ghul. Her rider was injured and her wing struck by an arrow.
Primary,Main,TSR,Yes,4,Dhearic,Dhearic,Dhearic,,Dhearic,N/A,M,Human,Current,Aiel Clan Chief,N/A,Unassigned,N/A,Aiel,Unknown,A man of the Two Spires sept of the Reyn Aiel and the Duadhe Mahdi’in who was clan chief of the Reyn.
Primary,Main,LoC,Yes,2,"Dilham, Master",Master Dilham,Master,Dilham,Master Dilham,N/A,M,Human,Current,Innkeeper,N/A,Unassigned,N/A,Andor,Unknown,"Innkeeper of Culain’s Hound in Caemlyn. He was bulky, with three chins."
Primary,Main,TPoD,Yes,1,"Dill, Mistress",Mistress Dill,Mistress,Dill,Mistress Dill,N/A,F,Human,Current,Innkeeper,N/A,Unassigned,N/A,Andor,Unknown,"A round innkeeper in Harlon Bridge, Andor. Elayne and her party stayed with her on the way to Caemlyn."
Primary,Main,TPoD,Yes,3,Dimana Corrand,Dimana Corrand,Dimana,Corrand,Dimana,N/A,F,Human,Current,Kinswoman,N/A,Unassigned,46(34),Black Hills,677 NE,A Kin and a member of the Knitting Circle in Ebou Dar. She had bright blue eyes and red hair with streaks of white.
Primary,Main,LoC,Yes,1,Dimir Faral,Dimir Faral,Dimir,Faral,Dimir,N/A,M,Human,Current,Whitecloak,N/A,Unassigned,N/A,Unknown,Unknown,A soldier in the Children of the Light. He was in Fain’s group of Whitecloaks in the Two Rivers.
Primary,NS,NS,Yes,3,Diryk,Diryk,Diryk,,Diryk,N/A,M,Human,Current,Kandori Noble,N/A,Unassigned,N/A,Kandor,971 NE,The second-eldest son of Queen Ethenielle and Brys of Kandor. He was born in 971 NE and died in 979 NE.
Primary,Main,TFoH,Yes,20,Dobraine Taborwin,Dobraine Taborwin,Dobraine,Taborwin,Dobraine,N/A,M,Human,Current,Cairhienin Noble,N/A,Unassigned,N/A,Cairhien,Unknown,"A Cairhienin nobleman who was High Seat of his House. Also called ""Lord Dobraine""."
Primary,Main,AMoL,Yes,2,Dobser,Dobser,Dobser,,Dobser,N/A,M,Human,Current,Asha'man,N/A,Turned,Unknown,Unknown,Unknown,An Asha’man who was fond of wine and not very bright. Taim Turned him to the Shadow.
Primary,Main,TPoD,Yes,11,Doesine Alwain,Doesine Alwain,Doesine,Alwain,Doesine,N/A,F,Human,Current,Aes Sedai,Yellow,No,16(4),Cairhien,867 NE,"A Cairhienin Aes Sedai of the Yellow Ajah and the loyalist contingent, with a strength level of 16(4)."
Primary,WoTC,WoTC,No,0,Doilaine Barmellin,Doilaine Barmellin,Doilaine,Barmellin,Doilaine,N/A,M,Human,Current,Cairhienin Noble,N/A,Unassigned,N/A,Cairhien,Unknown,"A Cairhienin nobleman. He was about 5'8"" tall and slender, languid and quite foppish in his manners."
Primary,Main,LoC,Yes,1,Doilan,Doilan,Doilan,,Doilan,N/A,M,Human,Current,Aiel Warrior,N/A,Unassigned,N/A,Aiel,Unknown,A man of the Shaido Aiel who was taken gai’shain when the Shaido were defeated at Cairhien.
Primary,Main,TPoD,Yes,1,Doile,Doile,Doile,,Doile,N/A,M,Human,Current,Soldier,N/A,Unassigned,N/A,Cairhien,Unknown,"An armsman of Bertome Saighan, gap-toothed with scars on both cheeks. Unclear if his name is Dalyn or Doile."
Alias,Main,WH,N/A,N/A,Doilin Mellar,Doilin Mellar,Doilin,Mellar,Mellar,Daved Hanlon,N/A,N/A,N/A,N/A,N/A,N/A,N/A,N/A,N/A,"Daved Hanlon's alias while serving in the Queen's Guard. Also called ""Captain Mellar""."
Primary,Main,KoD,Yes,1,Doirellin,Doirellin,Doirellin,,Doirellin,N/A,M,Human,Current,Whitecloak,N/A,Unassigned,N/A,Cairhien,Unknown,"A Cairhienin Child of the Light. He was nearly as wide as he was tall, with barely an ounce of fat on him."
Primary,Main,KoD,Yes,1,Doirmanes,Doirmanes,Doirmanes,,Doirmanes,N/A,M,Human,Current,Cairhienin Noble,N/A,Unassigned,N/A,Cairhien,Unknown,"A slender Cairhienin nobleman taken gai’shain by the Shaido. He was young and pretty, but very skittish."
Primary,WoTC,WoTC,No,0,Dolera Mantear,Dolera Mantear,Dolera,Mantear,Dolera,N/A,F,Human,Historic,Queen,N/A,Unassigned,N/A,Andor,Unknown,A queen of Andor who ascended to the Lion Throne in 944 NE. She is Mordrellen’s mother.
Primary,Main,ACoS,Yes,1,Domeille,Domeille,Domeille,,Domeille,N/A,F,Human,Current,Maiden of the Spear,N/A,Unassigned,N/A,Aiel,Unknown,An Aiel Maiden of the Spear who helped bathe Rand before he went to meet the Sea Folk in Cairhien.
Primary,Main,WH,Yes,4,Donalo Sandomere,Donalo Sandomere,Donalo,Sandomere,Sandomere,N/A,M,Human,Current,Asha'man,N/A,Turned,Unknown,Tear,Unknown,"A Tairen Dedicated Asha’man. Taim turned him to the Shadow. Called both ""Sandomere"" and ""Donalo""."
Primary,Main,TPoD,Yes,2,Donel do Morny a'Lordeine,Donel do Morny a'Lordeine,Donel,do Morny a'Lordeine,Donel,N/A,M,Human,Current,Murandian Noble,N/A,Unassigned,N/A,Murandy,Unknown,A Murandian lord who was one of the nobles from Murandy and Andor to confront the rebel Aes Sedai on the ice.
Primary,Main,KoD,Yes,1,Dongal,Dongal,Dongal,,Dongal,N/A,M,Human,Current,Band of the Red Hand,N/A,Unassigned,N/A,Unknown,Unknown,A soldier in the Band of the Red Hand. He served under Mandevwin in one of the attacks against the Seanchan.
Primary,Main,KoD,Yes,1,Doni,Doni,Doni,,Doni,N/A,M,Human,Current,Urchin,N/A,Unassigned,N/A,Tear,Unknown,"An urchin in Tear who, along with his friend Com, talked to Rand about the steamwagon."
Primary,Main,AMoL,No,0,Doniella Alievin,Doniella Alievin,Doniella,Alievin,Doniella,N/A,F,Human,Historic,Aes Sedai,Brown,No,Unknown,Unknown,Unknown,An Aes Sedai of the Brown Ajah who served as Amyrlin from 306 to 332 NE. Doniella was a quiet Amyrlin.
Primary,Main,CoT,Yes,1,Donjel,Donjel,Donjel,,Donjel,N/A,M,Human,Current,Soldier,N/A,Unassigned,N/A,Unknown,Unknown,"A scout with Ituralde’s army. His voice was hoarse, as someone had tried to hang him when he was young."
Title,Main,AMoL,N/A,N/A,Doomseer,Doomseer,Doomseer,,Doomseer,Elmindreda Farshaw,N/A,N/A,N/A,N/A,N/A,N/A,N/A,N/A,N/A,A title that Tuon gave Min.
Primary,Main,ACoS,Yes,1,Dorailla,Dorailla,Dorailla,,Dorailla,N/A,F,Human,Current,Wise One,N/A,Unassigned,15(3),Aiel,Unknown,"A Wise One of the Shaido Aiel with the ability to channel and a strength level of 15(3). She was 5'7½"" tall."
Primary,Main,ACoS,Yes,1,Doraise Mesianos,Doraise Mesianos,Doraise,Mesianos,Doraise,N/A,F,Human,Current,Aes Sedai,Brown,No,Unknown,Unknown,Unknown,An Aes Sedai of the Brown Ajah and the loyalist contingent. She had a plump chin.
Primary,Main,TEotW,Yes,1,Doral Barran,Doral Barran,Doral,Barran,Doral,N/A,F,Human,Current,Wisdom,N/A,Unassigned,N/A,Andor,Unknown,The Wisdom in Emond’s Field prior to Nynaeve al’Meara.
Primary,Main,TGS,No,0,Doreille Torghin,Doreille Torghin,Doreille,Torghin,Doreille,N/A,F,Human,Historic,Queen,N/A,Unassigned,N/A,Aridhol,Unknown,A queen of Aridhol who signed the Compact of the Ten Nations. She was also a poet.
Primary,Main,TSR,Yes,1,Dorele,Dorele,Dorele,,Dorele,N/A,F,Human,Current,Sailor,N/A,Unassigned,N/A,Sea Folk,Unknown,A young Sea Folk woman on Wavedancer. She was slender with only one ring in each ear.
Primary,Main,TPoD,Yes,3,Doressin Chuliandred,Doressin Chuliandred,Doressin,Chuliandred,Doressin,N/A,M,Human,Current,Cairhienin Noble,N/A,Unassigned,N/A,Cairhien,Unknown,"A Cairhienin lord, High Seat of a moderate House, who supported Colavaere for the Cairhienin throne."
Primary,Main,ACoS,Yes,4,Dorile din Eiran Long Feather,Dorile din Eiran Long Feather,Dorile,din Eiran Long Feather,Dorile,N/A,F,Human,Current,Windfinder,N/A,Unassigned,19(7),Sea Folk,Unknown,"The Windfinder on Windrunner, thus Windfinder to Malin din Toral Breaking Wave."
Primary,Main,TSR,Yes,1,Dorindha (1),Dorindha,Dorindha,,Dorindha,N/A,F,Human,Current,Maiden of the Spear,N/A,Unassigned,N/A,Aiel,Unknown,An Aiel woman of the Jindo sept of the Taardad Aiel and Far Dareis Mai.
Primary,Main,TFoH,Yes,2,Dorindha (2),Dorindha,Dorindha,,Dorindha,N/A,F,Human,Current,Aiel Roofmistress,N/A,Unassigned,N/A,Aiel,Unknown,"An Aiel woman married to Bael, clan chief of the Goshien. She was the roofmistress of Smoke Springs Hold."
Primary,Main,KoD,Yes,1,Dormin,Dormin,Dormin,,Dormin,N/A,M,Human,Current,Bootmaker,N/A,Unassigned,N/A,Cairhien,Unknown,A stocky Cairhienin bootmaker who was gai’shain to the Shaido at Malden. He swore fealty to Faile.
Primary,Main,ACoS,Yes,1,Dosera,Dosera,Dosera,,Dosera,N/A,F,Human,Current,Wise One,N/A,Unassigned,N/A,Aiel,Unknown,A Wise One of the Shaido Aiel. She fought at Dumai’s Wells for Sevanna and was killed by a wolf.
Title,Main,TEotW,N/A,N/A,Dragon Reborn,Dragon Reborn,Dragon Reborn,,Dragon Reborn,Rand al'Thor,N/A,N/A,N/A,N/A,N/A,N/A,N/A,N/A,N/A,"Title for Rand. According to prophecy, the Dragon would be born again at mankind’s greatest hour of need."
Title,Main,TEotW,N/A,N/A,"Dragon,The",The Dragon,The Dragon,,The Dragon,Rand al'Thor,N/A,N/A,N/A,N/A,N/A,N/A,N/A,N/A,N/A,"Title for Rand. Also, the name by which Lews Therin Telamon was known during the War of the Shadow."
Primary,Main,TPoD,Yes,4,Duhara Basaheen,Duhara Basaheen,Duhara,Basaheen,Duhara,N/A,F,Human,Current,Aes Sedai,Red,Yes,23(11),Arad Doman,764 NE,A Domani Aes Sedai of the Red Ajah publicly and of the Black Ajah in truth.
Primary,Main,TFoH,No,0,"Dulain, Lord",Lord Dulain,Dulain,,Dulain,N/A,M,Human,Current,Murandian Noble,N/A,Unassigned,N/A,Murandy,Unknown,A young Murandian nobleman who the Tower thought could truly unify Murandy.
Primary,World,World,No,0,Dumera Alman,Dumera Alman,Dumera,Alman,Dumera,N/A,F,Human,Historic,Aes Sedai,Unknown,No,Unknown,Unknown,Unknown,An Aes Sedai who lived at the time of the formation of the White Tower.
Primary,Main,TGH,No,0,Dunsinin,Dunsinin,Dunsinin,,Dunsinin,N/A,F,Human,Unknown,Uncertain,N/A,Unassigned,N/A,Unknown,Unknown,The legendary female lover of Rogosh Eagle-eye.
Alias,World,World,N/A,N/A,Duram Laddel Cham,Duram Laddel Cham,Duram,Laddel Cham,Duram,Be'lal,N/A,N/A,N/A,N/A,N/A,N/A,N/A,N/A,N/A,Be’lal’s name during the Age of Legends.
Primary,Main,TFoH,Yes,1,Duranda Tharne,Duranda Tharne,Duranda,Tharne,Duranda,N/A,F,Human,Current,Innkeeper,N/A,Unassigned,N/A,Murandy,Unknown,"The innkeeper at The Good Night’s Ride in Lugard, and an agent of the Blue Ajah. She was a tall and heavyset."
Primary,Main,ToM,No,0,Durhem,Durhem,Durhem,,Durhem,N/A,M,Human,Current,Soldier,N/A,Unassigned,N/A,Unknown,Unknown,A cavalry leader in Ituralde’s forces in Saldaea.
Primary,Main,ToM,Yes,1,Durnham,Durnham,Durnham,,Durnham,N/A,M,Human,Current,Guard,N/A,Unassigned,N/A,Arad Doman,Unknown,A member of the King’s Guard in Bandar Eban who became a beggar.
Primary,Main,ToM,No,0,Durrent,Durrent,Durrent,,Durrent,N/A,M,Human,Current,Warder,N/A,Unassigned,N/A,Unknown,Unknown,An officer in the Younglings who became a Warder after the reunion of the Tower.
Primary,Main,TGS,Yes,1,Duster,Duster,Duster,,Duster,N/A,U,Horse,Current,Horse,N/A,Unassigned,N/A,Unknown,Unknown,Tylee Khirgan’s horse.
Primary,Main,TDR,Yes,17,Dyelin Taravin,Dyelin Taravin,Dyelin,Taravin,Dyelin,N/A,F,Human,Current,Andoran Noble,N/A,Unassigned,N/A,Andor,Unknown,"High Seat of House Taravin in Andor. She was about 5'6"" tall, with golden hair going gray and blue eyes."
Primary,Main,ACoS,Yes,1,Dyrele,Dyrele,Dyrele,,Dyrele,N/A,F,Human,Current,Uncertain,N/A,Unassigned,N/A,Aiel,Unknown,"The wife of Maeric, sept chief of the Moshaine Shaido. Her eyes were green."
Primary,Main,TPoD,No,0,Eadwin,Eadwin,Eadwin,,Eadwin,N/A,M,Human,Historic,Uncertain,N/A,Unassigned,N/A,Far Madding,Unknown,Verin’s sweetheart before she went to the White Tower.
Primary,WoTC,WoTC,No,0,Eadwin Deosin,Eadwin Deosin,Eadwin,Deosin,Eadwin,N/A,M,Human,Current,Uncertain,N/A,Unassigned,N/A,Murandy,Unknown,A Murandian man who was on Moiraine’s list as the father of a possible Dragon Reborn. His wife was Saera.
Alias,Main,WH,N/A,N/A,Eadwina,Eadwina,Eadwina,,Eadwina,Verin Mathwin,N/A,N/A,N/A,N/A,N/A,N/A,N/A,N/A,N/A,Verin’s alias in Far Madding.
Primary,NS,NS,Yes,4,Eadyth,Eadyth,Eadyth,,Eadyth,N/A,F,Human,Current,Aes Sedai,Blue,No,Unknown,Unknown,Unknown,An Aes Sedai of the Blue Ajah. She served as a Sitter for the Blue and was First Selector.
Primary,Main,TPoD,Yes,2,Eagan Padros,Eagan Padros,Eagan,Padros,Padros,N/A,M,Human,Current,Soldier,N/A,Unassigned,N/A,Illian,Unknown,"An Illianer who led a group of soldiers following Lord Brend. He had a long nose, a narrow face and dark eyes."
Primary,Main,TSR,No,0,Ealsin,Ealsin,Ealsin,,Ealsin,N/A,F,Human,Current,Uncertain,N/A,Unassigned,N/A,Andor,Unknown,Perrin’s unmarried great aunt.
Primary,Main,TGH,Yes,4,Eamon Valda,Eamon Valda,Eamon,Valda,Valda,N/A,M,Human,Current,Whitecloak,N/A,Unassigned,N/A,Unknown,Unknown,A high-ranking officer of the Children of the Light. He was a blademaster.
Primary,Main,TGH,No,0,"Earwin, Child",Child Earwin,Earwin,,Earwin,N/A,M,Human,Current,Whitecloak,N/A,Unassigned,N/A,Unknown,Unknown,A soldier of the Children of the Light. He was a big man with gray eyes and a long mustache.
Primary,Main,TEotW,Yes,7,Easar Togita,Easar Togita,Easar,Togita,Easar,N/A,M,Human,Current,King,N/A,Unassigned,N/A,Shienar,940 NE,The King of Shienar and High Seat of House Togita. His sign was a white hart.
Primary,World,World,No,0,"Eawynd, King",King Eawynd,Eawynd,,Eawynd,N/A,M,Human,Historic,King,N/A,Unassigned,N/A,Safer,Unknown,The ruler of Safer at the signing of the Compact of the Ten Nations.
Primary,Main,TEotW,Yes,1,Eazil Forney,Eazil Forney,Eazil,Forney,Eazil,N/A,M,Human,Current,Farmer,N/A,Unassigned,N/A,Andor,Unknown,A bleary-eyed Andoran farmer who gave Mat and Rand a ride in his cart.
Primary,Main,TSR,No,0,Eban Vandes,Eban Vandes,Eban,Vandes,Eban,N/A,M,Human,Historic,Author,N/A,Unassigned,N/A,Unknown,Unknown,The author of The History of the Stone of Tear. Rand learned about the Stone by reading this book.
Primary,Main,LoC,Yes,16,Eben Hopwil,Eben Hopwil,Eben,Hopwil,Hopwil,N/A,M,Human,Current,Asha'man,N/A,Unassigned,Unknown,Andor,984 NE,"An Andoran Dedicated, later raised to Asha’man by Rand. Also called ""Eben""."
Primary,Main,LoC,Yes,1,Ebram,Ebram,Ebram,,Ebram,N/A,M,Human,Current,Servant,N/A,Unassigned,N/A,Arad Doman,Unknown,"A tall, well-made young Domani who served Graendal. He gave Graendal news of Ituralde’s arrival."
Primary,Main,LoC,No,0,Echiko,Echiko,Echiko,,Echiko,N/A,F,Human,Historic,Accepted,N/A,Unassigned,Unknown,Unknown,Unknown,"An Accepted who died in a fall, thinking that she had developed the Talent of flying."
Primary,Main,CoT,No,0,Edarna Noregovna,Edarna Noregovna,Edarna,Noregovna,Edarna,N/A,F,Human,Historic,Aes Sedai,Blue,No,Unknown,Unknown,Unknown,An Aes Sedai of the Blue Ajah who served as Amyrlin from 64 to 115 NE. Edarna was a strong Amyrlin.
Primary,Main,LoC,Yes,21,Edarra,Edarra,Edarra,,Edarra,N/A,F,Human,Current,Wise One,N/A,Unassigned,12(+1),Aiel,Unknown,A Wise One of the Neder sept of the Shiande Aiel with the ability to channel.
Primary,Main,ToM,Yes,1,Edder,Edder,Edder,,Edder,N/A,M,Human,Current,Band of the Red Hand,N/A,Unassigned,N/A,Unknown,Unknown,A Redarm tasked with looking after Setalle Anan and Olver.
Primary,Main,LoC,Yes,1,Edelle Gaelin,Edelle Gaelin,Edelle,Gaelin,Edelle,N/A,F,Human,Current,Wisdom,N/A,Unassigned,N/A,Andor,Unknown,The Wisdom in Watch Hill. She was slender and gray-haired and the oldest of the Two Rivers Wisdoms.
Primary,Main,TFoH,Yes,16,Edesina Azzedin,Edesina Azzedin,Edesina,Azzedin,Edesina,N/A,F,Human,Current,Aes Sedai,Yellow,No,24(12),Unknown,944 NE,An Aes Sedai of the Yellow Ajah and the rebel contingent. She had dark eyes and black hair to her waist.
Primary,NS,NS,Yes,2,Edeyn ti Gemallen Arrel,Edeyn ti Gemallen Arrel,Edeyn,ti Gemallen Arrel,Edeyn,N/A,F,Human,Current,Malkieri Noble,N/A,Unassigned,N/A,Malkier,934 NE,Lan’s carneira. A Malkieri woman. Her black hair had touches of white at the temples.
Primary,Main,TSR,Yes,5,Edorion Selorna,Edorion Selorna,Edorion,Selorna,Edorion,N/A,M,Human,Current,Tairen Noble,N/A,Unassigned,N/A,Tear,Unknown,A Tairen nobleman. He was plump and pink-cheeked with a sharp mind.
Primary,Main,ACoS,Yes,4,Efalin,Efalin,Efalin,,Efalin,N/A,F,Human,Current,Maiden of the Spear,N/A,Unassigned,N/A,Aiel,Unknown,A woman of the Shaido Aiel and Far Dareis Mai. She had short graying hair and hard gray eyes.
Primary,Main,WH,Yes,2,Efraim Yamada,Efraim Yamada,Efraim,Yamada,Yamada,N/A,M,Human,Current,Soldier,N/A,Unassigned,N/A,Seanchan,Unknown,A Seanchan member of the low Blood who was a Banner-General. He was tall and handsome.
Primary,Main,TGH,Yes,38,Egeanin Sarna,Egeanin Sarna,Egeanin,Sarna,Egeanin,N/A,F,Human,Current,Ship Captain,N/A,Unassigned,N/A,Seanchan,965 NE,"A Seanchan ship captain. She was about 5'7"" tall, with sharp blue eyes, black hair and a very pale complexion."
Alias,Main,WH,N/A,N/A,"Egeanin Tamarath, Lady",Lady Egeanin Tamarath,Egeanin,Tamarath,Egeanin,Egeanin Sarna,N/A,N/A,N/A,N/A,N/A,N/A,N/A,N/A,N/A,Egeanin's new name when she was promoted.
Primary,World,World,No,0,"Egoridin, High Queen",High Queen Egoridin,Egoridin,,Egoridin,N/A,F,Human,Historic,Queen,N/A,Unassigned,N/A,Jaramide,Unknown,The ruler of Jaramide at the signing of the Compact of the Ten Nations.
Primary,Main,TEotW,Yes,191,Egwene al'Vere,Egwene al'Vere,Egwene,al'Vere,Egwene,N/A,F,Human,Current,Aes Sedai,N/A,No,8(+5),Andor,981 NE,"The fifth daughter of Bran and Marin al’Vere. She was about 5'3"" tall, with large brown eyes and dark hair."
Primary,Main,KoD,Yes,1,Ehvin,Ehvin,Ehvin,,Ehvin,N/A,M,Human,Current,Servant,N/A,Unassigned,N/A,Murandy,Unknown,"Murandian man working as a servant with the rebel Aes Sedai. He was stout and graying, with a permanent smile."
Primary,Main,WH,No,0,Ehvon,Ehvon,Ehvon,,Ehvon,N/A,F,Human,Current,Windfinder,N/A,Unassigned,Unknown,Sea Folk,Unknown,A Sea Folk Windfinder. Talaan was her apprentice.
Primary,Main,AMoL,Yes,1,Einar,Einar,Einar,,Einar,N/A,M,Human,Current,Asha'man,N/A,Unassigned,Unknown,Unknown,Unknown,An Asha’man protecting the dragons in the Last Battle. He was balefired by Demandred.
Primary,Main,WH,No,0,Einion Avharin,Einion Avharin,Einion,Avharin,Einion,N/A,F,Human,Historic,First Counsel,N/A,Unassigned,N/A,Far Madding,Unknown,One of the three most famous First Counsels in Far Madding history. A statue of her stood in Avharin Market.
Primary,Main,TPoD,No,0,Einone,Einone,Einone,,Einone,N/A,F,Human,Current,Kandori Noble,N/A,Unassigned,N/A,Kandor,Unknown,Sister to Queen Ethenielle of Kandor; she was married to one of Tenobia’s uncles.
Primary,Main,TGH,Yes,2,Einor Saren,Einor Saren,Einor,Saren,Saren,N/A,M,Human,Current,Whitecloak,N/A,Unassigned,N/A,Unknown,Unknown,An officer in the Children of the Light and a Questioner. He was second-in-command to Carridin on Almoth Plain.
Primary,Main,TEotW,Yes,26,Elaida do Avriny a'Roihan,Elaida do Avriny a'Roihan,Elaida,do Avriny a'Roihan,Elaida,N/A,F,Human,Current,Aes Sedai,Red,No,13(1),Murandy,950 NE,An Aes Sedai of the Red Ajah and the loyalist contingent. She had dark eyes and dark hair to her shoulders.
Primary,WoTC,WoTC,No,0,Elaiva Walfor,Elaiva Walfor,Elaiva,Walfor,Elaiva,N/A,F,Human,Current,Aes Sedai,Gray,No,19(7),Andor,806 NE,An Andoran Aes Sedai of the Gray Ajah. She was captured at Dumai’s Wells and treated as da’tsang by the Aiel.
Primary,Main,TEotW,Yes,3,Elam Dowtry,Elam Dowtry,Elam,Dowtry,Elam,N/A,M,Human,Current,Uncertain,N/A,Unassigned,N/A,Andor,Unknown,A boyhood friend of Mat in Emond’s Field. He had a long nose and a cowlick.
Alias,Main,TEotW,N/A,N/A,Elan Morin Tedronai,Elan Morin Tedronai,Elan,Morin Tedronai,Elan,Ishamael,N/A,N/A,N/A,N/A,N/A,N/A,N/A,N/A,N/A,Ishamael’s name in the Age of Legends.
Primary,Main,ToM,No,0,Elandria Borndat,Elandria Borndat,Elandria,Borndat,Elandria,N/A,F,Human,AOL,Scholar,N/A,Unassigned,N/A,Unknown,Unknown,An ancient scholar and the author of Seeing Through the Breaking.
Primary,Main,TGH,Yes,1,Elansu,Elansu,Elansu,,Elansu,N/A,F,Human,Current,Shatayan,N/A,Unassigned,N/A,Shienar,Unknown,Agelmar’s shatayan in Fal Dara. She was black-haired and sharp-faced.
Primary,Main,TFoH,No,0,Elayne Traemane,Elayne Traemane,Elayne,Traemane,Elayne,N/A,F,Human,Historic,Andoran Noble,N/A,Unassigned,N/A,Andor,Unknown,"An Andoran noblewoman; she was Ellorien’s grandmother, and Elayne Trakand was named after her."
Primary,Main,TEotW,Yes,153,Elayne Trakand,Elayne Trakand,Elayne,Trakand,Elayne,N/A,F,Human,Current,Aes Sedai,Green,No,8(+5),Andor,981 NE,"Daughter-Heir who became Queen of Andor. Elayne had red-gold curls and big blue eyes. She was about 5'7"" tall."
Primary,Main,TDR,Yes,2,Elber,Elber,Elber,,Elber,N/A,M,Human,Current,Queen's Guard,N/A,Unassigned,N/A,Unknown,Unknown,A Queen’s Guard at the Royal Palace in Caemlyn who was hired by Gaebril. He was rude and fat.
Primary,Main,TPoD,Yes,2,Eldase Takashi,Eldase Takashi,Eldase,Takashi,Eldase,N/A,F,Human,Current,Kinswoman,N/A,Unassigned,Unknown,Kandor,665 NE,A Kandori Kin and a member of the Knitting Circle in Ebou Dar. She was fierce-looking and had a temper
Primary,World,World,No,0,Eldaya Tolen,Eldaya Tolen,Eldaya,Tolen,Eldaya,N/A,F,Human,Historic,Aes Sedai,Blue,No,Unknown,Unknown,Unknown,An Aes Sedai of the Blue Ajah who served as Amyrlin from 533 to 549 NE.
Primary,Main,TEotW,No,0,Eldrene ay Ellan ay Carlan,Eldrene ay Ellan ay Carlan,Eldrene,ay Ellan ay Carlan,Eldrene,N/A,F,Human,Historic,Aes Sedai,Unknown,No,Unknown,Unknown,Unknown,"The last Queen of Manetheren and wife of Aemon. She was also known as Ellisande, the Rose of the Sun."
Primary,Main,CoT,Yes,1,Eldrid Methin,Eldrid Methin,Eldrid,Methin,Eldrid,N/A,F,Human,Current,Cook,N/A,Unassigned,N/A,Cairhien,Unknown,A cook in the Sun Palace in Cairhien.
Primary,Main,TEotW,Yes,4,Eldrin Cauthon,Eldrin Cauthon,Eldrin,Cauthon,Eldrin,N/A,F,Human,Current,Uncertain,N/A,Unassigned,N/A,Andor,984 NE,"Mat’s younger sister. Plumply pretty, she had a grin similar to her sister Bodewhin’s."
Primary,Main,KoD,No,0,Eldrin Hackly,Eldrin Hackly,Eldrin,Hackly,Eldrin,N/A,M,Human,Current,Wagon Man,N/A,Unassigned,N/A,Unknown,Unknown,A big wagon man who once almost killed Deni Colford.
Primary,Main,TSR,Yes,5,Eldrith Jhondar,Eldrith Jhondar,Eldrith,Jhondar,Eldrith,N/A,F,Human,Current,Aes Sedai,Brown,Yes,16(4),Amadicia,884 NE,An Amadician Aes Sedai of the Brown Ajah in public and of the Black Ajah in truth.
Primary,Main,TFoH,Yes,3,"Elegar, Lord",Lord Elegar,Elegar,,Elegar,N/A,M,Human,Current,Andoran Noble,N/A,Yes,N/A,Andor,Unknown,"A minor Andoran nobleman. He was thin-lipped and nervous, at least eighteen years older than Rand."
Primary,Main,AMoL,No,0,Elenar,Elenar,Elenar,,Elenar,N/A,F,Human,Current,Wise One Apprentice,N/A,Unassigned,N/A,Aiel,Unknown,An apprentice Wise One of the Daryne Aiel.
Primary,Main,TFoH,Yes,7,Elenia Sarand,Elenia Sarand,Elenia,Sarand,Elenia,N/A,F,Human,Current,Andoran Noble,N/A,Unassigned,N/A,Andor,Unknown,An Andoran noblewoman and the wife of Jarid.
Primary,Main,TGS,No,0,Eleyan al'Landerin,Eleyan al'Landerin,Eleyan,al'Landerin,Eleyan,N/A,F,Human,Historic,Aes Sedai,Green,No,Unknown,Unknown,Unknown,An Aes Sedai of the Green Ajah of ancient times. A statue of her and her Warders was in Tar Valon.
Primary,World,World,No,0,Elfraed Guitama,Elfraed Guitama,Elfraed,Guitama,Elfraed,N/A,M,Human,Historic,Leader,N/A,Unassigned,N/A,Unknown,Unknown,A leader who tried to seize Hawkwing’s empire after his death.
Alias,Main,TSR,N/A,N/A,"Elidar, Mistress",Mistress Elidar,Mistress,Elidar,Mistress Elidar,Egeanin Sarna,N/A,N/A,N/A,N/A,N/A,N/A,N/A,N/A,N/A,An alias used by Egeanin in Tanchico.
Primary,Main,WH,Yes,2,Elienda,Elienda,Elienda,,Elienda,N/A,F,Human,Current,Maiden of the Spear,N/A,Unassigned,N/A,Aiel,Unknown,"A Maiden of the Spear who accompanied Perrin to Ghealdan. She had wide shoulders, green eyes and graying hair."
Primary,Main,ACoS,Yes,2,Elin Warrel,Elin Warrel,Elin,Warrel,Elin,N/A,F,Human,Current,Aes Sedai,Brown,No,Unknown,Andor,953 NE,An Andoran Aes Sedai of the Brown Ajah and the loyalist contingent. She was skinny and short for an Andoran.
Primary,World,World,No,0,Elinde Motheneos,Elinde Motheneos,Elinde,Motheneos,Elinde,N/A,M,Human,Historic,Leader,N/A,Unassigned,N/A,Unknown,Unknown,A supporter of Amalasan who tried to free him from the White Tower; he failed and died.
Primary,WoTC,WoTC,No,0,Eliris Mancuri den Rhomin,Eliris Mancuri den Rhomin,Eliris,Mancuri den Rhomin,Eliris,N/A,M,Human,Current,Illianer Noble,N/A,Unassigned,N/A,Illian,Unknown,An Illianer nobleman who was a member of the Council of Nine.
Primary,NS,NS,Yes,1,Elis,Elis,Elis,,Elis,N/A,F,Human,Current,Servant,N/A,Unassigned,N/A,Kandor,Unknown,"A maid in Aesdaishar Palace in Chachin, Kandor. She was pale-haired and overly solicitous."
Primary,Main,TSR,Yes,2,Elisa al'Seen,Elisa al'Seen,Elisa,al'Seen,Elisa,N/A,F,Human,Current,Uncertain,N/A,Unassigned,N/A,Andor,Unknown,A motherly-looking Two Rivers woman. She was the wife of Jac.
Primary,Main,TEotW,Yes,1,Elisa al'Vere,Elisa al'Vere,Elisa,al'Vere,Elisa,N/A,F,Human,Current,Uncertain,N/A,Unassigned,N/A,Andor,973 NE,"Egwene’s third-eldest sister. After Perrin left the Two Rivers, she married a maker of musical instruments"
Primary,World,World,No,0,Elisane Tishar,Elisane Tishar,Elisane,Tishar,Elisane,N/A,F,Human,Historic,Aes Sedai,Unknown,No,Unknown,Unknown,Unknown,An Aes Sedai at the formation of the White Tower. The first to hold that title of the Amyrlin Seat.
Primary,Main,LoC,Yes,1,Elise Marwin,Elise Marwin,Elise,Marwin,Elise,N/A,F,Human,Current,Novice,N/A,Unassigned,Unknown,Andor,Unknown,"A girl from Two Rivers with the ability to channel. She was about sixteen, and was recruited by Verin and Alanna."
Primary,World,World,No,0,Elise Strang,Elise Strang,Elise,Strang,Elise,N/A,F,Human,Historic,Aes Sedai,Gray,No,Unknown,Unknown,Unknown,An Aes Sedai of the Gray Ajah who served as Amyrlin from 223 to 244 NE. Elise was a very weak Amyrlin.
Primary,Main,TPoD,Yes,1,Eliya,Eliya,Eliya,,Eliya,N/A,F,Human,Current,Soldier,N/A,Unassigned,N/A,Seanchan,Unknown,A Seanchan morat’raken flying over the Kin’s farm when Elayne and her party were leaving.
Primary,Main,TGH,No,0,Ella (1),Ella,Ella,,Ella,N/A,F,Human,Current,Serving Woman,N/A,Unassigned,N/A,Cairhien,Unknown,A serving woman at The Bunch of Grapes in Cairhien.
Primary,Main,LoC,No,0,Ella (2),Ella,Ella,,Ella,N/A,F,Ogier,Current,Uncertain,N/A,Unassigned,N/A,Unknown,Unknown,"Daughter of Soong, mother of Covril, thus Loial’s grandmother."
Primary,Main,TGH,No,0,Ellaine Marise'idin Alshinn,Ellaine Marise'idin Alshinn,Ellaine,Marise'idin Alshinn,Ellaine,N/A,F,Human,Historic,Translator,N/A,Unassigned,N/A,Unknown,Unknown,The translator of The Karaethon Cycle: The Prophecies of the Dragon.
Primary,Main,LoC,Yes,1,Elle,Elle,Elle,,Elle,N/A,F,Human,Current,Novice,N/A,Unassigned,Unknown,Andor,Unknown,A girl from Watch Hill with the ability to channel who was quite fair-haired for someone from the Two Rivers.
Primary,NS,NS,Yes,1,Ellid Abareim,Ellid Abareim,Ellid,Abareim,Ellid,N/A,F,Human,Current,Accepted,N/A,Unassigned,Unknown,Unknown,Unknown,A beautiful Accepted with golden hair and sapphire eyes. She never emerged from the ter’angreal when being tested.
Alias,Main,TEotW,N/A,N/A,Ellisande,Ellisande,Ellisande,,Ellisande,Eldrene ay Ellan ay Carlan,N/A,N/A,N/A,N/A,N/A,N/A,N/A,N/A,N/A,Another name for Eldrene ay Ellan ay Carlan.
Primary,NS,NS,No,0,"Ellisar, Lord",Lord Ellisar,Ellisar,,Lord Ellisar,N/A,M,Human,Current,Noble,N/A,Unassigned,N/A,Unknown,Unknown,A nobleman who had an encampment outside Tar Valon during the Battle of the Shining Walls.
Primary,Main,TFoH,No,0,"Ellizelle, Queen",Queen Ellizelle,Ellizelle,,Ellizelle,N/A,F,Human,Current,Queen,N/A,Unassigned,N/A,Ghealdan,Unknown,A queen of Ghealdan. Became queen after King Johanin was killed in a supposed hunting accident.
Primary,Main,TFoH,Yes,5,Ellorien Traemane,Ellorien Traemane,Ellorien,Traemane,Ellorien,N/A,F,Human,Current,Andoran Noble,N/A,Unassigned,N/A,Andor,Unknown,"An Andoran noblewoman and High Seat of House Traemane. She was about 5'5"" tall, with dark hair and brown eyes."
Primary,Main,AMoL,Yes,1,"Ells, Lady",Lady Ells,Lady,Ells,Lady Ells,N/A,F,Human,Current,Saldaean Noble,N/A,Unassigned,N/A,Saldaea,Unknown,A Saldaean noblewoman with the Borderlander forces in the Last Battle. Lan saw her and Agelmar speaking.
Primary,NS,NS,No,0,Ellya Mowly,Ellya Mowly,Ellya,Mowly,Ellya,N/A,F,Human,Current,Uncertain,N/A,Unassigned,N/A,Unknown,978 NE,A girl child born to Careme Mowly close to the Battle of the Shining Walls.
Primary,Main,ToM,No,0,Elmiara,Elmiara,Elmiara,,Elmiara,N/A,F,Human,Unknown,Story Character,N/A,Unassigned,N/A,Unknown,Unknown,"Character in “Elmiara and the Shadoweyes,” one of Thom’s stories."
Primary,Main,TSR,No,0,Elmindreda,Elmindreda,Elmindreda,,Elmindreda,N/A,F,Human,Unknown,Story Character,N/A,Unassigned,N/A,Unknown,Unknown,"A woman in a story who sighed after men, and vice versa, for whom Min Farshaw was named."
Primary,Main,TEotW,Yes,93,Elmindreda Farshaw,Elmindreda Farshaw,Elmindreda,Farshaw,Min,N/A,F,Human,Current,Uncertain,N/A,Unassigned,N/A,Andor,975 NE,Min was born outside Baerlon in 975 NE. She was an orphan raised by her three aunts.
Primary,Main,TGH,No,0,Elnore (1),Elnore,Elnore,,Elnore,N/A,F,Human,Current,Malkieri Noble,N/A,Unassigned,N/A,Malkier,Unknown,Nynaeve’s daughter in her Accepted test.
Primary,Main,TGH,No,0,Elnore (2),Elnore,Elnore,,Elnore,N/A,F,Human,Current,Uncertain,N/A,Unassigned,N/A,Andor,Unknown,"Nynaeve’s mother. She was, in Nynaeve’s opinion, a very difficult woman to live with, especially as a mother."
Primary,Main,LoC,No,0,Elora,Elora,Elora,,Elora,N/A,F,Ogier,Historic,Author,N/A,Unassigned,N/A,Unknown,Unknown,"An Ogier. The daughter of Amar daughter of Coura, she wrote Men of Fire and Women of Air."
Primary,Main,TGH,Yes,2,Elricain Tavolin,Elricain Tavolin,Elricain,Tavolin,Tavolin,N/A,M,Human,Current,Soldier,N/A,Unassigned,N/A,Cairhien,Unknown,A young Cairhienin lieutenant who escorted Rand from Tremonsien to Cairhien.
Primary,Main,TEotW,No,0,Elsbet,Elsbet,Elsbet,,Elsbet,N/A,F,Human,Unknown,Story Character,N/A,Unassigned,N/A,Unknown,Unknown,"The queen of the whole world, in a tale from the Age before the Age of Legends."
Primary,Main,TEotW,Yes,2,Else Grinwell,Else Grinwell,Else,Grinwell,Else,N/A,F,Human,Current,Farmgirl,N/A,Unassigned,N/A,Andor,Unknown,A flirtatious Andoran farmgirl whose family Rand and Mat stayed with while heading for Caemlyn.
Primary,Main,CoT,Yes,1,Elsie,Elsie,Elsie,,Elsie,N/A,F,Human,Current,Servant,N/A,Unassigned,N/A,Andor,Unknown,"A maid for House Matherin in Andor, a House loyal to Elayne, who saw a ghost."
Primary,Main,AMoL,Yes,1,Elswell,Elswell,Elswell,,Elswell,N/A,F,Human,Current,Aes Sedai,Unknown,No,Unknown,Unknown,Unknown,An Aes Sedai who after the Last Battle told Rodel Ituralde that he had to take the throne of Arad Doman.
Primary,Main,KoD,Yes,1,Elvaine Martan,Elvaine Martan,Elvaine,Martan,Elvaine,N/A,F,Human,Current,Andoran Noble,N/A,Unassigned,N/A,Andor,Unknown,"A gray-haired Andoran noblewoman who was the wife of Brannin, High Seat of House Martan."
Primary,Main,ACoS,Yes,1,Elver Shaene,Elver Shaene,Elver,Shaene,Shaene,N/A,M,Human,Current,Boat Captain,N/A,Unassigned,N/A,Unknown,Unknown,"A longboat captain in Cairhien harbor. He was skinny, with only a fringe of gray hair, and wore a Murandian coat."
Primary,Main,TSR,No,0,Elwin,Elwin,Elwin,,Elwin,N/A,M,Human,Historic,Jenn Aiel,N/A,Unassigned,N/A,Jenn Aiel,Unknown,A Jenn Aiel boy who lived after the Breaking. His parents were Adan and Siedre.
Primary,Main,LoC,Yes,1,Elwinn Taron,Elwinn Taron,Elwinn,Taron,Elwinn,N/A,F,Human,Current,Wisdom,N/A,Unassigned,N/A,Andor,Unknown,The Wisdom of Deven Ride. She was a round person and had a motherly smile.
Primary,Main,TEotW,Yes,22,Elyas Machera,Elyas Machera,Elyas,Machera,Elyas,N/A,M,Human,Current,Wolfbrother,N/A,Unassigned,N/A,Tear,943 NE,"A wolfbrother called “Long Tooth” by the wolves, for his knife/shortsword."
Primary,Main,ACoS,No,0,Elynde,Elynde,Elynde,,Elynde,N/A,F,Human,Current,Uncertain,N/A,Unassigned,N/A,Unknown,Unknown,One of Setalle’s married women friends.
Primary,Main,ACoS,Yes,14,Elza Penfell,Elza Penfell,Elza,Penfell,Elza,N/A,F,Human,Current,Aes Sedai,Green,Yes,25(13),Andor,874 NE,An Andoran Aes Sedai of the Green Ajah publicly and of the Black Ajah in truth.
Primary,Main,TFoH,Yes,3,Emara,Emara,Emara,,Emara,N/A,F,Human,Current,Accepted,N/A,Unassigned,30(18),Illian,968 NE,"An Illianer Accepted with the rebel contingent. A slight woman, she had gray eyes and a quick grin."
Primary,NS,NS,No,0,"Emares, Lord",Lord Emares,Emares,,Emares,N/A,M,Human,Current,Tairen Noble,N/A,Unassigned,N/A,Tear,Unknown,A Tairen nobleman who fought in the Aiel War.
Alias,Main,ToM,N/A,N/A,Emarin,Emarin,Emarin,,Emarin,Algarin Pendaloan,N/A,N/A,N/A,N/A,N/A,N/A,N/A,N/A,N/A,Name taken by Algarin Pendaloan when he became an Asha’man. Actually the name of his younger brother.
Primary,Main,CoT,No,0,Emarin Pendaloan,Emarin Pendaloan,Emarin,Pendaloan,Emarin,N/A,M,Human,Current,Tairen Noble,N/A,Unassigned,N/A,Tear,Unknown,A Tairen nobleman who could channel. He was the brother of Algarin. He was captured by Cadsuane and gentled.
Primary,Main,CoT,No,0,Emela,Emela,Emela,,Emela,N/A,F,Doll,Current,Doll,N/A,Unassigned,N/A,Seanchan,Unknown,A doll that belonged to Tuon when she was a child. She gave it to Karede for saving her life.
Primary,Main,LoC,Yes,1,Emerys,Emerys,Emerys,,Emerys,N/A,F,Human,Current,Wise One,N/A,Unassigned,22(10),Aiel,Unknown,"A Wise One of the Shaido Aiel with the ability to channel. She was about 5'6"" tall, with large, pretty gray eyes."
Primary,Main,LoC,Yes,1,Emry Lewin,Emry Lewin,Emry,Lewin,Emry,N/A,F,Human,Current,Novice,N/A,Unassigned,Unknown,Andor,Unknown,"A buxom Two Rivers girl with the ability to channel. At the age of fifteen, she was recruited by Verin and Alanna."
Primary,Main,TFoH,Yes,21,Enaila,Enaila,Enaila,,Enaila,N/A,F,Human,Current,Maiden of the Spear,N/A,Unassigned,N/A,Aiel,Unknown,"A woman of the Jarra sept of the Chareen Aiel and Far Dareis Mai. About 5'2"" tall, she was very short for an Aiel."
Primary,Main,LoC,No,0,Endara Casalain,Endara Casalain,Endara,Casalain,Endara,N/A,F,Human,Historic,Governor,N/A,Unassigned,N/A,Andor,Unknown,Artur Hawkwing’s governor in the province of Andor. Her daughter Ishara was the first queen of Andor.
Primary,Main,ACoS,Yes,3,Enid,Enid,Enid,,Enid,N/A,F,Human,Current,Cook,N/A,Unassigned,N/A,Altara,Unknown,The head cook at The Wandering Woman in Ebou Dar. She was a very round woman with olive skin and dark eyes.
Primary,Main,KoD,Yes,1,Enkazin,Enkazin,Enkazin,,Enkazin,N/A,M,Human,Current,Soldier,N/A,Unassigned,N/A,Saldaea,Unknown,"A skinny Saldaean soldier at the Black Tower. Just short of his middle years, he had a broad nose, and tilted eyes."
Primary,Main,CoT,No,0,Eram Talkend,Eram Talkend,Eram,Talkend,Eram,N/A,M,Human,Current,Andoran Noble,N/A,Unassigned,N/A,Andor,Unknown,An Andoran nobleman who was High Seat of his House. He supported Elenia Sarand for the Lion Throne.
Primary,Main,TSR,No,0,Eran,Eran,Eran,,Eran,N/A,M,Human,Current,Soldier,N/A,Unassigned,N/A,Saldaea,Unknown,A Saldaean soldier who served under Bashere in Bashere’s first command.
Primary,Main,AMoL,Yes,1,Eri,Eri,Eri,,Eri,N/A,M,Human,Current,Soldier,N/A,Unassigned,N/A,Unknown,Unknown,"A member of Jarid Sarand’s personal guard, who later became critical of Jarid as his insanity grew."
Primary,Main,LoC,Yes,11,Erian Boroleos,Erian Boroleos,Erian,Boroleos,Erian,N/A,F,Human,Current,Aes Sedai,Green,No,17(5),Illian,951 NE,"An Illianer Aes Sedai of the Green Ajah and loyalist contingent. She was 5'5"" tall, with pale skin and long black hair."
Primary,Main,TSR,Yes,7,Erim,Erim,Erim,,Erim,N/A,M,Human,Current,Aiel Clan Chief,N/A,Unassigned,N/A,Aiel,Unknown,A man of the White Mountain sept of the Chareen Aiel who was clan chief of the Chareen.
Primary,Main,TGH,Yes,7,Erith daughter of Iva daughter of Alar,Erith daughter of Iva daughter of Alar,Erith,,Erith,N/A,F,Ogier,Current,Uncertain,N/A,Unassigned,N/A,Stedding Tsofu,Unknown,"An Ogier from Stedding Tsofu. She was shorter than Loial, about eight feet tall."
Primary,Main,TPoD,Yes,1,Ershin Netari,Ershin Netari,Ershin,Netari,Ershin,N/A,M,Human,Current,Illianer Noble,N/A,Unassigned,N/A,Illian,Unknown,An Illianer nobleman who was a member of the Council of Nine. He fought against the Seanchan.
Primary,Main,LoC,Yes,5,Escaralde Hamdey,Escaralde Hamdey,Escaralde,Hamdey,Escaralde,N/A,F,Human,Current,Aes Sedai,Brown,No,23(11),Far Madding,927 NE,A Far Madding Aes Sedai of the Brown Ajah and the rebel contingent. She was a stubborn woman.
Primary,NS,NS,Yes,1,Eselle Najima,Eselle Najima,Eselle,Najima,Eselle,N/A,F,Human,Current,Uncertain,N/A,Unassigned,N/A,Kandor,Unknown,A Kandori girl whose mother was interviewed by Moiraine in her search for the Dragon Reborn.
Primary,Main,LoC,No,0,Esmara Getares,Esmara Getares,Esmara,Getares,Esmara,N/A,F,Human,Historic,General,N/A,Unassigned,N/A,Unknown,Unknown,A woman who tried to conquer Andor and re-create Hawkwing’s empire in the War of the Hundred Years.
Primary,NS,NS,Yes,2,Esne,Esne,Esne,,Esne,N/A,F,Human,Current,Servant,N/A,Unassigned,N/A,Kandor,Unknown,A serving woman in Aesdaishar Palace who served Lan when he visited.
Primary,Main,TSR,Yes,1,Esole,Esole,Esole,,Esole,N/A,F,Human,Historic,Jenn Aiel,N/A,Unassigned,N/A,Jenn Aiel,Unknown,A Jenn Aiel child during the Breaking. She was the daughter of Jonai and was still young enough to play with dolls.
Primary,Main,LoC,Yes,1,Espara Soman,Espara Soman,Espara,Soman,Espara,N/A,F,Human,Current,Herbalist,N/A,Unassigned,N/A,Toman Head,Unknown,A woman from Toman Head who sought refuge in the Two Rivers. She was an herbalist.
Primary,Main,WH,Yes,7,Essande,Essande,Essande,,Essande,N/A,F,Human,Current,Servant,N/A,Unassigned,N/A,Andor,Unknown,"Elayne’s maid at the Royal Palace in Caemlyn, chosen after Elayne’s return to Caemlyn."
Primary,Main,WH,No,0,Essonde,Essonde,Essonde,,Essonde,N/A,F,Human,Current,Der'sul'dam,N/A,Unassigned,Unknown,Seanchan,Unknown,A senior der’sul’dam in Ebou Dar.
Primary,Main,LoC,Yes,2,Estair,Estair,Estair,,Estair,N/A,F,Human,Current,Wise One Apprentice,N/A,Unassigned,N/A,Aiel,Unknown,An Aiel who was a Wise One apprentice to Aeron. She was a slender redhead with serious gray eyes.
Primary,Main,ACoS,Yes,1,Estalaine,Estalaine,Estalaine,,Estalaine,N/A,F,Human,Current,Wise One,N/A,Unassigned,N/A,Aiel,Unknown,A Wise One of the Shaido Aiel. She was with Sevanna at Dumai’s Wells and was killed by lightning.
Primary,Main,TSR,Yes,2,"Estanda, High Lady",High Lady Estanda,Estanda,,Estanda,N/A,F,Human,Current,Tairen Noble,N/A,Unassigned,N/A,Tear,Unknown,A High Lady of Tear. Rand gave Tedosian into her care when he sent Tedosian's wife away (Alteima).
Primary,Main,TSR,Yes,7,Estean Andiama,Estean Andiama,Estean,Andiama,Estean,N/A,M,Human,Current,Tairen Noble,N/A,Unassigned,N/A,Tear,Unknown,A Tairen nobleman who was the son of High Lord Torean. He was plain-faced with a large nose and ears.
Primary,Main,WH,No,0,Ester Norham,Ester Norham,Ester,Norham,Ester,N/A,F,Human,Current,Hairdresser,N/A,Unassigned,N/A,Unknown,Unknown,A hairdresser in the Royal Palace in Caemlyn who was uncovered as a spy by Reene Harfor.
Primary,WoTC,WoTC,No,0,Ester Stepashin,Ester Stepashin,Ester,Stepashin,Ester,N/A,F,Human,Current,Aes Sedai,Green,No,16(4),Illian,955 NE,"An Illianer Aes Sedai of the Green Ajah and the rebel contingent, with a strength level of 16(4)."
Primary,Main,LoC,Yes,1,Estevan Tonarma,Estevan Tonarma,Estevan,Tonarma,Estevan,N/A,M,Human,Current,Tairen Noble,N/A,Unassigned,N/A,Tear,Unknown,"A Tairen Lord of the Land sworn to Sunamon. A lanky man, he had a hard jaw, and harder eyes."
Primary,Main,TPoD,Yes,5,Ethenielle Kirukon Materasu,Ethenielle,Ethenielle,Kirukon Materasu,Ethenielle,N/A,F,Human,Current,Queen,N/A,Unassigned,N/A,Kandor,946 NE,"Queen of Kandor. About 5'4"" tall, and buxom, with blue eyes and a few gray hairs dusting her black hair."
Primary,Main,KoD,Yes,2,Ethin,Ethin,Ethin,,Ethin,N/A,M,Human,Current,Servant,N/A,Unassigned,N/A,Tear,Unknown,"An old serving man at Lord Algarin’s manor in Tear. He was bony and white-haired, and had trouble with his joints."
Primary,Main,TSR,No,0,Eurian Romavni,Eurian Romavni,Eurian,Romavni,Eurian,N/A,M,Human,Historic,Author,N/A,Unassigned,N/A,Kandor,Unknown,"The Kandori author of A Journey to Tarabon, a book Egwene used as a guide to Tanchico."
Alias,World,World,N/A,N/A,Eval Ramman,Eval Ramman,Eval,Ramman,Eval,Balthamel,N/A,N/A,N/A,N/A,N/A,N/A,N/A,N/A,N/A,Balthamel’s name in the Age of Legends.
Primary,Main,TFoH,Yes,3,Evanellein Lorn,Evanellein Lorn,Evanellein,Lorn,Evanellein,N/A,F,Human,Current,Aes Sedai,Gray,Yes,20(8),Andor,855 NE,An Andoran Aes Sedai of the Gray Ajah in public but of the Black Ajah in truth.
Primary,Main,KoD,Yes,1,Evard Cordwyn,Evard Cordwyn,Evard,Cordwyn,Cordwyn,N/A,M,Human,Current,Mercenary,N/A,Unassigned,N/A,Andor,Unknown,An Andoran mercenary captain who was hired by Elayne. He was square-jawed and wore a ruby in his left earlobe.
Primary,Main,ToM,Yes,1,Evasni,Evasni,Evasni,,Evasni,N/A,F,Human,Current,Maiden of the Spear,N/A,Unassigned,N/A,Aiel,Unknown,A Far Dareis Mai who went with Rand to Maradon. She was lanky with dark red hair.
Primary,Main,CoT,No,0,"Evelle, Lady",Lady Evelle,Evelle,,Evelle,N/A,F,Human,Current,Andoran Noble,N/A,Unassigned,N/A,Andor,Unknown,An aunt of Catalyn Haevin. She told Catalyn to leave the swords to men.
Primary,Main,WH,Yes,7,Evin Vinchova,Evin Vinchova,Evin,Vinchova,Evin,N/A,M,Human,Current,Asha'man,N/A,Turned,Unknown,Kandor,Unknown,"A young Asha’man Dedicated from Kandor. He was a pretty, pink-cheeked lad. Called ""Vinchova"" a few times."
Primary,Main,TFoH,Yes,1,Evon,Evon,Evon,,Evon,N/A,M,Human,Current,Cook,N/A,Unassigned,N/A,Amadicia,Unknown,"The cook in the Arene household in Amador. He was fat and balding, and and is sometimes called ""Fat Evon""."
Primary,Main,TEotW,No,0,Ewal Coplin,Ewal Coplin,Ewal,Coplin,Ewal,N/A,M,Human,Current,Uncertain,N/A,Unassigned,N/A,Andor,Unknown,A young man in Emond’s Field. Rand once punched him in the nose for making fun of his gray eyes.
Primary,Main,TSR,No,0,Eward Aybara,Eward Aybara,Eward,Aybara,Eward,N/A,M,Human,Current,Uncertain,N/A,Unassigned,N/A,Andor,Unknown,Perrin’s stout paternal uncle. He and his wife Magde had three children. Fain killed them.
Primary,Main,TEotW,Yes,3,Eward Candwin,Eward Candwin,Eward,Candwin,Eward,N/A,M,Human,Current,Cooper,N/A,Unassigned,N/A,Andor,Unknown,"A stout cooper from Emond’s Field. During the Trolloc attack on Winternight, he was injured."
Primary,Main,TEotW,No,0,Eward Congar,Eward Congar,Eward,Congar,Eward,N/A,M,Human,Current,Uncertain,N/A,Unassigned,N/A,Andor,Unknown,An Emond’s Field man who looked down his nose at others.
Primary,Main,TEotW,Yes,5,Ewin Finngar,Ewin Finngar,Ewin,Finngar,Ewin,N/A,M,Human,Current,Uncertain,N/A,Unassigned,N/A,Andor,Unknown,A young man from Emond’s Field. Moiraine gave him a silver penny.
Primary,Main,KoD,Yes,1,Eyndel,Eyndel,Eyndel,,Eyndel,N/A,M,Human,Current,Band of the Red Hand,N/A,Unassigned,N/A,Unknown,Unknown,A member of the Band of the Red Hand.
Primary,Main,LoC,Yes,5,Faeldrin Harella,Faeldrin Harella,Faeldrin,Harella,Faeldrin,N/A,F,Human,Current,Aes Sedai,Green,No,16(4),Tarabon,937 NE,"A Taraboner Aes Sedai of the Green Ajah and the rebel contingent. She was 5'4"" tall, and had dark hair in braids."
Primary,WoTC,WoTC,No,0,Faeral din Rao,Faeral din Rao,Faeral,din Rao,Faeral,N/A,F,Human,Current,Windfinder,N/A,Unassigned,19(7),Sea Folk,Unknown,A Sea Folk Windfinder with a strength level of 19(7). She accompanied Renaile to the Tarasin Palace.
Primary,Main,ACoS,Yes,25,Fager Neald,Fager Neald,Fager,Neald,Neald,N/A,M,Human,Current,Asha'man,N/A,Unassigned,Unknown,Murandy,Unknown,A Murandian man who was born near the border with Andor. He was a fop and a dandy.
Primary,Main,TDR,Yes,88,Faile ni Bashere t'Aybara,Faile ni Bashere t'Aybara,Faile,ni Bashere t'Aybara,Faile,N/A,F,Human,Current,Saldaean Noble,N/A,Unassigned,N/A,Saldaea,981 NE,"A young Saldaean woman whose birth-name was Zarine, she was the daughter of Davram Bashere."
Primary,Main,LoC,Yes,9,Faiselle Darone,Faiselle Darone,Faiselle,Darone,Faiselle,N/A,F,Human,Current,Aes Sedai,Green,No,20(8),Arad Doman,829 NE,"A Domani Aes Sedai of the Green Ajah and the rebel contingent. Copper-skinned, she was stocky with a square face."
Primary,Main,KoD,Yes,2,Falendre,Falendre,Falendre,,Falendre,N/A,F,Human,Current,Sul'dam,N/A,Unassigned,Unknown,Seanchan,Unknown,"A sul’dam accompanying Anath/Semirhage when she met with Rand. She was honey-skinned, with dark eyes."
Primary,Main,ToM,No,0,Falin Deborsha,Falin Deborsha,Falin,Deborsha,Falin,N/A,U,Human,Current,Merchant,N/A,Unassigned,N/A,Altara,Unknown,"An Ebou Dari merchant, possibly fictional, with whom Basel Gill claimed to be dealing."
Primary,Main,TFoH,Yes,10,Falion Bhoda,Falion Bhoda,Falion,Bhoda,Falion,N/A,F,Human,Current,Aes Sedai,White,Yes,17(5),Kandor,873 NE,A Kandori Aes Sedai of the White Ajah publicly and the Black Ajah in truth.
Title,Main,ToM,N/A,N/A,Fallen Blacksmith,Fallen Blacksmith,Fallen Blacksmith,,Fallen Blacksmith,Perrin Aybara,N/A,N/A,N/A,N/A,N/A,N/A,N/A,N/A,N/A,Prophetic name for Perrin.
Primary,Main,TPoD,Yes,1,Falton,Falton,Falton,,Falton,N/A,M,Human,Current,Farrier,N/A,Unassigned,N/A,Cairhien,Unknown,A Cairhienin farrier in Perrin’s camp in Ghealdan. Only a fringe of white hair remained on his head.
Primary,Main,ACoS,Yes,5,Famelle Juarde,Famelle Juarde,Famelle,Juarde,Famelle,N/A,F,Human,Current,Kinswoman,N/A,Unassigned,38(26),Tarabon,658 NE,"A Taraboner Kin and member of the Knitting Circle in Ebou Dar. She was sllender and pretty, with large brown eyes."
Primary,Main,AMoL,No,0,Fanshir,Fanshir,Fanshir,,Fanshir,N/A,M,Human,Current,Asha'man,N/A,Unassigned,Unknown,Unknown,Unknown,An Asha’man soldier who was a scholar before going to the Black Tower; he was the possessor of interesting books.
Primary,Main,TDR,Yes,11,Faolain Orande,Faolain Orande,Faolain,Orande,Faolain,N/A,F,Human,Current,Aes Sedai,Blue,No,17(5),Unknown,970 NE,An Aes Sedai of the Blue Ajah and the rebel contingent. She had curly hair and a dark round face.
Primary,World,World,No,0,Farede,Farede,Farede,,Farede,N/A,M,Human,Historic,Panarch,N/A,Unassigned,N/A,Tarabon,Unknown,"The first Panarch of Tarabon. He adopted and promoted a new calendar, the Farede Calendar."
Primary,World,World,No,0,Farede,Farede,Farede,,Farede,N/A,M,Human,Historic,Panarch,N/A,Unassigned,N/A,Tarabon,Unknown,The first Panarch of Tarabon after the War of the Hundred Years. He adopted and promoted the Farede Calendar.
Primary,Main,ACoS,No,0,Farellien,Farellien,Farellien,,Farellien,N/A,F,Human,Current,Aes Sedai,Yellow,No,Unknown,Unknown,Unknown,An Aes Sedai of the Yellow Ajah and the loyalist contingent. Elaida praised her for adhering to the law.
Primary,Main,ToM,Yes,1,Farnah,Farnah,Farnah,,Farnah,N/A,F,Human,Current,Aes Sedai,Green,No,Unknown,Unknown,Unknown,An Aes Sedai of the Green Ajah who was raised Sitter for the Green Ajah to replace Talene Minly.
Primary,Main,TSR,Yes,3,Farran,Farran,Farran,,Farran,N/A,M,Human,Current,Whitecloak,N/A,Unassigned,N/A,Unknown,Unknown,A Whitecloak soldier of the rank Hundredman. He was a boulder of a man and wore a beard.
Title,Main,TEotW,N/A,N/A,Father of Lies,Father of Lies,Father of Lies,,Father of Lies,Dark One,N/A,N/A,N/A,N/A,N/A,N/A,N/A,N/A,N/A,Another name for the Dark One.
Title,Main,TSR,N/A,N/A,Father of Storms,Father of Storms,Father of Storms,,Father of Storms,Dark One,N/A,N/A,N/A,N/A,N/A,N/A,N/A,N/A,N/A,A Sea Folk term for the Dark One.
Primary,Main,TGS,Yes,1,Faverde Nothish,Faverde Nothish,Faverde,Nothish,Faverde,N/A,M,Human,Current,Seanchan Noble,N/A,Unassigned,N/A,Seanchan,Unknown,A wiry member of the Seanchan Blood. He attended Tuon’s first audience in Ebou Dar.
Primary,Main,TGS,Yes,1,Favidan,Favidan,Favidan,,Favidan,N/A,M,Human,Current,Farmhand,N/A,Unassigned,N/A,Borderlands,Unknown,One of Renald Fanwar’s farmhands.
Primary,Main,CoT,Yes,2,Fearil,Fearil,Fearil,,Fearil,N/A,M,Human,Current,Warder,N/A,Yes,N/A,Unknown,Unknown,"Elza Penfell’s Darkfriend Warder. He was lean and pretty, with pale hair, a hard mouth and a harsh voice."
Primary,Main,CoT,No,0,Feather,Feather,Feather,,Feather,N/A,M,Wolf,Current,Wolf,N/A,Unassigned,N/A,Unknown,Unknown,A young wolf who was Leafhunter’s mate.
Primary,Main,LoC,Yes,12,Fedwin Morr,Fedwin Morr,Fedwin,Morr,Morr,N/A,M,Human,Current,Asha'man,N/A,Unassigned,Unknown,Andor,984 NE,"A young Andoran man who became an Asha’man. He was about 5'10"" tall, with brown eyes and straight brown hair."
Primary,Main,NS,Yes,4,Felaana Bevaine,Felaana Bevaine,Felaana,Bevaine,Felaana,N/A,F,Human,Current,Aes Sedai,Brown,No,17(5),Unknown,Unknown,"An Aes Sedai of the Brown Ajah and the loyalist contingent. She was slim, with a raspy voice and yellow hair."
Primary,Main,ACoS,Yes,12,Fen Mizar,Fen Mizar,Fen,Mizar,Fen,N/A,M,Human,Current,Warder,N/A,Unassigned,N/A,Saldaea,Unknown,Joline’s Saldaean Warder. He had broad shoulders and a narrow waist.
Primary,Main,ToM,Yes,1,Fennel,Fennel,Fennel,,Fennel,N/A,M,Human,Current,Farrier,N/A,Unassigned,N/A,Unknown,Unknown,A farrier with Perrin’s army who was sent ahead with Basel Gill before the battle at Malden.
Primary,Main,CoT,No,0,Fera Sormen,Fera Sormen,Fera,Sormen,Fera,N/A,F,Human,Current,Aes Sedai,White,Yes,33(21),Unknown,864 NE,"An Aes Sedai of the White Ajah, but actually Black. She helped to kidnap Rand, and was captured at Dumai’s Wells."
Primary,World,World,No,0,Feragaine Saralman,Feragaine Saralman,Feragaine,Saralman,Feragaine,N/A,F,Human,Historic,Aes Sedai,Blue,No,Unknown,Unknown,Unknown,An Aes Sedai of the Blue Ajah who served as Amyrlin from 732 to 754 NE.
Primary,Main,ACoS,Yes,1,Feraighin,Feraighin,Feraighin,,Feraighin,N/A,F,Human,Current,Wise One,N/A,Unassigned,Unknown,Aiel,Unknown,A “youngish” Aiel Wise One who came to meet Rand and Perrin’s party as they neared Cairhien after Dumai’s Wells.
Primary,Main,TFoH,No,0,Feran,Feran,Feran,,Feran,N/A,M,Human,Current,Aiel Warrior,N/A,Unassigned,N/A,Aiel,Unknown,A man of the Chareen Aiel and the Seia Doon society. His greatfather was Sorilea’s sister-son.
Primary,Main,TPoD,Yes,6,Ferane Neheran,Ferane Neheran,Ferane,Neheran,Ferane,N/A,F,Human,Current,Aes Sedai,White,No,21(9),Arad Doman,727 NE,"A Domani Aes Sedai of the White Ajah and the loyalist contingent. About 5'2"" tall, and decidedly plump."
Primary,Main,ACoS,Yes,7,Fergin,Fergin,Fergin,,Fergin,N/A,M,Human,Current,Band of the Red Hand,N/A,Unassigned,N/A,Andor,Unknown,"An Andoran Redarm in the Band of the Red Hand. About 5'10"" tall and skinny, with brown hair and pale brown eyes."
Primary,Main,AMoL,Yes,1,Filger,Filger,Filger,,Filger,N/A,M,Human,Current,Band of the Red Hand,N/A,Unassigned,N/A,Unknown,Unknown,A scout in the Band of the Red Hand. A lean man with thinning hair.
Primary,Main,TGS,No,0,"Finndal, Lord",Lord Finndal,Lord,Finndal,Lord Finndal,N/A,M,Human,Current,Uncertain,N/A,Unassigned,N/A,Andor,Unknown,An Andoran man with whose wife Thom Merrilin once flirted.
Primary,Main,ToM,No,0,"Finsas, Captain",Captain Finsas,Captain,Finsas,Captain Finsas,N/A,M,Human,Current,Soldier,N/A,Unassigned,N/A,Unknown,Unknown,An officer in Ituralde’s army who was injured by trebuchet-thrown Trolloc corpses at Maradon.
Primary,Main,LoC,Yes,2,Fionnda Annariz,Fionnda Annariz,Fionnda,Annariz,Fionnda,N/A,F,Human,Current,Tairen Noble,N/A,Unassigned,N/A,Tear,Unknown,"A High Lady of Tear. Beautiful, with a stern face and hard eyes."
Primary,Main,TPoD,Yes,7,Fireheart,Fireheart,Fireheart,,Fireheart,N/A,M,Horse,Current,Horse,N/A,Unassigned,N/A,Unknown,Unknown,A tall black gelding ridden by Elayne.
Primary,Main,ToM,Yes,1,Firewisp,Firewisp,Firewisp,,Firewisp,N/A,U,Horse,Current,Horse,N/A,Unassigned,N/A,Unknown,Unknown,"A horse taken by Edesina, with permission, from the Band of the Red Hand, for the trip back to the White Tower."
Title,Main,ToM,N/A,N/A,First Among Vermin,First Among Vermin,First Among Vermin,,First Among Vermin,Padan Fain,N/A,N/A,N/A,N/A,N/A,N/A,N/A,N/A,N/A,Character from the Prophecies of the Shadow; possibly Padan Fain?
Primary,Main,TEotW,Yes,4,"Fitch, Master",Master Fitch,Master,Fitch,Master Fitch,N/A,M,Human,Current,Innkeeper,N/A,Unassigned,N/A,Andor,Unknown,The innkeeper of The Stag and Lion in Baerlon. He was as big around as Master al’Vere.
Primary,Main,TPoD,Yes,4,Flann Barstere,Flann Barstere,Flann,Barstere,Flann,N/A,M,Human,Current,Uncertain,N/A,Unassigned,N/A,Andor,Unknown,A young Two Rivers man from Watch Hill. A lanky fellow with a dent in his chin.
Primary,Main,TSR,Yes,3,Flann Lewin,Flann Lewin,Flann,Lewin,Flann,N/A,M,Human,Current,Farmer,N/A,Unassigned,N/A,Andor,Unknown,"A Two Rivers farmer. He was a gnarled, gray-headed beanpole. Adine was his wife, and Tell and Dannil his nephews."
Primary,Main,ToM,Yes,1,Flern,Flern,Flern,,Flern,N/A,M,Human,Future,Lightmaker,N/A,Unassigned,N/A,Unknown,Unknown,"A Lightmaker who killed Malidra, a scavenging Aiel, seen in Aviendha’s view of the future in Rhuidean."
Primary,Main,TEotW,Yes,5,Floran Gelb,Floran Gelb,Floran,Gelb,Gelb,N/A,M,Human,Current,Boat Crewman,N/A,Unassigned,N/A,Unknown,Unknown,"A crewman on Bayle Domon’s Spray, although not a good one. He later worked for Egeanin in Tanchico."
Primary,Main,AMoL,No,0,Fogh the Tireless,Fogh the Tireless,Fogh the Tireless,,Fogh the Tireless,N/A,U,Human,Historic,General,N/A,Unassigned,N/A,Unknown,Unknown,"A historical military commander, credited with a saying about learning from losses."
Alias,Main,TGS,N/A,N/A,Fortuona Athaem Devi Paendrag,Fortuona Athaem Devi Paendrag,Fortuona,Athaem Devi Paendrag,Fortuona,Tuon Athaem Kore Paendrag,N/A,N/A,N/A,N/A,N/A,N/A,N/A,N/A,N/A,The name that Tuon took upon becoming Empress.
Primary,Main,AMoL,No,0,Frask Taglien,Frask Taglien,Frask,Taglien,Frask,N/A,M,Human,Current,Uncertain,N/A,Unassigned,N/A,Unknown,Unknown,"The husband of Lind, innkeeper of The Great Gathering at the Black Tower."
Primary,Main,CoT,Yes,1,Fridwyn Ros,Fridwyn Ros,Fridwyn,Ros,Master Ros,N/A,M,Human,Current,Estate Manager,N/A,Unassigned,N/A,Unknown,Unknown,A former soldier who managed Lord Aedmun Matherin’s estate in Andor. He had heavy shoulders and only one leg.
Primary,Main,LoC,Yes,1,Frielle Anan,Frielle Anan,Frielle,Anan,Frielle,N/A,F,Human,Current,Uncertain,N/A,Unassigned,N/A,Altara,Unknown,The middle daughter of Setalle Anan. She was eighteen years old. She volunteered to look after Olver.
Primary,Main,LoC,Yes,7,Furen Alharra,Furen Alharra,Furen,Alharra,Furen,N/A,M,Human,Current,Warder,N/A,Unassigned,N/A,Tear,Unknown,"One of Seonid’s Warders. Furen was a Tairen, with a complexion nearly as dark as good soil. Also called ""Alharra""."
Primary,Main,TPoD,Yes,13,Furyk Karede,Furyk Karede,Furyk,Karede,Karede,N/A,M,Human,Current,Deathwatch Guard,N/A,Unassigned,N/A,Seanchan,958 NE,"A Seanchan member of the Deathwatch Guards. He was about 6'1"" tall, and moderately stocky, with a bluff face."
Primary,Main,WH,Yes,7,Gabrelle Brawley,Gabrelle Brawley,Gabrelle,Brawley,Gabrelle,N/A,F,Human,Current,Aes Sedai,Brown,No,19(7),Murandy,902 NE,"An Aes Sedai of the Brown Ajah and the loyalist contingent. About 5'5"" tall, with an average build, and pretty."
Primary,Main,LoC,Yes,1,Gadren Grady,Gadren Grady,Gadren,Grady,Gadren,N/A,M,Human,Current,Uncertain,N/A,Unassigned,N/A,Unknown,Unknown,Jur and Sora Grady’s ugly young son.
Alias,Main,TDR,N/A,N/A,"Gaebril, Lord",Lord Gaebril,Gaebril,,Gaebril,Rahvin,N/A,N/A,N/A,N/A,N/A,N/A,N/A,N/A,N/A,The persona taken by Rahvin when he awoke in the Third Age.
Primary,Main,TGS,No,0,Gaffin,Gaffin,Gaffin,,Gaffin,N/A,M,Human,Current,Uncertain,N/A,Unassigned,N/A,Borderlands,Unknown,Someone known to Renald Fanwar.
Primary,Main,TEotW,Yes,3,Gaidal Cain,Gaidal Cain,Gaidal,Cain,Gaidal,N/A,M,Human,Current,Hero of the Horn,N/A,Unassigned,N/A,Unknown,Unknown,"A hero-swordsman of legend and story, always linked to Birgitte. He was one of the Heroes of the Horn."
Primary,Main,TDR,Yes,3,Gaidin,Gaidin,Gaidin,,Gaidin,N/A,M,Horse,Current,Horse,N/A,Unassigned,N/A,Unknown,Unknown,"A black stallion that belonged to brigands. Nynaeve took him, named him and rode him to Tear."
Primary,Main,TDR,Yes,2,Gainor Furlan,Gainor Furlan,Gainor,Furlan,Furlan,N/A,M,Human,Current,Innkeeper,N/A,Unassigned,N/A,Altara,Unknown,"The innkeeper at The Wayland’s Forge in Remen, Altara. Furlan was plump and bald-headed with brown eyes."
Primary,Main,TEotW,Yes,33,Galadedrid Damodred,Galadedrid Damodred,Galadedrid,Damodred,Galad,N/A,M,Human,Current,Whitecloak,N/A,Unassigned,N/A,Andor,970 NE,The son of Tigraine and Taringail. He was tall and slender with dark hair and dark eyes; and extremely handsome.
Primary,Main,AMoL,Yes,1,Galbrait,Galbrait,Galbrait,,Galbrait,N/A,F,Human,Current,Soldier,N/A,Unassigned,N/A,Shara,Unknown,The leader of the Ayyad women in the Last Battle.
Primary,Main,LoC,Yes,14,Galina Casban,Galina Casban,Galina,Casban,Galina,N/A,F,Human,Current,Aes Sedai,Red,Yes,14(2),Unknown,875 NE,"An Aes Sedai of the Red Ajah publicly and the Black Ajah in truth. 5'5"" tall, with black hair and dark brown eyes."
Primary,Main,TGS,Yes,1,Gallanha,Gallanha,Gallanha,,Gallanha,N/A,F,Human,Current,Uncertain,N/A,Unassigned,N/A,Unknown,Unknown,A woman living in the Borderlands who was Thulin’s wife and Mirala’s mother.
Primary,Main,TGH,No,0,Galldrian su Riatin Rie,Galldrian su Riatin Rie,Galldrian,su Riatin Rie,Galldrian,N/A,M,Human,Current,King,N/A,Unassigned,N/A,Unknown,Unknown,A king of Cairhien; his personal sign was the Stag. He was assassinated by Thom in 998 NE.
Primary,Main,WH,Yes,1,"Gallger, Mistress",Mistress Gallger,Mistress,Gallger,Mistress Gallger,N/A,F,Human,Current,Innkeeper,N/A,Unassigned,N/A,Far Madding,Unknown,The innkeeper of The Golden Wheel in Far Madding. She was thin and wore her dark hair in a bun.
Title,Main,AMoL,N/A,N/A,Gambler,Gambler,Gambler,,Gambler,Matrim Cauthon,N/A,N/A,N/A,N/A,N/A,N/A,N/A,N/A,N/A,The name that the Heroes of the Horn called Mat in the Last Battle.
Primary,Main,KoD,Yes,1,Gamel Loune,Gamel Loune,Gamel,Loune,Gamel,N/A,M,Human,Current,Soldier,N/A,Unassigned,N/A,Seanchan,Unknown,"A Seanchan Banner-General from Dalenshar. Tall and slender, with skin blacker than charcoal."
Primary,Main,TDR,No,0,"Gann, Lord",Lord Gann,Gann,,Gann,N/A,M,Human,Current,Hunter of the Horn,N/A,Unassigned,N/A,Unknown,Unknown,A braggart Hunter of the Horn whom Moiraine and her company encountered at Wayland’s Forge Inn in Remen.
Primary,Main,TSR,Yes,1,Garam,Garam,Garam,,Garam,N/A,M,Human,Historic,Uncertain,N/A,Unassigned,N/A,Unknown,Unknown,The son of a landowner west of the Spine of the World after the Breaking. He was slight and dark-eyed.
Primary,Main,TFoH,No,0,Garan,Garan,Garan,,Garan,N/A,M,Human,Current,Aiel Warrior,N/A,Unassigned,N/A,Aiel,Unknown,"A man of the Jhirad Goshien Aiel. He married Joinde of the Black Rock Shaarad, whom he was gai’shain to."
Alias,Main,ToM,N/A,N/A,Garard,Garard,Garard,,Garard,Matrim Cauthon,N/A,N/A,N/A,N/A,N/A,N/A,N/A,N/A,N/A,Alias used by Mat when pretending to be a simple beggar.
Alias,Main,ACoS,N/A,N/A,Garenia Rosoinde,Garenia Rosoinde,Garenia,Rosoinde,Garenia,Zarya Alkaese,N/A,N/A,N/A,N/A,N/A,N/A,N/A,N/A,N/A,A Saldaean Kin whose true identity was revealed to be Zarya Alkaese.
Primary,Main,TEotW,Yes,38,Gareth Bryne,Gareth Bryne,Gareth,Bryne,Bryne,N/A,M,Human,Current,General,N/A,Unassigned,N/A,Andor,939 NE,"An Andoran man who was High Seat of House Bryne, in Kore Springs. He was one of the five great captains."
Primary,Main,ToM,No,0,Garfin,Garfin,Garfin,,Garfin,N/A,M,Human,Current,Soldier,N/A,Unassigned,N/A,Illian,Unknown,The one-armed Illianer who taught Androl use of the sword and the flame and the void.
Primary,Main,TGS,No,0,Garken,Garken,Garken,,Garken,N/A,M,Human,Current,Uncertain,N/A,Unassigned,N/A,Altara,Unknown,An old man who was killed by Mayor Barlden the first night the madness appeared in Hinderstap.
Primary,Main,ToM,Yes,1,Garlvan,Garlvan,Garlvan,,Garlvan,N/A,M,Human,Future,Uncertain,N/A,Unassigned,N/A,Unknown,Unknown,"An Aiel baby, the youngest child of Norlesh and Metalan. He died of hunger."
Primary,Main,CoT,No,0,Garon Burlow,Garon Burlow,Garon,Burlow,Master Burlow,N/A,M,Human,Current,Mayor,N/A,Unassigned,N/A,Tar Valon,Unknown,The Mayor of Dorlan. His house was the largest in Dorlan.
Primary,Main,ToM,Yes,1,Garumand,Garumand,Garumand,,Garumand,N/A,M,Human,Current,Guard,N/A,Unassigned,N/A,Saldaea,Unknown,The captain of Graendal’s palace guard at Natrin’s Barrow and a victim of her Compulsion. Tenobia’s distant cousin.
Primary,Main,TDR,Yes,51,Gaul,Gaul,Gaul,,Gaul,N/A,M,Human,Current,Aiel Warrior,N/A,Unassigned,N/A,Aiel,Unknown,A man of the Imran sept of the Shaarad Aiel and the Shae’en M’taal (Stone Dog) society.
Primary,Main,AMoL,Yes,1,Gavid,Gavid,Gavid,,Gavid,N/A,M,Human,Current,Band of the Red Hand,N/A,Unassigned,N/A,Unknown,Unknown,A soldier in the Band of the Red Hand who led about two dozen crossbowmen while defending Caemlyn.
Primary,Main,TEotW,Yes,46,Gawyn Trakand,Gawyn Trakand,Gawyn,Trakand,Gawyn,N/A,M,Human,Current,Andoran Noble,N/A,Unassigned,N/A,Andor,979 NE,"Queen Morgase’s son, who was meant to become First Prince of the Sword when Elayne ascended the throne."
Primary,Main,TSR,Yes,1,Gearan,Gearan,Gearan,,Gearan,N/A,M,Human,Historic,Jenn Aiel,N/A,Unassigned,N/A,Jenn Aiel,Unknown,A young Jenn Aiel male from the time after the Breaking. He was as lanky as a stork and a good runner.
Primary,Main,TGS,Yes,1,Gelarna,Gelarna,Gelarna,,Gelarna,N/A,F,Human,Current,Aes Sedai,Yellow,No,Unknown,Unknown,Unknown,An Aes Sedai of the Yellow Ajah and the loyalist contingent.
Primary,Main,AMoL,Yes,1,Gelen,Gelen,Gelen,,Gelen,N/A,M,Human,Current,Deathwatch Guard,N/A,Unassigned,N/A,Seanchan,Unknown,A member of the Deathwatch Guard who chased Mat around the Field of Merrilor.
Primary,Main,TGS,No,0,Geleni,Geleni,Geleni,,Geleni,N/A,M,Human,Current,Farmhand,N/A,Unassigned,N/A,Borderlands,Unknown,One of Renald Fanwar’s farmhands. He was in the village to pick up new seed when Renald decided to go north.
Primary,Main,ToM,No,0,Gelfina,Gelfina,Gelfina,,Gelfina,N/A,F,Human,Unknown,Story Character,N/A,Unassigned,N/A,Unknown,Unknown,A character from stories who was kept locked away in a forgotten tower for a thousand years.
Primary,Main,WH,Yes,1,Gendar,Gendar,Gendar,,Gendar,N/A,M,Human,Current,Thief Catcher,N/A,Unassigned,N/A,Mayene,Unknown,"One of Berelain’s thief-catchers from Mayene. He was about 5'10"" tall, with dark hair and dark eyes."
Primary,Main,TEotW,Yes,6,Geofram Bornhald,Geofram Bornhald,Geofram,Bornhald,Bornhald,N/A,M,Human,Current,Whitecloak,N/A,Unassigned,N/A,Unknown,Unknown,One of the Lords Captain of the Children of the Light. He was the father of Dain Bornhald.
Primary,Main,CoT,No,0,Georg,Georg,Georg,,Georg,N/A,M,Human,Historic,Uncertain,N/A,Unassigned,N/A,Kandor,Unknown,"Pevara’s Kandori brother, who died at twelve during a Darkfriend uprising."
Primary,Main,LoC,Yes,1,Gera,Gera,Gera,,Gera,N/A,F,Human,Current,Cook,N/A,Unassigned,N/A,Unknown,Unknown,A cook for the Salidar Aes Sedai. She was a good cook; she dreamed that she was an Aes Sedai.
Primary,Main,AMoL,Yes,1,Geral,Geral,Geral,,Geral,N/A,M,Human,Current,Guard,N/A,Unassigned,N/A,Malkier,Unknown,A Malkieri who was a member of Lan’s High Guard in the Last Battle.
Primary,Main,WH,Yes,25,Gerard Arganda,Gerard Arganda,Gerard,Arganda,Arganda,N/A,M,Human,Current,Soldier,N/A,Unassigned,N/A,Ghealdan,Unknown,"Alliandre’s Ghealdanin First Captain of the Legion of the Wall. He was a hard-bitten, compact man, about 5'8"" tall."
Primary,Main,AMoL,Yes,1,"Gerisch, Banner-General",Banner-General Gerisch,Gerisch,,Gerisch,N/A,F,Human,Current,Soldier,N/A,Unassigned,N/A,Seanchan,Unknown,A Seanchan Banner-General with Tuon’s army at the Last Battle. She had a nice backside.
Primary,Main,TPoD,No,0,Gerra Kishar,Gerra Kishar,Gerra,Kishar,Gerra,N/A,F,Human,Historic,Aes Sedai,Gray,No,Unknown,Unknown,Unknown,An Aes Sedai of the Gray Ajah who served as Amyrlin from 601 to 638 NE. Gerra was a strong Amyrlin.
Primary,Main,WH,No,0,Get Ayliah,Get Ayliah,Get,Ayliah,Get,N/A,M,Human,Current,Soldier,N/A,Unassigned,N/A,Andor,Unknown,One of Perrin’s men from the Two Rivers who was a good tracker.
Primary,Main,TSR,Yes,1,Get Eldin,Get Eldin,Get,Eldin,Get,N/A,M,Human,Current,Farmer,N/A,Unassigned,N/A,Andor,Unknown,"A Two Rivers farmer. He was leathery, bald-headed and three times Perrin’s age."
Primary,Main,TPoD,No,0,Gharadin,Gharadin,Gharadin,,Gharadin,N/A,M,Human,Current,Aiel Warrior,N/A,Unassigned,N/A,Aiel,Unknown,A man of the Shaido Aiel taken gai’shain at Dumai’s Wells; he was sent to Ghealdan with Perrin.
Primary,Main,TSR,No,0,Ghoetam,Ghoetam,Ghoetam,,Ghoetam,N/A,M,Human,Unknown,Sage,N/A,Unassigned,N/A,Unknown,Unknown,"Spelled ""Ghoe-tam"" in TSR. A sage who supposedly sat under Avendesora for forty years to gain wisdom."
Primary,Main,LoC,Yes,7,Gholam,Gholam,Gholam,,Gholam,N/A,M,Gholam,Current,Shadowspawn,N/A,Unassigned,N/A,Unknown,Unknown,A type of Shadowspawn made by Aginor.
Primary,Main,AMoL,No,0,Gilber,Gilber,Gilber,,Gilber,N/A,M,Human,Current,Quartermaster,N/A,Unassigned,N/A,Unknown,Unknown,One of Bashere’s quartermasters in Saldaea. Vanin reminded Faile of Gilber.
Primary,Main,TEotW,Yes,1,Gilda,Gilda,Gilda,,Gilda,N/A,F,Human,Current,Maid,N/A,Unassigned,N/A,Andor,Unknown,"One of the maids at The Queen’s Blessing, Caemlyn. Gill said that she was a gossip."
Primary,Main,ToM,No,0,Gilgame,Gilgame,Gilgame,,Gilgame,N/A,U,Human,AoL,Uncertain,N/A,Unassigned,N/A,Unknown,Unknown,Someone from the Age of Legends to whom Rand wished he had listened.
Primary,Main,TPoD,No,0,Gille,Gille,Gille,,Gille,N/A,F,Human,Current,Damane,N/A,Unassigned,Unknown,Unknown,Unknown,A pale-haired damane. Her sul’dam Nerith brushed her hair to calm her after she had problems with saidar.
Primary,Main,WH,Yes,1,Gillin,Gillin,Gillin,,Gillin,N/A,F,Human,Current,Luca's Circus,N/A,Unassigned,N/A,Unknown,Unknown,A young woman who performed with Valan Luca’s circus. Olver thought her lips were ripe cherries.
Primary,Main,TGH,Yes,1,Gitara Moroso,Gitara Moroso,Gitara,Moroso,Gitara,N/A,F,Human,Current,Aes Sedai,Blue,No,19(7),Unknown,672 NE,"An Aes Sedai of the Blue Ajah who foretold Rand's birth. She was 5'6"" tall, and voluptuous, with snow-white hair."
Primary,Main,ToM,Yes,1,Glimmer,Glimmer,Glimmer,,Glimmer,N/A,F,Horse,Current,Horse,N/A,Unassigned,N/A,Unknown,Unknown,A brilliant white Saldaean mare that Elayne rode to her coronation in Cairhien.
Primary,Main,TSR,No,0,Goemal,Goemal,Goemal,,Goemal,N/A,M,Human,Current,Uncertain,N/A,Unassigned,N/A,Unknown,Unknown,One of the two men seeking Elmindreda’s hand in the story Siuan and Min made up.
Primary,Main,AMoL,Yes,1,"Gokhan, Lord",Lord Gokhan,Lord,Gokhan,Lord Gokhan,N/A,M,Human,Current,Seanchan Noble,N/A,Unassigned,N/A,Seanchan,Unknown,A Seanchan member of the Blood. Min saw that he would marry soon. Tuon sent him to the front lines.
Alias,Main,ToM,N/A,N/A,"Golden, Master",Master Golden,Master,Golden,Master,Perrin Aybara,N/A,N/A,N/A,N/A,N/A,N/A,N/A,N/A,N/A,Alias used by Perrin while in Andor to avoid drawing the attentions of Darkfriends and other unwanted people.
Alias,Main,TSR,N/A,N/A,Goldeneyes,Goldeneyes,Goldeneyes,,Goldeneyes,Perrin Aybara,N/A,N/A,N/A,N/A,N/A,N/A,N/A,N/A,N/A,A name for Perrin.
Primary,Main,TSR,No,0,"Gomanes, Child",Child Gomanes,Child,Gomanes,Child Gomanes,N/A,M,Human,Current,Whitecloak,N/A,Unassigned,N/A,Unknown,Unknown,A Child of the Light. Dain Bornhald sent him and Joelin with Ordeith to find out what Ordeith was up to.
Primary,Main,ACoS,Yes,7,Gorderan,Gorderan,Gorderan,,Gorderan,N/A,M,Human,Current,Band of the Red Hand,N/A,Unassigned,N/A,Tear,Unknown,"A Tairen Redarm in the Band of the Red Hand. Standing 5'10"" tall, he was heavyset and muscular."
Primary,Main,KoD,Yes,2,Gorenellin,Gorenellin,Gorenellin,,Gorenellin,N/A,M,Human,Current,Merchant,N/A,Unassigned,N/A,Malkier,Unknown,A plump Malkieri-born merchant located in Saldaea. He went with Aldragoran and joined Lan in Kandor.
Primary,Main,LoC,No,0,Gorin Rogad,Gorin Rogad,Gorin,Rogad,Gorin,N/A,M,Human,Historic,False Dragon,N/A,Unassigned,Unknown,Illian,Unknown,A false Dragon who rose in Illian in 995 NE. He was taken and burned alive by the Illianers.
Primary,Main,ToM,No,0,Graeger,Graeger,Graeger,,Graeger,N/A,M,Human,Current,Uncertain,N/A,Unassigned,N/A,Andor,Unknown,"Almen Bunt’s brother-in-law who vanished; all that could be found was a twisted, leafless tree that smelled of sulfur."
Primary,Main,TSR,Yes,28,Graendal,Graendal,Graendal,,Graendal,N/A,F,Human,Current,Forsaken,N/A,Yes,3(+10),Unknown,Unknown,"Born Kamarile Maradim Nindar. She was stunningly beautiful, lush and ripe, with long sun-colored hair."
Alias,Main,TSR,N/A,N/A,Grassburner,Grassburner,Grassburner,,Grassburner,Dark One,N/A,N/A,N/A,N/A,N/A,N/A,N/A,N/A,N/A,Another name for the Dark One.
Title,Main,TSR,N/A,N/A,"Gray Fox, The",The Gray Fox,The Gray Fox,,The Gray Fox,Thomdril Merrilin,N/A,N/A,N/A,N/A,N/A,N/A,N/A,N/A,N/A,Nickname for Thom Merrilin.
Primary,Main,ToM,Yes,1,Grayor Frenn,Grayor Frenn,Grayor,Frenn,Grayor,N/A,M,Human,Current,Soldier,N/A,Unassigned,N/A,Andor,Unknown,A Two Rivers man who watched the forging of Mah’alleinir.
Title,Main,TGH,N/A,N/A,Great Lord,Great Lord,Great Lord,,Great Lord,Dark One,N/A,N/A,N/A,N/A,N/A,N/A,N/A,N/A,N/A,Name by which Darkfriends referred to the Dark One.
Title,Main,TEotW,N/A,N/A,Great Lord of the Dark,Great Lord of the Dark,Great Lord of the Dark,,Great Lord of the Dark,Dark One,N/A,N/A,N/A,N/A,N/A,N/A,N/A,N/A,N/A,The name by which Darkfriends referred to the Dark One.
Title,Main,ToM,N/A,N/A,Greatest One,Greatest One,Greatest One,,Greatest One,Tuon Athaem Kore Paendrag,N/A,N/A,N/A,N/A,N/A,N/A,N/A,N/A,N/A,Title used for Tuon.
Alias,Main,TEotW,N/A,N/A,Green Man,Green Man,Green Man,,Green Man,Someshta,N/A,N/A,N/A,N/A,N/A,N/A,N/A,N/A,N/A,Another name for Someshta; the last of the Nym.
Primary,Main,TGS,Yes,1,Gregana,Gregana,Gregana,,Gregana,N/A,F,Human,Current,Sul'dam,N/A,Unassigned,Unknown,Seanchan,Unknown,A sul’dam who participated in the Seanchan attack on the White Tower and collared Adelorna.
Primary,Main,ACoS,Yes,8,Gregorin Panar den Lushenos,Gregorin Panar den Lushenos,Gregorin,Panar den Lushenos,Gregorin,N/A,M,Human,Current,Illianer Noble,N/A,Unassigned,N/A,Illian,Unknown,An Illianer nobleman who was a member and sometime leader of the Council of Nine.
Primary,Main,TEotW,Yes,1,"Grinwell, Master",Master Grinwell,Master,Grinwell,Master Grinwell,N/A,M,Human,Current,Farmer,N/A,Unassigned,N/A,Andor,Unknown,A kind Andoran farmer and father of Else and eight others. He was a sturdy man.
Primary,Main,TEotW,Yes,1,"Grinwell, Mistress",Mistress Grinwell,Mistress,Grinwell,Mistress Grinwell,N/A,F,Human,Current,Farmwife,N/A,Unassigned,N/A,Andor,Unknown,A kind Andoran farmwife and mother of Else and eight others. She had yellow hair.
Primary,Main,TEotW,No,0,"Grubb, Mother",Mother Grubb,Mother,Grubb,Mother Grubb,N/A,F,Human,Current,Healer,N/A,Unassigned,N/A,Andor,Unknown,A healer in Caemlyn. Basel Gill suggested that she might have a look at Mat.
Alias,Main,TFoH,N/A,N/A,Guaire,Guaire,Guaire,,Guaire,Logain Ablar,N/A,N/A,N/A,N/A,N/A,N/A,N/A,N/A,N/A,Name Logain wanted to adopt while traveling. Siuan convinced him that it was a fool’s choice.
Primary,Main,TEotW,No,0,Guaire Amalasan,Guaire Amalasan,Guaire,Amalasan,Guaire,N/A,M,Human,Historic,False Dragon,N/A,Unassigned,Unknown,Unknown,Unknown,A false Dragon who started the War of the Second Dragon in FY 939–943.
Primary,Main,TSR,Yes,8,"Gueyam, High Lord",High Lord Gueyam,Gueyam,,Gueyam,N/A,M,Human,Current,Tairen Noble,N/A,Unassigned,N/A,Tear,Unknown,"A High Lord of Tear. As bald as an egg and wide as a blacksmith, with fists like small hams."
Primary,Main,KoD,Yes,1,Gueye Arabah,Gueye Arabah,Gueye,Arabah,Arabah,N/A,M,Human,Current,Soldier,N/A,Unassigned,N/A,Seanchan,Unknown,A young Seanchan officer under Tylee who told Perrin of additional Shaido approaching Malden.
Primary,Main,ToM,Yes,1,Gufrin,Gufrin,Gufrin,,Gufrin,N/A,M,Human,Current,Band of the Red Hand,N/A,Unassigned,N/A,Unknown,Unknown,"A sergeant of a squad of the Band of the Red Hand. He was not bright, but he was keen-eyed."
Primary,Main,LoC,Yes,1,Guisin,Guisin,Guisin,,Guisin,N/A,F,Human,Current,Aes Sedai,Gray,No,35(23),Unknown,Unknown,"An Aes Sedai of the Gray Ajah and the rebel contingent. About 5'8"" tall, with silvery golden hair and blue eyes."
Primary,Main,KoD,No,0,Gurat,Gurat,Gurat,,Gurat,N/A,M,Human,Current,Soldier,N/A,Unassigned,N/A,Seanchan,Unknown,A Seanchan commander under Gamel Loune. While fighting Mat he lost four banners of horse and five of foot.
Primary,Main,TFoH,No,0,Gwil (1),Gwil,Gwil,,Gwil,N/A,M,Human,Current,Hunter of the Horn,N/A,Unassigned,N/A,Kandor,Unknown,Areina’s younger brother who went to Illian to become a Hunter of the Horn.
Primary,Main,LoC,No,0,Gwil (2),Gwil,Gwil,,Gwil,N/A,M,Human,Current,Servant,N/A,Unassigned,N/A,Andor,Unknown,A Two Rivers man who became a servant to Perrin and Faile.
Primary,Main,TDR,Yes,1,Gyldan,Gyldan,Gyldan,,Gyldan,N/A,F,Human,Current,Aes Sedai,Red,Yes,Unknown,Unknown,Unknown,A dark-eyed Aes Sedai of the Red and Black Ajahs who appeared in Egwene’s test for Accepted.
Alias,Main,TSR,N/A,N/A,Gyldin,Gyldin,Gyldin,,Gyldin,Moghedien,N/A,N/A,N/A,N/A,N/A,N/A,N/A,N/A,N/A,Moghedien’s alias while posing as a servant in Tanchico.
Primary,Main,TGS,No,0,"Habiger, General",General Habiger,General,Habiger,General Habiger,N/A,M,Human,Current,General,N/A,Unassigned,N/A,Unknown,Unknown,One of the men Beslan plotted with in the basement of The Three Stars in Ebou Dar to overthrow the Seanchan.
Primary,Main,LoC,No,0,"Hachari, Lord",Lord Hachari,Hachari,,Hachari,N/A,M,Human,Current,Saldaean Noble,N/A,Unassigned,N/A,Saldaea,Unknown,"One of the Saldaeans who, along with his wife and another couple, met with Taim under parley and tried to kill him."
Primary,Main,TSR,No,0,Had (1),Had,Had,,Had,N/A,M,Human,Current,Uncertain,N/A,Unassigned,N/A,Andor,Unknown,A young Two Rivers man who joined Perrin’s band. He was killed in an ambush by Trollocs.
Primary,Main,TSR,No,0,Had (2),Had,Had,,Had,N/A,M,Human,Current,Uncertain,N/A,Unassigned,N/A,Andor,Unknown,"A boy from Two Rivers; when Perrin called Jaim Aybara “cousin,” Jaim ran off to tell his friend Had of the honor."
Primary,Main,KoD,Yes,1,Had al'Lora,Had al'Lora,Had,al'Lora,Had,N/A,M,Human,Current,Soldier,N/A,Unassigned,N/A,Andor,Unknown,A Two Rivers man with Perrin’s army. He entered Malden through the aqueduct prior to the attack on the Shaido.
Primary,Main,TSR,Yes,12,Hadnan Kadere,Hadnan Kadere,Hadnan,Kadere,Kadere,N/A,M,Human,Current,Peddler,N/A,Yes,N/A,Saldaea,Unknown,A peddler from Saldaea. He became a Darkfriend when he was young; and killed his sister when she found out.
Primary,Main,KoD,Yes,1,Hadora,Hadora,Hadora,,Hadora,N/A,F,Human,Current,Queen's Guard,N/A,Unassigned,N/A,Unknown,Unknown,A Guardswoman in Caemlyn.
Primary,Main,AMoL,Yes,1,"Haerm, General",General Haerm,Haerm,,Haerm,N/A,M,Human,Current,Soldier,N/A,Unassigned,N/A,Unknown,Unknown,"Commander of the Illianer Companions in the Last Battle, replacing Demetre Marcolin."
Primary,Main,ACoS,Yes,2,Haesel,Haesel,Haesel,,Haesel,N/A,F,Human,Current,Maid,N/A,Unassigned,N/A,Altara,Unknown,A maid in the Tarasin Palace. She was a slim young woman with short black hair.
Primary,WoTC,WoTC,No,0,Haesel Lusara,Haesel Lusara,Haesel,Lusara,Haesel,N/A,F,Human,Current,Aes Sedai,Brown,No,16(4),Murandy,878 NE,"A Murandian Aes Sedai of the Brown Ajah and the rebel contingent, with a strength level of 16(4)."
Primary,NS,NS,Yes,1,Haesel Palan,Haesel Palan,Haesel,Palan,Haesel,N/A,F,Human,Current,Merchant,N/A,Unassigned,N/A,Murandy,Unknown,A Murandian rug merchant with whom a young Moiraine shared a room at The Gates of Heaven in Canluum.
Primary,Main,KoD,Yes,1,Hafeen Bakuvun,Hafeen Bakuvun,Hafeen,Bakuvun,Bakuvun,N/A,M,Human,Current,Mercenary,N/A,Unassigned,N/A,Arad Doman,Unknown,"A Domani mercenary working for Elayne in the defense of Caemlyn. He was a large, stout man."
Primary,Main,ToM,Yes,1,Hahn,Hahn,Hahn,,Hahn,N/A,M,Human,Current,Uncertain,N/A,Unassigned,N/A,Andor,Unknown,"Almen Bunt’s fifteen-year-old nephew, who made his uncle a set of wooden teeth."
Primary,Main,TSR,No,0,Haindar,Haindar,Haindar,,Haindar,N/A,M,Human,AoL,Ancient Aes Sedai,N/A,Unassigned,Unknown,Unknown,Unknown,A male Aes Sedai who went mad during the Breaking and headed for Paaran Disen to wreak havoc.
Primary,Main,LoC,No,0,Hal,Hal,Hal,,Hal,N/A,M,Human,Current,Servant,N/A,Unassigned,N/A,Andor,Unknown,A Two Rivers man who became one of Perrin and Faile’s servants at their manor house there.
Primary,Main,LoC,Yes,4,Hal Moir,Hal Moir,Hal,Moir,Hal,N/A,M,Human,Current,Youngling,N/A,Unassigned,N/A,Unknown,Unknown,A Youngling with Gawyn. He led a half troop at Dumai’s Wells; Gawyn ordered them to tend to the wounded after.
Primary,Main,TEotW,No,0,Halan,Halan,Halan,,Halan,N/A,M,Human,Current,Uncertain,N/A,Unassigned,N/A,Unknown,Unknown,Loial’s grandfather.
Primary,Main,LoC,No,0,Half Tail,Half Tail,Half Tail,,Half Tail,N/A,M,Wolf,Current,Wolf,N/A,Unassigned,N/A,Unknown,Unknown,"A sour male wolf and pack leader. Perrin contacted him for information in regards to Rand, who had been kidnapped."
Alias,Main,LoC,N/A,N/A,Halima Saranov,Halima Saranov,Halima,Saranov,Halima,Balthamel,N/A,N/A,N/A,N/A,N/A,N/A,N/A,N/A,N/A,The name used by Aran’gar when she became secretary to Delana Sedai.
Primary,Main,TSR,No,0,Halvar,Halvar,Halvar,,Halvar,N/A,M,Human,Historic,First of Mayene,N/A,Unassigned,N/A,Mayene,Unknown,The First of Mayene some three hundred years before the Last Battle. He  gave the doorframe ter’angreal to Tear.
Primary,Main,ToM,No,0,Halvate,Halvate,Halvate,,Halvate,N/A,M,Human,Current,Seanchan Noble,N/A,Unassigned,N/A,Seanchan,Unknown,"Tuon’s brother. He enjoyed training wild grolm. She was fond of him, but he was assassinated."
Primary,Main,LoC,Yes,10,Halwin Norry,Halwin Norry,Halwin,Norry,Norry,N/A,M,Human,Current,Clerk,N/A,Unassigned,N/A,Andor,Unknown,"An Andoran man who served as the First Clerk of the Royal Palace in Caemlyn. He was 6'1"" tall, and bony, and lean."
Primary,Main,LoC,Yes,2,Hamad,Hamad,Hamad,,Hamad,N/A,M,Human,Current,Soldier,N/A,Unassigned,N/A,Unknown,Unknown,"A lancer in Bashere’s army. He was taller than Bashere, with a dark beard and mustaches."
Primary,Main,TDR,No,0,Hamada,Hamada,Hamada,,Hamada,N/A,F,Ogier,Historic,Uncertain,N/A,Unassigned,N/A,Unknown,Unknown,"The mother of Moilin, the Ogier author of A Study of the War of the Shadow."
Primary,Main,ACoS,Yes,1,Hamal,Hamal,Hamal,,Hamal,N/A,M,Human,Current,Blacksmith,N/A,Unassigned,N/A,Aiel,Unknown,A Moshaine Shaido blacksmith. He was a very big man.
Primary,Main,TEotW,Yes,7,Haman son of Dal son of Morel,Haman son of Dal son of Morel,Haman,,Haman,N/A,M,Ogier,Current,Ogier Elder,N/A,Unassigned,N/A,Stedding Shangtai,Unknown,"An Ogier on the Council of Elders who taught Loial. About 10'5"" tall, he was white-haired, and had a broad build."
Primary,Main,ToM,Yes,1,"Hamarashle, Lady",Lady Hamarashle,Lady,Hamarashle,Lady Hamarashle,N/A,F,Human,Current,Cairhienin Noble,N/A,Unassigned,N/A,Cairhien,Unknown,Cairhienin noble of middling power.
Primary,Main,ToM,Yes,1,"Hamarashle, Lord",Lord Hamarashle,Lord,Hamarashle,Lord Hamarashle,N/A,M,Human,Current,Cairhienin Noble,N/A,Unassigned,N/A,Cairhien,Unknown,Cairhienin noble of middling power.
Primary,Main,TDR,Yes,1,Hammar,Hammar,Hammar,,Hammar,N/A,M,Human,Current,Warder,N/A,Unassigned,N/A,Unknown,Unknown,"A Warder and blademaster who taught swordsmanship at the White Tower. He was blocky, with thick black eyebrows."
Primary,Main,KoD,Yes,1,Hammer,Hammer,Hammer,,Hammer,N/A,M,Horse,Current,Horse,N/A,Unassigned,N/A,Unknown,Unknown,"Tervail’s warhorse, a tall bay gelding."
Title,Main,TGH,N/A,N/A,Hammer of the Light,Hammer of the Light,Hammer of the Light,,Hammer of the Light,Artur Hawkwing,N/A,N/A,N/A,N/A,N/A,N/A,N/A,N/A,N/A,A title for Artur Hawkwing.
Title,Main,TGH,N/A,N/A,"Hammer, The",The Hammer,The Hammer,,The Hammer,Artur Hawkwing,N/A,N/A,N/A,N/A,N/A,N/A,N/A,N/A,N/A,A name the Seanchan called Luthair Paendrag (Artur Hawkwing).
Primary,Main,TSR,Yes,8,Han,Han,Han,,Han,N/A,M,Human,Current,Aiel Clan Chief,N/A,Unassigned,N/A,Aiel,Unknown,A man of the Shorara sept of the Tomanelle Aiel who was clan chief. He was about six feet tall with white hair.
Title,Main,ACoS,N/A,N/A,Hand of the Shadow,Hand of the Shadow,Hand of the Shadow,,Hand of the Shadow,Shaidar Haran,N/A,N/A,N/A,N/A,N/A,N/A,N/A,N/A,N/A,A title for Shaidar Haran.
Primary,Main,AMoL,No,0,Handoin,Handoin,Handoin,,Handoin,N/A,M,Human,Current,Seanchan Noble,N/A,Unassigned,N/A,Seanchan,Unknown,"One of Tuon’s rivals in Seanchan, whose symbol was a white boar."
Primary,Main,KoD,Yes,1,Hanselle Renshar,Hanselle Renshar,Hanselle,Renshar,Hanselle,N/A,F,Human,Current,Andoran Noble,N/A,Unassigned,N/A,Andor,Unknown,A young Andoran who was Lady Arathelle’s grandson. He was slender and blushed easily.
Primary,Main,TSR,No,0,Haral,Haral,Haral,,Haral,N/A,M,Human,Current,Uncertain,N/A,Unassigned,N/A,Andor,Unknown,Two Rivers man (or boy) who died in a Trolloc attack.
Primary,Main,TEotW,Yes,11,Haral Luhhan,Haral Luhhan,Haral,Luhhan,Master Luhhan,N/A,M,Human,Current,Blacksmith,N/A,Unassigned,N/A,Andor,950 NE,"The blacksmith in Emond’s Field. He was 6'5"" tall and very big. He was a member of the Village Council."
Primary,Main,TPoD,Yes,2,Hari,Hari,Hari,,Hari,N/A,M,Human,Current,Prophet Follower,N/A,Unassigned,N/A,Unknown,Unknown,"A follower of the Prophet. He had narrow eyes and a thrusting nose, and he collected ears as trophies."
Primary,Main,TEotW,Yes,4,Hari Coplin,Hari Coplin,Hari,Coplin,Hari,N/A,M,Human,Current,Farmer,N/A,Unassigned,N/A,Andor,Unknown,"An Emond’s Field farmer, and a troublemaker. His brother was Dar. He had a weasel-like face and tight mouth."
Primary,Main,LoC,Yes,3,Harilin,Harilin,Harilin,,Harilin,N/A,F,Human,Current,Maiden of the Spear,N/A,Unassigned,N/A,Aiel,Unknown,A woman of the Iron Mountain sept of the Taardad Aiel and Far Dareis Mai. She was lanky and redheaded.
Primary,Main,LoC,Yes,7,Harine din Togara Two Winds,Harine din Togara Two Winds,Harine,din Togara Two Winds,Harine,N/A,F,Human,Current,Wavemistress,N/A,Unassigned,N/A,Sea Folk,Unknown,"The Wavemistress of clan Shodein of the Sea Folk. About 5'5"" tall, with straight black hair streaked with a little white."
Primary,Main,LoC,Yes,20,Harnan,Harnan,Harnan,,Harnan,N/A,M,Human,Current,Band of the Red Hand,N/A,Unassigned,N/A,Tear,Unknown,"A Tairen Redarm file leader in the Band of the Red Hand. About forty years old, he was of medium build and 5'10"" tall."
Primary,Main,TDR,Yes,1,"Harod, Master",Master Harod,Master,Harod,Master Harod,N/A,M,Human,Current,Innkeeper,N/A,Unassigned,N/A,Ghealdan,Unknown,"The innkeeper at Harilin’s Leap, in Jarra, Ghealdan."
Primary,Main,KoD,Yes,1,Harril,Harril,Harril,,Harril,N/A,M,Human,Current,Warder,N/A,Unassigned,N/A,Unknown,Unknown,"Pritalle Nerbaijan’s Warder, who was dark and stocky."
Primary,Main,CoT,Yes,4,Hartha,Hartha,Hartha,,Hartha,N/A,M,Ogier,Current,Deathwatch Guard,N/A,Unassigned,N/A,Seanchan,Unknown,Son of Bukava and an Ogier member of the Seanchan Deathwatch Guard. Hartha had long gray mustaches.
Primary,Main,ToM,Yes,1,Harvell,Harvell,Harvell,,Harvell,N/A,M,Human,Current,Band of the Red Hand,N/A,Unassigned,N/A,Unknown,Unknown,A Redarm in the Band of the Red Hand who helped Mat set the trap for the gholam in Caemlyn.
Primary,Main,TGS,Yes,1,Hashala,Hashala,Hashala,,Hashala,N/A,F,Human,Current,Novice,N/A,Unassigned,Unknown,Unknown,Unknown,"A novice in the White Tower who led Siuan, Bryne and Gawyn to Egwene when they rescued her."
Primary,Main,TGS,Yes,1,Haster Nalmat,Haster Nalmat,Haster,Nalmat,Haster,N/A,M,Human,Current,Soldier,N/A,Unassigned,N/A,Saldaea,Unknown,A Saldaean officer who guarded Milisair’s manor in Bandar Eban.
Primary,Main,ToM,Yes,1,Hatch,Hatch,Hatch,,Hatch,N/A,M,Human,Current,Innkeeper,N/A,Unassigned,N/A,Unknown,Unknown,The innkeeper of The Dusty Wheel in Caemlyn.
Primary,Main,TGS,No,0,Hattori Gatano,Hattori Gatano,Hattori,Gatano,Hattori,N/A,F,Human,Current,Aes Sedai,Green,No,Unknown,Unknown,Unknown,An Illianer Aes Sedai of the Green Ajah and the loyalist contingent. Her Warder was Sleete.
Primary,Main,CoT,No,0,Haviar Agora,Haviar Agora,Haviar,Agora,Haviar,N/A,M,Human,Current,Cha Faile,N/A,Unassigned,N/A,Tear,Unknown,A blocky Tairen member of Cha Faile. He kept his oiled and pointed beard.
Primary,Main,LoC,Yes,12,Havien Nurelle,Havien Nurelle,Havien,Nurelle,Havien,N/A,M,Human,Current,Soldier,N/A,Unassigned,N/A,Mayene,Unknown,A Lord Lieutenant in the Mayener Winged Guards. Six feet tall and slender with pink cheeks.
Primary,Main,AMoL,No,0,Hayde,Hayde,Hayde,,Hayde,N/A,F,Human,Current,Wise One,N/A,Unassigned,N/A,Aiel,Unknown,An Aiel Wise One. She and Shanni were in charge of the apprentice Elenar of the Daryne.
Title,Main,TEotW,N/A,N/A,He Who Comes With the Dawn,He Who Comes With the Dawn,He Who Comes With the Dawn,,He Who Comes With the Dawn,Rand al'Thor,N/A,N/A,N/A,N/A,N/A,N/A,N/A,N/A,N/A,"An Aiel name for the Car’a’carn, the chief of chiefs (Rand)."
Title,Main,AMoL,N/A,N/A,He Who Is Owned Only by the Land,He Who Is Owned Only by the Land,He Who Is Owned Only by the Land,,He Who Is Owned Only by the Land,Demandred,N/A,N/A,N/A,N/A,N/A,N/A,N/A,N/A,N/A,A Sharan title for Demandred.
Title,Main,TGH,N/A,N/A,He Whose Name Must Not Be Uttered,He Whose Name Must Not Be Uttered,He Whose Name Must Not Be Uttered,,He Whose Name Must Not Be Uttered,Dark One,N/A,N/A,N/A,N/A,N/A,N/A,N/A,N/A,N/A,A title for the Dark One.
Primary,Main,TSR,Yes,3,"Hearne, High Lord",High Lord Hearne,Hearne,,Hearne,N/A,M,Human,Current,Tairen Noble,N/A,Unassigned,N/A,Tear,Unknown,A High Lord of Tear. He had a narrow face and tugged his earlobe unconsciously when furious.
Title,Main,TEotW,N/A,N/A,Heart of the Dark,Heart of the Dark,Heart of the Dark,,Heart of the Dark,Ishamael,N/A,N/A,N/A,N/A,N/A,N/A,N/A,N/A,N/A,"Title for Ishamael when going by ""Ba’alzamon"". Heart of the Dark translates to Ba’alzamon in Trolloc tongue."
Alias,Main,TEotW,N/A,N/A,Heartfang,Heartfang,Heartfang,,Heartfang,Dark One,N/A,N/A,N/A,N/A,N/A,N/A,N/A,N/A,N/A,A name for the Dark One among wolves.
Alias,Main,TEotW,N/A,N/A,Heartsbane,Heartsbane,Heartsbane,,Heartsbane,Dark One,N/A,N/A,N/A,N/A,N/A,N/A,N/A,N/A,N/A,A name for the Dark One used in the Borderlands.
Alias,Main,AMoL,N/A,N/A,Heartseeker,Heartseeker,Heartseeker,,Heartseeker,Graendal,N/A,N/A,N/A,N/A,N/A,N/A,N/A,N/A,N/A,The wolves’ name for Graendal.
Primary,Main,ToM,Yes,1,Hehyal,Hehyal,Hehyal,,Hehyal,N/A,M,Human,Future,Aiel Warrior,N/A,Unassigned,N/A,Aiel,Unknown,A member of the Dawn Runners society of the Aiel who was party to tricking Queen Talana into attacking the Aiel.
Primary,Main,ToM,Yes,1,Heidia,Heidia,Heidia,,Heidia,N/A,F,Human,Current,Maiden of the Spear,N/A,Unassigned,N/A,Aiel,Unknown,A slender Far Dareis Mai who accompanied Rand and Min when they returned to Bandar Eban.
Primary,Main,KoD,Yes,1,"Heilin, Mistress",Mistress Heilin,Mistress,Heilin,Mistress Heilin,N/A,F,Human,Current,Innkeeper,N/A,Unassigned,N/A,Altara,Unknown,The innkeeper of The White Ring in Maderin. She was round with an ample bosom and suspiciously black hair.
Primary,Main,TSR,Yes,8,Heirn,Heirn,Heirn,,Heirn,N/A,M,Human,Current,Aiel Sept Chief,N/A,Unassigned,N/A,Aiel,Unknown,"The sept chief of the Jindo sept of the Taardad Aiel, and a member of the Tain Shari society. He was tall and stocky."
Primary,Main,ToM,Yes,1,Helmke,Helmke,Helmke,,Helmke,N/A,M,Human,Current,Soldier,N/A,Unassigned,N/A,Arad Doman,Unknown,"A member of Ituralde’s forces in Saldaea. He was a sturdy, long-limbed Domani."
Primary,NS,NS,Yes,1,"Helvin, Master",Master Helvin,Master,Helvin,Master Helvin,N/A,M,Human,Current,Innkeeper,N/A,Unassigned,N/A,Kandor,Unknown,"The innkeeper of The Gates of Heaven, Canluum, Kandor. He was bald and nearly as wide as he was tall."
Primary,Main,ToM,No,0,Hembrew,Hembrew,Hembrew,,Hembrew,N/A,F,Human,Current,Story Character,N/A,Unassigned,N/A,Unknown,Unknown,Fictional old woman Mat makes up to explain the advantage of being “average” to Setalle.
Primary,Main,AMoL,Yes,2,Hend the Striker,Hend the Striker,Hend,,Hend,N/A,M,Human,Current,Hero of the Horn,N/A,Unassigned,N/A,Unknown,Unknown,A Hero of the Horn. He was dark-skinned and carried a hammer in one hand and a spike in the other.
Primary,Main,LoC,Yes,1,Henre Haslin,Henre Haslin,Henre,Haslin,Haslin,N/A,M,Human,Current,Sword Teacher,N/A,Unassigned,N/A,Unknown,Unknown,A man who once in the Queen’s Guards in Caemlyn. He had a bulbous red nose and a fringe of white hair.
Primary,Main,LoC,Yes,1,"Henren, Lord",Lord Henren,Henren,Henren,Henren,N/A,M,Human,Current,Andoran Noble,N/A,Unassigned,N/A,Andor,Unknown,"An Andoran nobleman at least eighteen years older than Rand. He was blocky, bald and hard-eyed."
Primary,Main,TEotW,No,0,Heran Adan,Heran Adan,Heran,Adan,Governor Adan,N/A,M,Human,Current,Governor,N/A,Unassigned,N/A,Andor,Unknown,"The governor of Baerlon, Andor."
Primary,Main,TFoH,No,0,Herid,Herid,Herid,,Herid,N/A,M,Human,Current,Wagon Driver,N/A,Yes,N/A,Unknown,Unknown,A Darkfriend wagon driver who worked for Kadere. He fell partially through the twisted red doorway in the Waste.
Primary,Main,LoC,Yes,3,Herid Fel,Herid Fel,Herid,Fel,Herid,N/A,M,Human,Current,Scholar,N/A,Unassigned,N/A,Unknown,Unknown,"A scholar at Rand’s school in Cairhien and the author of Reason and Unreason. He was stout, with thin gray hair."
Title,Main,NS,N/A,N/A,Hero of Salmarna,Hero of Salmarna,Hero of Salmarna,,Hero of Salmarna,Bukama Marenellin,N/A,N/A,N/A,N/A,N/A,N/A,N/A,N/A,N/A,Title for Bukama Marenellin.
Alias,Main,AMoL,N/A,N/A,Hessalam,Hessalam,Hessalam,,Hessalam,Graendal,N/A,N/A,N/A,N/A,N/A,N/A,N/A,N/A,N/A,"Old Tongue for “without forgiveness,” it was the name given to Graendal after her reincarnation."
Title,Main,TEotW,N/A,N/A,High King,High King,High King,,High King,Artur Hawkwing,N/A,N/A,N/A,N/A,N/A,N/A,N/A,N/A,N/A,A title for Artur Hawkwing.
Title,Main,TGS,N/A,N/A,Highest Daughter,Highest Daughter,Highest Daughter,,Highest Daughter,Tuon Athaem Kore Paendrag,N/A,N/A,N/A,N/A,N/A,N/A,N/A,N/A,N/A,Tuon’s title of address when she was empress presumptive and not wearing the veil.
Primary,Main,TEotW,Yes,2,"Hightower, Master",Master Hightower,Master,Hightower,Hightower,N/A,M,Human,Current,Ferryman,N/A,Unassigned,N/A,Andor,Unknown,"A ferryman in Taren Ferry, Andor. He had a narrow face and pointed features."
Primary,Main,LoC,Yes,1,Hilde Barran,Hilde Barran,Hilde,Barran,Hilde,N/A,F,Human,Current,Novice,N/A,Unassigned,Unknown,Andor,Unknown,A plump Two Rivers girl with the ability to channel. She was recruited by Verin and Alanna.
Primary,World,World,No,0,Hirare Nachiman,Hirare Nachiman,Hirare,Nachiman,Hirare,N/A,M,Human,Historic,Leader,N/A,Unassigned,N/A,Arafel,Unknown,The leader of the Arafellin contingent at the Battle of the Shining Walls. He was the younger brother of Paitar.
Primary,Main,ToM,Yes,1,Hirshanin,Hirshanin,Hirshanin,,Hirshanin,N/A,M,Human,Current,Soldier,N/A,Unassigned,N/A,Ghealdan,Unknown,A Ghealdanin soldier that Arganda sent to fetch a map for Perrin.
Primary,Main,WH,No,0,"Hoffley, Master",Master Hoffley,Master,Hoffley,Master Hoffley,N/A,M,Human,Current,Banker,N/A,Unassigned,N/A,Unknown,Unknown,A banker in Caemlyn who made a loan to Elayne after learning of the discovery of first-quality alum.
Primary,Main,AMoL,Yes,1,Holcom,Holcom,Holcom,,Holcom,N/A,M,Human,Current,Messenger,N/A,Unassigned,N/A,Unknown,Unknown,"A messenger for Gareth Bryne at the Last Battle. He was spindly, with a face like a horse."
Primary,Main,TEotW,Yes,24,Hopper,Hopper,Hopper,,Hopper,N/A,M,Wolf,Current,Wolf,N/A,Unassigned,N/A,Unknown,Unknown,An old male wolf with whom Perrin had a special connection. He was black and gray with long white teeth.
Primary,Main,LoC,No,0,"Hornval, Master",Master Hornval,Master,Hornval,Master Hornval,N/A,M,Human,Current,Tile Maker,N/A,Unassigned,N/A,Tarabon,Unknown,A Taraboner tile maker who settled in Emond’s Field as a refugee.
Primary,Main,TPoD,Yes,1,"Hornwell, Master",Master Hornwell,Master,Hornwell,Master Hornwell,N/A,M,Human,Current,Caretaker,N/A,Unassigned,N/A,Andor,Unknown,A caretaker at one of Elayne’s estates in Andor. He was stout and gray-haired.
Primary,Main,TPoD,Yes,1,"Hornwell, Mistress",Mistress Hornwell,Mistress,Hornwell,Mistress Hornwell,N/A,F,Human,Current,Caretaker,N/A,Unassigned,N/A,Andor,Unknown,"A caretaker at one of Elayne’s estates in Andor. She resembled her husband, except less round and less gray."
Primary,Main,TEotW,Yes,1,Howal Gode,Howal Gode,Howal,Gode,Gode,N/A,M,Human,Current,Merchant,N/A,Yes,N/A,Unknown,Unknown,"A Darkfriend merchant Rand and Mat encountered in Four Kings, Andor. Sleekly fleshy, he had soft-looking hands."
Primary,Main,LoC,No,0,Hu,Hu,Hu,,Hu,N/A,M,Human,Unknown,Farmer,N/A,Unassigned,N/A,Unknown,Unknown,An irascible old farmer in a rooster joke.
Primary,Main,TSR,Yes,1,Hu al'Dai,Hu al'Dai,Hu,al'Dai,Hu,N/A,M,Human,Current,Farmer,N/A,Unassigned,N/A,Andor,Unknown,A Two Rivers farmer who was the father of Bili. His farm lay between Emond’s Field and Watch Hill.
Primary,Main,TEotW,Yes,6,Hu Barran,Hu Barran,Hu,Barran,Hu,N/A,M,Human,Current,Stablehand,N/A,Unassigned,N/A,Andor,Unknown,"A stableman at The Winespring Inn, Emond’s Field, along with his brother Tad. He was lanky and taciturn."
Primary,Main,TSR,Yes,3,Hu Marwin,Hu Marwin,Hu,Marwin,Hu,N/A,M,Human,Current,Farmer,N/A,Unassigned,N/A,Andor,Unknown,A young Two Rivers man whose farm lay between Emond’s Field and Watch Hill. He was a good tracker.
Primary,Main,TDR,No,0,Huan,Huan,Huan,,Huan,N/A,M,Human,Historic,Gambler,N/A,Unassigned,N/A,Unknown,Unknown,An uncle of Siuan Sanche who gambled and didn’t like to work; he died pulling children out of a burning building.
Primary,Main,TGH,Yes,1,Huan,Huan,Huan,,Huan,N/A,M,Human,Current,So'jhin,N/A,Unassigned,N/A,Seanchan,Unknown,A Seanchan so’jhin who served as High Lord Turak’s Voice.
Primary,Main,TDR,Yes,2,Huan Mallia,Huan Mallia,Huan,Mallia,Mallia,N/A,M,Human,Current,Ship Captain,N/A,Unassigned,N/A,Tear,Unknown,"The Tairen captain of the Gray Gull, which transported Mat and Thom from Tar Valon to Aringill."
Primary,Main,KoD,Yes,1,Hurd,Hurd,Hurd,,Hurd,N/A,M,Human,Current,Stablehand,N/A,Unassigned,N/A,Altara,Unknown,"A man who worked as a stablehand for Toke Fearnim in Jurador, a salt town in Altara."
Primary,Main,TGH,Yes,29,Hurin,Hurin,Hurin,,Hurin,N/A,M,Human,Current,Thief Catcher,N/A,Unassigned,N/A,Shienar,Unknown,"A Shienaran sniffer and thief-taker whose obligation was to Lord Agelmar. He was about 5'10"" tall, and lean."
Primary,Main,TEotW,Yes,1,Hyam Kinch,Hyam Kinch,Hyam,Kinch,Master Kinch,N/A,M,Human,Current,Farmer,N/A,Unassigned,N/A,Andor,Unknown,An Andoran farmer who gave Mat and Rand a ride on their way to Caemlyn.
Primary,Main,TFoH,No,0,Hyran,Hyran,Hyran,,Hyran,N/A,M,Human,Current,Uncertain,N/A,Unassigned,N/A,Unknown,Unknown,A man who was Nicola’s intended. He became a follower of the Prophet and was killed.
Primary,Main,KoD,Yes,1,Iagin Handar,Iagin Handar,Iagin,Handar,Handar,N/A,M,Human,Current,Defender of the Stone,N/A,Unassigned,N/A,Tear,Unknown,"A Defender of the Stone in Tear. He was stocky, with a puckered scar."
Primary,Main,WH,Yes,2,Ianelle,Ianelle,Ianelle,,Ianelle,N/A,F,Human,Current,Sul'dam,N/A,Unassigned,Unknown,Seanchan,Unknown,"One of Tuon’s sul’dam. She held Lidya’s leash. Misspelled as ""Lanelle"" in TGS."
Primary,Main,ToM,Yes,1,Ianor,Ianor,Ianor,,Ianor,N/A,U,Human,Current,Soldier,N/A,Unassigned,N/A,Shienar,Unknown,One of the group of Shienaran soldiers who joined Lan in eastern Kandor as he traveled toward Tarwin’s Gap.
Primary,Main,LoC,No,0,Ibrella,Ibrella,Ibrella,,Ibrella,N/A,F,Human,Current,Novice,N/A,Unassigned,14(2),Altara,980 NE,A novice in Salidar with the rebels. She was enrolled in the novice book in 999 NE.
Primary,Main,KoD,Yes,1,Idrelle Menford,Idrelle Menford,Idrelle,Menford,Idrelle,N/A,F,Human,Current,Accepted,N/A,Unassigned,Unknown,Unknown,Unknown,"A lanky, hard-eyed Accepted with a long nose. She often wore a frown."
Primary,Main,LoC,Yes,5,Idrien Tarsin,Idrien Tarsin,Idrien,Tarsin,Idrien,N/A,F,Human,Current,Headmistress,N/A,Unassigned,N/A,Cairhien,Unknown,A Cairhienin woman who was the Headmistress of the Academy of Cairhien.
Primary,Main,ACoS,Yes,3,Ieine,Ieine,Ieine,,Ieine,N/A,F,Human,Current,Kinswoman,N/A,Unassigned,31(19),Unknown,629 NE,"A Kin and a member of the Knitting Circle in Ebou Dar. About 5'8"" tall, she was very dark and pretty."
Primary,Main,ToM,Yes,1,Ifeyina,Ifeyina,Ifeyina,,Ifeyina,N/A,F,Human,Current,Maiden of the Spear,N/A,Unassigned,N/A,Aiel,Unknown,A Far Dareis Mai who went to Maradon with Rand.
Primary,World,World,No,0,Igaine Luin,Igaine Luin,Igaine,Luin,Igaine,N/A,F,Human,Historic,Aes Sedai,Brown,No,Unknown,Unknown,Unknown,An Aes Sedai of the Brown Ajah who served as Amyrlin from 476 to 520 NE.
Primary,Main,TSR,Yes,13,Ihvon,Ihvon,Ihvon,,Ihvon,N/A,M,Human,Current,Warder,N/A,Unassigned,N/A,Unknown,Unknown,"One of Alanna’s two Warders. He had dark hair and dark eyes and was tall, slender and whipcord tough."
Primary,Main,TEotW,Yes,7,Ila,Ila,Ila,,Ila,N/A,F,Human,Current,Tinker,N/A,Unassigned,N/A,Tinker,Unknown,"A Tuatha’an woman who was Raen’s wife and Aram’s grandmother. Plump, with gray hair and smooth cheeks."
Primary,NS,NS,Yes,2,Ilain Dormaile,Ilain Dormaile,Ilain,Dormaile,Mistress Dormaile,N/A,F,Human,Current,Banker,N/A,Unassigned,N/A,Cairhien,Unknown,"Moiraine’s banker in Tar Valon, a Cairhienin. She was slim, graying and a hand shorter than Moiraine."
Primary,Main,TPoD,No,0,Illeisien,Illeisien,Illeisien,,Illeisien,N/A,F,Human,Current,Aes Sedai,Unknown,No,Unknown,Unknown,Unknown,An Aes Sedai uncommitted to any faction. She and four other sisters stumbled on Tenobia’s preparations to march.
Alias,World,World,N/A,N/A,Ilyena Moerelle Dalisar,Ilyena Moerelle Dalisar,Ilyena,Moerelle Dalisar,Ilyena,Ilyena Therin Moerelle,N/A,N/A,N/A,N/A,N/A,N/A,N/A,N/A,N/A,Ilyena Therin Moerelle’s maiden name.
Alias,Main,TEotW,N/A,N/A,Ilyena Sunhair,Ilyena Sunhair,Ilyena,,Ilyena,Ilyena Therin Moerelle,N/A,N/A,N/A,N/A,N/A,N/A,N/A,N/A,N/A,Another name for Ilyena Therin Moerelle.
Primary,Main,TEotW,No,0,Ilyena Therin Moerelle,Ilyena Therin Moerelle,Ilyena,Therin Moerelle,Ilyena,N/A,F,Human,AoL,Noble,N/A,Unassigned,N/A,Unknown,Unknown,"Also known as Ilyena Sunhair, born Ilyena Moerelle Dalisar, she was the wife of Lews Therin Telamon."
Primary,Main,TGS,Yes,1,Inala,Inala,Inala,,Inala,N/A,F,Human,Current,Novice,N/A,Unassigned,Unknown,Arad Doman,Unknown,A Domani novice in the White Tower whom Egwene recruited and linked with to fight the Seanchan.
Primary,Main,TFoH,Yes,2,Indirian,Indirian,Indirian,,Indirian,N/A,M,Human,Current,Aiel Clan Chief,N/A,Unassigned,N/A,Aiel,Unknown,A man of the Chane Rocks sept of the Codarra Aiel who was the clan chief of the Codarra.
Primary,Main,ACoS,Yes,1,Ines,Ines,Ines,,Ines,N/A,F,Human,Current,Uncertain,N/A,Unassigned,N/A,Unknown,Unknown,A woman in the rebel camp below Cairhien. She was a darkly handsome woman with a long hard face.
Primary,NS,NS,No,0,Ines Demain,Ines Demain,Ines,Demain,Ines,N/A,F,Human,Current,Kandori Noble,N/A,Unassigned,N/A,Kandor,Unknown,A widowed noblewoman from Chachin whose son Rahien was a candidate for the Dragon Reborn in Moiraine's hunt.
Primary,Main,TEotW,Yes,24,Ingtar Shinowa,Ingtar Shinowa,Ingtar,Shinowa,Ingtar,N/A,M,Human,Current,Shienaran Noble,N/A,Yes,N/A,Shienar,Unknown,A Shienaran lord and soldier who was also a Darkfriend.
Primary,Main,TEotW,Yes,1,"Inlow, Master",Master Inlow,Master,Inlow,Master,N/A,M,Human,Current,Innkeeper,N/A,Unassigned,N/A,Unknown,Unknown,"The innkeeper at The Queen’s Man, between Four Kings and Caemlyn in Andor."
Primary,Main,WH,No,0,Innina Darenhold,Innina Darenhold,Innina,Darenhold,Innina,N/A,F,Human,Current,Aes Sedai,Red,No,Unknown,Tarabon,Unknown,A Taraboner Aes Sedai of Red Ajah and the loyalist contingent. Innina took part in the kidnapping of Rand.
Primary,NS,NS,No,0,Innloine Damodred,Innloine Damodred,Innloine,Damodred,Innloine,N/A,F,Human,Current,Cairhienin Noble,N/A,Unassigned,N/A,Cairhien,Unknown,"Moiraine’s sister. A warm and loving mother, she was not very bright, but she was very stubborn."
Primary,Main,WH,No,0,Iona,Iona,Iona,,Iona,N/A,F,Human,Current,Sul'dam,N/A,Unassigned,Unknown,Seanchan,Unknown,"Bethamin’s sul’dam roommate in Ebou Dar. Iona favored the local brandy, which she kept in a flask."
Primary,Main,TGS,Yes,2,Iralin,Iralin,Iralin,,Iralin,N/A,M,Human,Current,Dockmaster,N/A,Unassigned,N/A,Unknown,Unknown,A dockmaster in Bandar Eban. He was clean-shaven and willowy
Primary,Main,TGH,Yes,1,Irella,Irella,Irella,,Irella,N/A,F,Human,Current,Accepted,N/A,Unassigned,Unknown,Unknown,Unknown,A skinny Accepted whom Nynaeve fought with and who dragged Else Grinwell by the ear.
Primary,Main,TPoD,Yes,1,Irgain Fatamed,Irgain Fatamed,Irgain,Fatamed,Irgain,N/A,F,Human,Current,Aes Sedai,Green,No,Unknown,Arad Doman,931 NE,"A Domani Aes Sedai of the Green Ajah and a loyalist. She had bright blue eyes, unusual for a Domani."
Primary,Main,TEotW,No,0,Isam Mandragoran,Isam Mandragoran,Isam,Mandragoran,Isam,N/A,M,Human,Current,Malkieri Noble,N/A,Unassigned,N/A,Malkier,Unknown,"Lan’s cousin, who as an infant fled Malkier with his mother. Made into a sort of hybrid with Luc Mantear (Slayer)."
Primary,Main,ACoS,No,0,Isan,Isan,Isan,,Isan,N/A,F,Human,Current,Maiden of the Spear,N/A,Unassigned,N/A,Aiel,Unknown,A Maiden of the Jarra sept of the Chareen Aiel who died at Dumai’s Wells.
Primary,Main,ACoS,No,0,Isebaille Tobanyi,Isebaille Tobanyi,Isebaille,Tobanyi,Isebaille,N/A,F,Human,Historic,Aes Sedai,Unknown,No,Unknown,Unknown,Unknown,A historical Domani Aes Sedai who surrendered her brothers and the throne of Arad Doman to enemies.
Primary,Main,ACoS,No,0,Isebele,Isebele,Isebele,,Isebele,N/A,F,Human,Historic,Queen,N/A,Unassigned,N/A,Dal Calain,Unknown,"The ruler of Dal Calain, a country that disappeared during the Trolloc Wars."
Primary,NS,NS,Yes,3,Iselle Arrel,Iselle Arrel,Iselle,Arrel,Iselle,N/A,F,Human,Current,Malkieri Noble,N/A,Unassigned,N/A,Kandor,979 NE,The daughter of Edeyn Arrel. She was born in 962 NE and died in a fall in Chachin in 979 NE.
Primary,Main,TSR,Yes,8,Isendre,Isendre,Isendre,,Isendre,N/A,F,Human,Current,Darkfriend,N/A,Yes,N/A,Unknown,Unknown,The beautiful Darkfriend mistress of the peddler Kadere. She was dark-haired.
Primary,Main,TEotW,Yes,34,Ishamael,Ishamael,Ishamael,,Ishamael,N/A,M,Human,Current,Forsaken,N/A,Yes,"""++1""",Unknown,Unknown,A Forsaken who was born Elan Morin Tedronai. He was also known as Ba’alzamon. Reincarnated as Moridin.
Alias,World,World,N/A,N/A,Ishar Morrad Chuain,Ishar Morrad Chuain,Ishar,Morrad Chuain,Ishar,Aginor,N/A,N/A,N/A,N/A,N/A,N/A,N/A,N/A,N/A,Aginor’s/Osan’gar’s name in life in the Age of Legends.
Primary,Main,LoC,No,0,Ishara Maravaile,Ishara Maravaile,Ishara,Maravaile,Ishara,N/A,F,Human,Historic,Queen,N/A,Unassigned,N/A,Andor,Unknown,The first Queen of Andor (circa FY 994–1020).
Primary,World,World,No,0,Ishara Nawan,Ishara Nawan,Ishara,Nawan,Ishara,N/A,F,Human,Historic,Aes Sedai,Blue,No,Unknown,Unknown,Unknown,An Aes Sedai of the Blue Ajah who served as Amyrlin from 419 to 454 NE.
Primary,Main,TPoD,Yes,1,Ishigari Terasian,Ishigari Terasian,Ishigari,Terasian,Ishigari,N/A,M,Human,Current,Arafellin Noble,N/A,Unassigned,N/A,Arafel,Unknown,"A nobleman, advisor and general to King Paitar of Arafel. He was about 5'10"" tall, and very fat."
Primary,Main,TPoD,No,0,"Ismic, Lord",Lord Ismic,Lord,Ismic,Lord,N/A,M,Human,Current,Kandori Noble,N/A,Unassigned,N/A,Kandor,Unknown,The brother-in-law of Queen Ethenielle of Kandor; Ethenielle arranged his marriage to her widowed sister Nazelle.
Primary,Main,TSR,Yes,8,Ispan Shefar,Ispan Shefar,Ispan,Shefar,Ispan,N/A,F,Human,Current,Aes Sedai,Blue,Yes,17(5),Tarabon,891 NE,"A Taraboner Aes Sedai of the Blue Ajah, but actually Black Ajah. She had dark hair, brown eyes and full lips."
Primary,WoTC,WoTC,No,0,Istaban Novares,Istaban Novares,Istaban,Novares,Istaban,N/A,U,Human,Current,Tairen Noble,N/A,Unassigned,N/A,Tear,Unknown,One of the founders of Tear.
Primary,Main,TGH,No,0,Iva,Iva,Iva,,Iva,N/A,F,Ogier,Current,Uncertain,N/A,Unassigned,N/A,Stedding Tsofu,Unknown,"An Ogier woman who was the daughter of Alar and the mother of Loial’s wife, Erith."
Primary,Main,ACoS,Yes,1,Ivara,Ivara,Ivara,,Ivara,N/A,F,Human,Current,Kinswoman,N/A,Unassigned,39(27),Tear,664 NE,A Kin Elder and a member of the Knitting Circle in Ebou Dar. She was a dark woman with a Tairen look to her.
Primary,Main,TGH,No,0,Ivon,Ivon,Ivon,,Ivon,N/A,M,Human,Current,Knifemaker,N/A,Unassigned,N/A,Cairhien,Unknown,"A Cairhienin knifemaker. He made some knives for Dena, Thom’s lover."
Primary,Main,TSR,Yes,1,"Ivon, Child",Child Ivon,Ivon,,Ivon,N/A,M,Human,Current,Whitecloak,N/A,Unassigned,N/A,Unknown,Unknown,A soldier in the Children of the Light. He was with Dain Bornhald in the Two Rivers.
Primary,Main,CoT,No,0,Ivonell Bharatiya,Ivonell Bharatiya,Ivonell,Bharatiya,Ivonell,N/A,F,Human,Historic,Author,N/A,Unassigned,N/A,Unknown,Unknown,"A woman, possibly apocryphal, who supposedly wrote about Darkhounds before the Trolloc Wars."
Primary,Main,CoT,Yes,2,Jaalam Nishur,Jaalam Nishur,Jaalam,Nishur,Jaalam,N/A,M,Human,Current,Soldier,N/A,Unassigned,N/A,Arad Doman,Unknown,A young Domani soldier sworn to Rodel Ituralde.
Primary,Main,KoD,No,0,Jac,Jac,Jac,,Jac,N/A,M,Human,Current,Song Character,N/A,Unassigned,N/A,Unknown,Unknown,"A man pitching hay in a song sung at The White Ring in Maderin, Altara."
Primary,Main,TEotW,No,0,Jac al'Caar,Jac al'Caar,Jac,al'Caar,Jac,N/A,M,Human,Current,Shepherd,N/A,Unassigned,N/A,Andor,Unknown,A shepherd in Emond’s Field.
Primary,Main,TSR,Yes,3,Jac al'Seen,Jac al'Seen,Jac,al'Seen,Jac,N/A,M,Human,Current,Farmer,N/A,Unassigned,N/A,Andor,Unknown,"A Two Rivers farmer. His wife was Elisa. Stocky and square-shouldered, he had less hair than Bran."
Primary,Main,KoD,No,0,Jac Coplin,Jac Coplin,Jac,Coplin,Jac,N/A,M,Human,Current,Uncertain,N/A,Unassigned,N/A,Andor,Unknown,"A Two Rivers man who, along with Len Congar, stole a cow from Master Thane."
Primary,NS,NS,No,0,Jac Wynn,Jac Wynn,Jac,Wynn,Jac,N/A,M,Human,Current,Soldier,N/A,Unassigned,N/A,Murandy,Unknown,A Murandian soldier who died just before the Battle of the Shining Walls; he slipped on a stone and broke his head.
Primary,Main,KoD,Yes,1,Jadein,Jadein,Jadein,,Jadein,N/A,F,Human,Current,Deskmistress,N/A,Unassigned,N/A,Sea Folk,Unknown,An Atha’an Miere woman who was the deckmistress of Harine din Togara. She was lean and leathery.
Primary,Main,TPoD,Yes,1,Jadranka,Jadranka,Jadranka,,Jadranka,N/A,M,Human,Current,Soldier,N/A,Unassigned,N/A,Seanchan,Unknown,A Seanchan soldier who was the senior of Karede’s three captains. He was short and thin with a prominent nose.
Primary,Main,TEotW,No,0,Jaem,Jaem,Jaem,,Jaem,N/A,M,Human,Unknown,Song Character,N/A,Unassigned,N/A,Unknown,Unknown,The subject of a song called “Jaem’s Folly.”
Primary,Main,TGH,Yes,8,Jaem,Jaem,Jaem,,Jaem,N/A,M,Human,Current,Warder,N/A,Unassigned,N/A,Unknown,922 NE,"Vandene’s Warder. He had thinning gray hair and was stringy, gnarled, wiry, lean, bony and as tough as old roots."
Primary,Main,KoD,No,0,Jaem Dawlish,Jaem Dawlish,Jaem,Dawlish,Jaem,N/A,M,Human,Current,Stablehand,N/A,Unassigned,N/A,Andor,Unknown,"The son of Melfane, Elayne’s midwife, in Caemlyn. His first paid job was mucking out stables."
Primary,Main,TEotW,No,0,Jaem the Giant-Slayer,Jaem the Giant-Slayer,Jaem,,Jaem,N/A,M,Human,Unknown,Story Character,N/A,Unassigned,N/A,Unknown,Unknown,A character in a gleeman’s tale bearing the same name.
Primary,Main,LoC,Yes,38,Jahar Narishma,Jahar Narishma,Jahar,Narishma,Narishma,N/A,M,Human,Current,Uncertain,N/A,Unassigned,N/A,Arafel,977 NE,"An Arafellin cobbler’s son who went to the Black Tower. He had big dark eyes, a pale face, and dark hair."
Primary,Main,TGH,Yes,8,Jaichim Carridin,Jaichim Carridin,Jaichim,Carridin,Carridin,N/A,M,Human,Current,Whitecloak,N/A,Yes,N/A,Unknown,Unknown,"An Inquisitor of the Hand of the Light, Ambassador to Ebou Dar. Tall, with a touch of gray in his hair."
Primary,Main,CoT,No,0,Jailin Maran,Jailin Maran,Jailin,Maran,Jailin,N/A,M,Human,Current,Andoran Noble,N/A,Unassigned,N/A,Andor,Unknown,A minor Andoran nobleman. His sign was the crosshatched Red Wall. Jailin supported Elenia for the Lion Throne.
Primary,NS,NS,Yes,1,Jaim,Jaim,Jaim,,Jaim,N/A,M,Human,Current,Soldier,N/A,Unassigned,N/A,Unknown,Unknown,An old soldier who served with Lan in the Aiel War. Lan caught him sleeping standing straight up with his eyes open.
Primary,Main,TEotW,No,0,Jaim,Jaim,Jaim,,Jaim,N/A,M,Human,Unknown,Song Character,N/A,Unassigned,N/A,Unknown,Unknown,The subject of the song “Jolly Jaim.”
Primary,Main,TDR,Yes,2,Jaim Adarra,Jaim Adarra,Jaim,Adarra,Jaim,N/A,M,Human,Current,Ship Captain,N/A,Unassigned,N/A,Unknown,Unknown,"The captain of the Snow Goose, which took Moiraine, Lan, Perrin, Loial and Faile from Remen to Illian."
Primary,Main,TSR,Yes,1,Jaim Aybara,Jaim Aybara,Jaim,Aybara,Jaim,N/A,M,Human,Current,Uncertain,N/A,Unassigned,N/A,Andor,Unknown,A Two Rivers boy who was sort of Perrin’s cousin.
Primary,Main,TDR,Yes,1,Jaim Dawtry,Jaim Dawtry,Jaim,Dawtry,Jaim,N/A,M,Human,Current,Farmer,N/A,Unassigned,N/A,Andor,Unknown,"A farmer in the Two Rivers. In Egwene’s Accepted test, he told Rand of a big battle."
Primary,Main,TSR,No,0,Jaim Thane,Jaim Thane,Jaim,Thane,Jaim,N/A,M,Human,Current,Uncertain,N/A,Unassigned,N/A,Andor,Unknown,A boy from Emond’s Field.
Primary,Main,TSR,Yes,3,Jaim Torfinn,Jaim Torfinn,Jaim,Torfinn,Jaim,N/A,M,Human,Current,Asha'man,N/A,Unassigned,Unknown,Andor,Unknown,"A young Two Rivers man who became an Asha'man. He was spindly, with dusty brown hair."
Alias,Main,TEotW,N/A,N/A,Jain Charin,Jain Charin,Jain,Charin,Jain,Jain Farstrider,N/A,N/A,N/A,N/A,N/A,N/A,N/A,N/A,N/A,Jain Farstrider's birth name.
Primary,Main,TEotW,Yes,26,Jain Farstrider,Jain Farstrider,Jain,Farstrider,Jain,N/A,M,Human,Current,Adventurer,N/A,Unassigned,N/A,Malkier,925 NE,"A legendary traveler who wrote about his peregrinations and adventures. Born Jain Charin, and later going by ""Noal""."
Primary,Main,ACoS,No,0,Jair,Jair,Jair,,Jair,N/A,F,Human,Current,Uncertain,N/A,Unassigned,N/A,Aiel,Unknown,"A wife to Mandelain, an Aiel of the Daryne clan. Her sister-wife was Corehuin."
Alias,Main,ACoS,N/A,N/A,Jaisi Trakand,Jaisi Trakand,Jaisi,Trakand,Jaisi,Elmindreda Farshaw,N/A,N/A,N/A,N/A,N/A,N/A,N/A,N/A,N/A,The name used by Lady Caraline for Min when introducing her to Darlin.
Primary,Main,TEotW,Yes,1,Jak,Jak,Jak,,Jak,N/A,M,Human,Current,Strongarm,N/A,Unassigned,N/A,Unknown,Unknown,"A strongarm at The Dancing Cartman in Four Kings, Andor. He was hard-faced, big, and had thick arms."
Primary,Main,TPoD,Yes,2,Jak Masond,Jak Masond,Jak,Masond,Masond,N/A,M,Human,Current,Soldier,N/A,Unassigned,N/A,Unknown,Unknown,A commander in the Legion of the Dragon. He was short and stocky and moved with surprising speed.
Primary,Main,KoD,Yes,1,Jakob Hernvil,Jakob Hernvil,Jakob,Hernvil,Jakob,N/A,M,Human,Current,Secretary,N/A,Unassigned,N/A,Unknown,Unknown,"Arymilla’s secretary. He was small and lean, as if all the fat had been boiled from him."
Primary,Main,NS,Yes,1,Jala Bandevin,Jala Bandevin,Jala,Bandevin,Jala,N/A,F,Human,Current,Aes Sedai,Green,No,Unknown,Unknown,Unknown,"An Aes Sedai of the Green Ajah and the loyalist contingent. She was very short, about five feet tall, and gray-haired."
Primary,Main,TDR,No,0,Jalanda son of Aried son of Coiam,Jalanda son of Aried son of Coiam,Jalanda,,Jalanda,N/A,M,Ogier,Historic,Historian,N/A,Unassigned,N/A,Unknown,Unknown,An Ogier historian whose information about Be’lal was quoted by Loial.
Primary,Main,LoC,Yes,14,Jalani,Jalani,Jalani,,Jalani,N/A,F,Human,Current,Maiden of the Spear,N/A,Unassigned,N/A,Aiel,Unknown,"An Aiel woman who was Far Dareis Mai. She had short red hair, green eyes and baby fat in her cheeks."
Primary,Main,CoT,No,0,Jalid Magonine,Jalid Magonine,Jalid,Magonine,Jalid,N/A,M,Human,Current,Craftsman,N/A,Unassigned,N/A,Seanchan,Unknown,"A craftsman in Ancarid, Seanchan, who owned Karede as a boy."
Primary,Main,TFoH,Yes,1,Jalindin,Jalindin,Jalindin,,Jalindin,N/A,F,Human,Current,Seeker for Truth,N/A,Unassigned,N/A,Seanchan,Unknown,A Seeker for Truth in Seanchan. She had a severe face with dark eyes.
Alias,World,World,N/A,N/A,Jalwin Moerad,Jalwin Moerad,Jalwin,Moerad,Jalwin,Ishamael,N/A,N/A,N/A,N/A,N/A,N/A,N/A,N/A,N/A,An advisor to Artur Hawkwing who was really Ishamael on the second occasion he was spun out into the world.
Primary,Main,AMoL,Yes,1,Jame,Jame,Jame,,Jame,N/A,M,Human,Current,Blademaster,N/A,Unassigned,N/A,Seanchan,Unknown,"A Seanchan man, married to Kathana, innkeeper of The Yearly Brawl in Ebou Dar. Jame was a blademaster."
Primary,Main,WH,Yes,2,Jameine,Jameine,Jameine,,Jameine,N/A,F,Human,Current,Seamstress,N/A,Unassigned,N/A,Unknown,Unknown,"A seamstress in Valan Luca’s show who was admired by Olver, who thought her neck was graceful as a swan’s."
Primary,Main,TGS,No,0,Jamilila Norsish,Jamilila Norsish,Jamilila,Norsish,Jamilila,N/A,F,Human,Current,Aes Sedai,Red,Maybe,Unknown,Unknown,Unknown,An Aes Sedai of the Red Ajah. Egwene thought she might be Mesaana in disguise.
Primary,Main,LoC,No,0,"Jan, Aunt",Aunt Jan,Jan,,Jan,N/A,F,Human,Current,Seamstress,N/A,Unassigned,N/A,Andor,Unknown,"One of Min’s aunts. Jan worked as a seamstress, and never married. She was very proper."
Primary,Main,LoC,Yes,2,Jancy Torfinn,Jancy Torfinn,Jancy,Torfinn,Jancy,N/A,F,Human,Current,Novice,N/A,Unassigned,Unknown,Andor,Unknown,A girl from Two Rivers with the ability to channel. She was recruited by Verin and Alanna.
Primary,Main,WH,No,0,Jander Parentakis,Jander Parentakis,Jander,Parentakis,Jander,N/A,M,Human,Current,Inventor,N/A,Unassigned,N/A,Unknown,Unknown,A member of the Academy of Cairhien. He was working on building a paddlewheel riverboat.
Primary,Main,TSR,No,0,Janduin,Janduin,Janduin,,Janduin,N/A,M,Human,Historic,Aiel Clan Chief,N/A,Unassigned,N/A,Aiel,Unknown,"A man of the Iron Mountain sept of the Taardad Aiel. Rand’s biological father, he became clan chief of the Taardad."
Primary,Main,ToM,Yes,1,Janduin,Janduin,Janduin,,Janduin,N/A,M,Human,Future,Uncertain,N/A,Unassigned,N/A,Unknown,Unknown,The name of one of Rand and Aviendha’s sons seen during Aviendha’s second trip through the crystal columns.
Primary,Main,TPoD,Yes,3,Janina,Janina,Janina,,Janina,N/A,F,Human,Current,Wise One,N/A,Unassigned,23(11),Aiel,Unknown,A Wise One of the Miagoma Aiel with the ability to channel. She had flaxen hair and pale sky-blue eyes.
Primary,Main,ACoS,Yes,1,Janine Pavlara,Janine Pavlara,Janine,Pavlara,Janine,N/A,F,Human,Current,Aes Sedai,Red,No,27(15),Arafel,963 NE,"An Arafellin Aes Sedai of the Red Ajah and the loyalist contingent. She was 5'3"" tall, and plump, with large dark eyes."
Primary,Main,ACoS,Yes,1,Janira,Janira,Janira,,Janira,N/A,F,Human,Current,Kinswoman,N/A,Unassigned,Unknown,Saldaea,Unknown,A Saldaean Kin and a member of the Knitting Circle in Ebou Dar. She was lean with graying hair.
Primary,Main,CoT,Yes,1,Janny,Janny,Janny,,Janny,N/A,F,Human,Current,Maid,N/A,Unassigned,N/A,Andor,Unknown,Elenia Sarand’s personal maid for twenty years. She was a plump-cheeked Andoran.
Primary,Main,TFoH,Yes,1,Janwin,Janwin,Janwin,,Janwin,N/A,M,Human,Current,Aiel Clan Chief,N/A,Unassigned,N/A,Aiel,Unknown,A man of the Degalle sept of the Shiande Aiel who was clan chief of the Shiande. He was married to Corida.
Primary,Main,LoC,Yes,13,Janya Frende,Janya Frende,Janya,Frende,Janya,N/A,F,Human,Current,Aes Sedai,Brown,No,17(5),Andor,816 NE,"An Andoran Aes Sedai of the Brown Ajah and the rebel contingent. Slender, about 5'4"" tall, and pretty."
Primary,Main,CoT,Yes,3,Jaq Lounalt,Jaq Lounalt,Jaq,Lounalt,Master Lounalt,N/A,M,Human,Current,Secretary,N/A,Yes,N/A,Tarabon,Unknown,Arymilla’s Taraboner secretary whose true talent was torture. He used cords as a specialty.
Primary,Main,TFoH,Yes,1,Jar Silvin,Jar Silvin,Jar,Silvin,Silvin,N/A,M,Human,Current,Uncertain,N/A,Unassigned,N/A,Unknown,Unknown,"A man serving Gareth Bryne in Kore Springs, Andor; he went with Bryne to find Siuan."
Primary,Main,TPoD,No,0,Jara Doweel,Jara Doweel,Jara,Doweel,Mistress Doweel,N/A,F,Human,Current,Farmer,N/A,Unassigned,N/A,Unknown,Unknown,A woman who ran a farm in the Black Hills. Toveine served penance under her for twenty years.
Primary,Main,TSR,No,0,Jared Aydaer,Jared Aydaer,Jared,Aydaer,Jared,N/A,M,Human,Current,Uncertain,N/A,Unassigned,N/A,Andor,Unknown,"A young man in the Two Rivers. He joined Perrin’s band hunting Trollocs, and was killed in a Trolloc ambush."
Primary,Main,TSR,No,0,Jaren,Jaren,Jaren,,Jaren,N/A,M,Human,Historic,Jenn Aiel,N/A,Unassigned,N/A,Jenn Aiel,Unknown,"A Jenn Aiel boy from after the Breaking. At age nineteen, he learned he could channel and threw himself off a cliff."
Primary,NS,NS,No,0,Jarene,Jarene,Jarene,,Jarene,N/A,F,Human,Current,Kandori Noble,N/A,Unassigned,N/A,Kandor,966 NE,The eldest daughter of Queen Ethenielle and Prince Brys of Kandor. She married a Kandori lord.
Primary,Main,TEotW,Yes,23,Jaret Byar,Jaret Byar,Jaret,Byar,Byar,N/A,M,Human,Current,Whitecloak,N/A,Unassigned,N/A,Unknown,Unknown,A Whitecloak officer. He was tall and gaunt with dark deep-set eyes. He would follow orders whatever they were.
Primary,Main,ToM,Yes,1,Jargen,Jargen,Jargen,,Jargen,N/A,M,Human,Current,Soldier,N/A,Unassigned,N/A,Unknown,Unknown,A sergeant of the watch at Heeth Tower at the Blight border in Kandor. He wore a forked beard.
Primary,Main,TSR,No,0,Jaric Mondoran,Jaric Mondoran,Jaric,Mondoran,Jaric,N/A,M,Human,AoL,Ancient Aes Sedai,N/A,Unassigned,Unknown,Unknown,Unknown,A male Aes Sedai during the Breaking who went mad and threatened Tzora.
Primary,Main,TFoH,Yes,3,Jarid Sarand,Jarid Sarand,Jarid,Sarand,Jarid,N/A,M,Human,Current,Andoran Noble,N/A,Unassigned,N/A,Andor,Unknown,"An Andoran man who was High Seat of House Sarand and the husband of Elenia. He was about 5'10"" tall."
Primary,Main,TFoH,Yes,4,Jaril,Jaril,Jaril,,Jaril,N/A,M,Human,Current,Uncertain,N/A,Unassigned,N/A,Unknown,Unknown,A six-year-old boy taken to Salidar as one of Marigan’s (Moghedien in disguise) children; Seve was his brother.
Primary,Main,ACoS,Yes,1,Jarna Malari,Jarna Malari,Jarna,Malari,Jarna,N/A,F,Human,Current,Aes Sedai,Gray,Yes,Unknown,Unknown,760 NE,An Aes Sedai of the Gray Ajah publicly but of the Black Ajah in truth.
Primary,Main,ToM,Yes,1,Jarr,Jarr,Jarr,,Jarr,N/A,M,Human,Current,Mercenary,N/A,Unassigned,N/A,Unknown,Unknown,"A mercenary who joined Perrin’s army along with Turne. Jarr had had a horse, but they ate him."
Primary,Main,ACoS,Yes,1,Jasfer Anan,Jasfer Anan,Jasfer,Anan,Jasfer,N/A,M,Human,Current,Ship Captain,N/A,Unassigned,N/A,Altara,Unknown,The husband of Setalle. He was square-faced and gray-haired.
Alias,Main,TSR,N/A,N/A,Jasin Natael,Jasin Natael,Jasin,Natael,Jasin,Asmodean,N/A,N/A,N/A,N/A,N/A,N/A,N/A,N/A,N/A,Asmodean’s identity as a gleeman. He appeared dark-haired and in his middle years.
Primary,Main,TGS,Yes,1,Jasmen,Jasmen,Jasmen,,Jasmen,N/A,F,Human,Current,Novice,N/A,Unassigned,Unknown,Unknown,Unknown,A novice in the Tower. She was among the strongest that Egwene recruited to help fight against the Seanchan.
Primary,Main,TFoH,Yes,4,Javindhra Doraille,Javindhra Doraille,Javindhra,Doraille,Javindhra,N/A,F,Human,Current,Aes Sedai,Red,Turned,25(13),Unknown,842 NE,"An Aes Sedai of the Red Ajah and the loyalist contingent. About 5'6"" tall, she had a bony frame, with an angular face."
Primary,Main,TSR,Yes,19,Jeade'en,Jeade'en,Jeade'en,,Jeade'en,N/A,M,Horse,Current,Horse,N/A,Unassigned,N/A,Unknown,Unknown,Old Tongue for “True Finder.” Rand’s dappled stallion bore this name.
Primary,Main,TSR,Yes,5,Jeaine Caide,Jeaine Caide,Jeaine,Caide,Jeaine,N/A,F,Human,Current,Aes Sedai,Green,Yes,18(6),Arad Doman,912 NE,"A Domani Aes Sedai of the Green Ajah, but Black Ajah in truth. She had black hair and dark brown eyes"
Primary,Main,TDR,No,0,Jearom,Jearom,Jearom,,Jearom,N/A,M,Human,Historic,Blademaster,N/A,Unassigned,N/A,Unknown,Unknown,"The greatest blademaster in history. Jearom fought over ten thousand times, in battle and single combat."
Primary,WoTC,WoTC,No,0,Jelande,Jelande,Jelande,,Jelande,N/A,F,Human,Current,Maiden of the Spear,N/A,Unassigned,N/A,Aiel,Unknown,An Aiel who was Far Dareis Mai. She accompanied Perrin to Ghealdan. She had gray eyes and dark brown hair.
Primary,Main,ACoS,Yes,1,"Jen, Master",Master Jen,Jen,,Jen,N/A,M,Human,Current,Servant,N/A,Unassigned,N/A,Altara,Unknown,"A servant in the Tarasin Palace. He was a short, bullish young man."
Alias,Main,LoC,N/A,N/A,"Jen, Uncle",Uncle Jen,Jen,,Uncle Jen,Torwyn Barshaw,N/A,N/A,N/A,N/A,N/A,N/A,N/A,N/A,N/A,A name used by the Darkfriend Torwyn Barshaw. He was alleged to be Paitr Conel’s uncle and a merchant.
Primary,Main,TPoD,Yes,4,Jenare Balmaen,Jenare Balmaen,Jenare,Balmaen,Jenare,N/A,F,Human,Current,Aes Sedai,Red,Turned,25(13),Unknown,Unknown,"An Aes Sedai of the Red Ajah and the loyalist contingent. About 5'4"" tall, she was sturdy and had a pale, square face."
Primary,Main,WH,No,0,Jendhilin,Jendhilin,Jendhilin,,Jendhilin,N/A,F,Human,Current,Maiden of the Spear,N/A,Unassigned,N/A,Aiel,Unknown,A Maiden of the Cold Peak Miagoma who died guarding Rand’s door at the Sun Palace in Cairhien.
Primary,Main,TPoD,Yes,1,Jennet,Jennet,Jennet,,Jennet,N/A,F,Human,Current,Novice,N/A,Unassigned,Unknown,Murandy,Unknown,"A big-eyed, pretty Murandian noblewoman who became a novice with the rebels."
Primary,Main,NS,No,0,Jennet Cobb,Jennet Cobb,Jennet,Cobb,Jennet,N/A,F,Human,Current,Aes Sedai,Gray,No,18(6),Andor,851 NE,An Andoran Aes Sedai of the Gray Ajah and the rebel contingent. Her parents were innkeepers in Caemlyn.
Primary,Main,TFoH,Yes,1,Jenric,Jenric,Jenric,,Jenric,N/A,M,Human,Current,Aiel Warrior,N/A,Unassigned,N/A,Aiel,Unknown,An Aielman with whom Mat played a knife-throwing game in Rhuidean. He was built like a bear.
Primary,Main,LoC,No,0,Jeorad Manyard,Jeorad Manyard,Jeorad,Manyard,Jeorad,N/A,M,Human,Historic,Governor,N/A,Unassigned,N/A,Andor,Unknown,The governor of the province of Andor for Artur Hawkwing. He translated the Prophecies of the Dragon.
Primary,Main,TSR,Yes,1,Jeordam,Jeordam,Jeordam,,Jeordam,N/A,M,Human,Current,Uncertain,N/A,Unassigned,N/A,Aiel,Unknown,"An Aielman who was the son of Lewin, one of the first Aiel to use a weapon."
Primary,Main,TPoD,Yes,1,Jeordwyn Semaris,Jeordwyn Semaris den Tropan,Jeordwyn,Semaris,Jeordwyn,N/A,M,Human,Current,Illianer Noble,N/A,Unassigned,N/A,Illian,Unknown,An Illianer nobleman who was a member of the Council of the Nine. He was beardless with a narrow jaw.
Primary,Main,KoD,Yes,1,Jeorg Damentanis,Jeorg Damentanis,Jeorg,Damentanis,Damentanis,N/A,M,Human,Current,Merchant,N/A,Unassigned,N/A,Illian,Unknown,A stout Illianer merchant buying gems in Saldaea. He was dark-eyed with gray in his pointed beard.
Primary,Main,AMoL,No,0,Jer al'Hune,Jer al'Hune,Jer,al'Hune,Jer,N/A,M,Human,Current,Uncertain,N/A,Unassigned,N/A,Andor,Unknown,"A boy in the Two Rivers whom Mat, as a teen, had saved from drowning."
Primary,Main,KoD,Yes,1,Jera,Jera,Jera,,Jera,N/A,F,Human,Current,Serving Girl,N/A,Unassigned,N/A,Altara,Unknown,"A serving girl at The White Ring in Maderin, Altara. She served Mat, Tuon and Selucia; Mat tipped her a silver penny."
Alias,Main,ACoS,N/A,N/A,Jeraal Mordeth,Jeraal Mordeth,Jeraal,Mordeth,Jeraal,Padan Fain,N/A,N/A,N/A,N/A,N/A,N/A,N/A,N/A,N/A,The name used by Padan Fain when he was in Cairhien advising Toram Riatin.
Primary,Main,TDR,Yes,1,Jeral Florry,Jeral Florry,Jeral,Florry,Florry,N/A,M,Human,Current,Innkeeper,N/A,Unassigned,N/A,Unknown,Unknown,"The innkeeper of The Good Queen in Aringill, Andor. Thom and Mat stayed in the stable at his inn."
Primary,Main,TGH,Yes,1,"Jeral, Child",Child Jeral,Jeral,,Jeral,N/A,M,Human,Current,Whitecloak,N/A,Unassigned,N/A,Unknown,Unknown,A young soldier in the Children of the Light who was sent with a message from Carridin to Geofram Bornhald.
Primary,Main,TPoD,Yes,1,Jerasid,Jerasid,Jerasid,,Jerasid,N/A,M,Human,Current,Farrier,N/A,Unassigned,N/A,Cairhien,Unknown,A Cairhienin farrier in Perrin’s camp in Ghealdan. He was just short of his middle years.
Primary,NS,NS,No,0,Jerid Najima,Jerid Najima,Jerid,Najima,Jerid,N/A,M,Human,Current,Uncertain,N/A,Unassigned,N/A,Kandor,978 NE,A Kandori infant who was on Moiraine’s list of potential Dragons Reborn. He and his father were killed in a barn fire.
Primary,Main,LoC,Yes,1,Jerilin al'Caar,Jerilin al'Caar,Jerilin,al'Caar,Jerilin,N/A,F,Human,Current,Novice,N/A,Unassigned,Unknown,Andor,Unknown,A skinny Two Rivers girl with the ability to channel. She was among the young women recruited by Verin and Alanna.
Primary,Main,TSR,Yes,1,Jerinvar Barstere,Jerinvar Barstere,Jerinvar,Barstere,Master Barstere,N/A,M,Human,Current,Mayor,N/A,Unassigned,N/A,Andor,Unknown,"The mayor of Watch Hill, Andor. He was wide-nosed, leathery-faced and white-haired. He goes by ""Jer""."
Primary,Main,ToM,Yes,1,Jerum Nus,Jerum Nus,Jerum,Nus,Jerum,N/A,M,Human,Current,Whitecloak,N/A,Unassigned,N/A,Unknown,Unknown,A young Whitecloak soldier.
Primary,Main,CoT,Yes,1,Jesain,Jesain,Jesain,,Jesain,N/A,F,Human,Current,Wise One,N/A,Unassigned,Unknown,Aiel,Unknown,"A Wise One of the Shaido Aiel with the ability to channel. Very short for an Aiel, no more than 5'2"" tall."
Primary,Main,AMoL,Yes,1,Jesamyn,Jesamyn,Jesamyn,,Jesamyn,N/A,F,Human,Current,Kinswoman,N/A,Unassigned,Unknown,Unknown,Unknown,A member of the Kin. She was golden-haired and young-looking.
Primary,Main,LoC,Yes,1,Jesse Bilal,Jesse Bilal,Jesse,Bilal,Jesse,N/A,F,Human,Current,Aes Sedai,Brown,No,21(9),Unknown,752 NE,"An Aes Sedai of the Brown Ajah and a loyalist. About 5'1"" tall and wiry, she resembled a sparrow."
Primary,Main,ACoS,No,0,Jestian Redhill,Jestian Redhill,Jestian,Redhill,Jestian,N/A,F,Human,Historic,Aes Sedai,Unknown,No,Unknown,Unknown,Unknown,A historical Aes Sedai that Faile used as an example of Aes Sedai doing whatever the White Tower ordered.
Alias,Main,ToM,N/A,N/A,Jethari Moondancer,Jethari Moondancer,Jethari,Moondancer,Jethari,Birgitte Silverbow,N/A,N/A,N/A,N/A,N/A,N/A,N/A,N/A,N/A,"Birgitte’s name in another life, in which she took Gaidal Cain to the Tower of Ghenjei to save him from a head wound."
Primary,Main,KoD,Yes,2,Jezrail,Jezrail,Jezrail,,Jezrail,N/A,F,Human,Current,Aes Sedai,Red,Turned,Unknown,Tear,Unknown,A Tairen Aes Sedai of the Red Ajah and the loyalist contingent. She was dark with a square face.
Primary,Main,TFoH,Yes,3,"Jharen, Mistress",Mistress Jharen,Mistress,Jharen,Mistress Jharen,N/A,F,Human,Current,Innkeeper,N/A,Unassigned,N/A,Amadicia,Unknown,"The innkeeper of The Light of Truth in Sienda, Amadicia. She was plump, with gray hair in long curls."
Primary,Main,TSR,Yes,7,Jheran,Jheran,Jheran,,Jheran,N/A,M,Human,Current,Aiel Clan Chief,N/A,Unassigned,N/A,Aiel,Unknown,A man of the Haido sept of the Shaarad Aiel and of the Sovin Nai society who was clan chief of the Shaarad.
Primary,Main,KoD,Yes,1,Jhoradin,Jhoradin,Jhoradin,,Jhoradin,N/A,M,Human,Current,Aiel Warrior,N/A,Unassigned,N/A,Aiel,Unknown,"A Mera’din who joined the Shaido and was Rolan’s friend. Squat for an Aielman, with blue eyes and red-gold hair."
Primary,Main,LoC,No,0,Jidar,Jidar,Jidar,,Jidar,N/A,M,Human,Current,Soldier,N/A,Unassigned,N/A,Saldaea,Unknown,A Saldaean soldier under Bashere in Caemlyn. He had odd ideas about Aes Sedai.
Primary,Main,WH,Yes,1,Jillari,Jillari,Jillari,,Jillari,N/A,F,Human,Current,Damane,N/A,Unassigned,Unknown,Seanchan,Unknown,A captured damane from Seanchan who was sent to Elayne. She felt that women who could channel must be collared.
Primary,Main,TEotW,Yes,1,Jillie Lewin,Jillie Lewin,Jillie,Lewin,Jillie,N/A,F,Human,Current,Uncertain,N/A,Unassigned,N/A,Andor,Unknown,"A girl from Emond’s Field. When Egwene first carried water for the annual shearing, Jillie was seventeen."
Primary,Main,TPoD,Yes,1,Jillien,Jillien,Jillien,,Jillien,N/A,F,Human,Current,Goldsmith,N/A,Unassigned,N/A,Altara,Unknown,A plump Ebou Dari goldsmith who was at the Kin’s farm outside Ebou Dar. She fled along with Elayne and Nynaeve.
Primary,Main,ACoS,Yes,7,Jimar Chubain,Jimar Chubain,Jimar,Chubain,Chubain,N/A,M,Human,Current,Soldier,N/A,Unassigned,N/A,Unknown,Unknown,"High Captain of the White Tower Guard. He was a good soldier and a good enough general, but overly impetuous."
Primary,Main,TFoH,Yes,1,Jini,Jini,Jini,,Jini,N/A,F,Human,Current,Damane,N/A,Unassigned,Unknown,Seanchan,Unknown,A Seanchan damane who belonged to the Lady Morsa. She had short yellow hair and looked almost motherly.
Primary,Main,ACoS,Yes,1,Jinjin,Jinjin,Jinjin,,Jinjin,N/A,F,Human,Current,Damane,N/A,Unassigned,Unknown,Unknown,Unknown,One of two damane present at Morgase’s meeting with Suroth. The other present was Pura.
Primary,Main,LoC,Yes,4,Jisao Hamora,Jisao Hamora,Jisao,Hamora,Jisao,N/A,M,Human,Current,Youngling,N/A,Unassigned,N/A,Unknown,Unknown,"A Youngling with Gawyn. He had a boy’s grin, but wore the silver tower on his collar that marked him a veteran."
Primary,Main,LoC,No,0,Joal Ramedar,Joal Ramedar,Joal,Ramedar,Joal Ramedar,N/A,M,Human,Historic,King,N/A,Unassigned,N/A,Aldeshar,Unknown,"The last king of Aldeshar, a nation from after the Trolloc Wars, and the father of Endara Casalain."
Alias,Main,LoC,N/A,N/A,Joana,Joana,Joana,,Joana,Birgitte Silverbow,N/A,N/A,N/A,N/A,N/A,N/A,N/A,N/A,N/A,A name Birgitte went by in a past life.
Primary,Main,ToM,Yes,1,Joao,Joao,Joao,,Joao,N/A,M,Human,Current,Soldier,N/A,Unassigned,N/A,Shienar,Unknown,One of the group of Shienaran soldiers who joined Lan in eastern Kandor as he traveled toward Tarwin’s Gap.
Alias,Main,TFoH,N/A,N/A,Joar Addam Nessosin,Joar Addam Nessosin,Joar,Addam Nessosin,Joar,Asmodean,N/A,N/A,N/A,N/A,N/A,N/A,N/A,N/A,N/A,Asmodean’s name in the Age of Legends.
Primary,Main,TSR,No,0,"Joelin, Child",Child Joelin,Joelin,,Child Joelin,N/A,M,Human,Current,Whitecloak,N/A,Unassigned,N/A,Unknown,Unknown,A Child of the Light. Dain Bornhald sent him and Gomanes with Ordeith to find out what he was up to.
Primary,Main,TFoH,No,0,"Johanin, King",King Johanin,Johanin,,Johanin,N/A,M,Human,Current,King,N/A,Unassigned,N/A,Ghealdan,Unknown,A king of Ghealdan. He stripped Logain of his land and titles when Logain declared himself the Dragon Reborn.
Primary,Main,TFoH,No,0,Joinde,Joinde,Joinde,,Joinde,N/A,F,Human,Current,Maiden of the Spear,N/A,Unassigned,N/A,Aiel,Unknown,A woman of the Black Rock sept of the Shaarad Aiel and Far Dareis Mai.
Primary,Main,TDR,Yes,1,Joiya,Joiya,Joiya,,Joiya,N/A,F,Human,Current,Uncertain,N/A,Unassigned,N/A,Andor,Unknown,"A child that Egwene had with Rand, during her Accepted test."
Primary,Main,TDR,Yes,5,Joiya Byir,Joiya Byir,Joiya,Byir,Joiya,N/A,F,Human,Current,Aes Sedai,Gray,Yes,28(16),Andor,828 NE,An Andoran Aes Sedai of the Gray Ajah and Black Ajah in truth. She was a handsome woman with a friendly face.
Primary,Main,TFoH,Yes,1,Jol,Jol,Jol,,Jol,N/A,M,Human,Current,Lensmaker,N/A,Unassigned,N/A,Cairhien,Unknown,One of Kin Tovere’s apprentice lensmakers in Cairhien. He helped set up the large looking glasses.
Primary,Main,TDR,Yes,4,Jolien,Jolien,Jolien,,Jolien,N/A,F,Human,Current,Maiden of the Spear,N/A,Unassigned,N/A,Aiel,Unknown,A woman of the Salt Flat sept of the Nakai Aiel and Far Dareis Mai. She had red-gold hair and blue eyes.
Primary,Main,TSR,Yes,21,Joline Maza,Joline Maza,Joline,Maza,Joline,N/A,F,Human,Current,Aes Sedai,Green,No,17(5),Unknown,899 NE,"An Aes Sedai of the Green Ajah. About 5'4"" tall, with dark brown hair and large brown eyes, she was quite pretty."
Primary,Main,TSR,Yes,1,Jom,Jom,Jom,,Jom,N/A,M,Human,AoL,Uncertain,N/A,Unassigned,N/A,Unknown,Unknown,A man from the Age of Legends. He was wide-shouldered with a narrow beard and dark hair.
Primary,Main,TDR,No,0,Jon,Jon,Jon,,Jon,N/A,M,Human,Current,Blacksmith,N/A,Unassigned,N/A,Ghealdan,Unknown,"A blacksmith in Jarra, Ghealdan. Rilith, who was young enough to be his daughter, suddenly asked him to marry her."
Primary,Main,LoC,Yes,3,Jon Ayellin,Jon Ayellin,Jon,Ayellin,Jon,N/A,M,Human,Current,Farmer,N/A,Unassigned,N/A,Andor,Unknown,A Two Rivers farmer. He was bald and hulking. Jon and Thad Torfinn went to Faile to settle a boundary dispute.
Primary,Main,TSR,Yes,1,Jon Gaelin,Jon Gaelin,Jon,Gaelin,Jon,N/A,M,Human,Current,Soldier,N/A,Unassigned,N/A,Andor,Unknown,A Two Rivers farmer. His farm lay on the North Road. Jon joined Perrin’s army at Malden.
Primary,Main,WH,No,0,Jon Skellit,Jon Skellit,Jon,Skellit,Jon,N/A,M,Human,Current,Barber,N/A,Unassigned,N/A,Unknown,Unknown,A barber in the Royal Palace in Caemlyn who served in the palace under Morgase. He was later identified as a spy.
Primary,Main,TEotW,Yes,6,Jon Thane,Jon Thane,Jon,Thane,Jon,N/A,M,Human,Current,Miller,N/A,Unassigned,N/A,Andor,Unknown,The miller of Emond’s Field and a member of the Village Council. His son Lem also saw the Fade that Rand did.
Primary,Main,TSR,Yes,1,Jonai,Jonai,Jonai,,Jonai,N/A,M,Human,Historic,Da'shain Aiel,N/A,Unassigned,N/A,Unknown,Unknown,"A Da’shain Aiel man who lived at the time of the Breaking. The son of Coumin, he married Alnora, a Dreamer."
Primary,Main,LoC,Yes,6,Jonan Adley,Jonan Adley,Jonan,Adley,Adley,N/A,M,Human,Current,Asha'man,N/A,Unassigned,Unknown,Altara,974 NE,An Asha’man from Altara. He could channel just enough to make a gateway of usable size.
Primary,Main,ToM,No,0,"Jonasim, Queen",Queen Jonasim,Jonasim,,Jonasim,N/A,F,Human,Historic,Queen,N/A,Unassigned,N/A,Saldaea,Unknown,A queen of Saldaea whose son had a gambling problem. Faile used her as an example that no leader was perfect.
Primary,Main,ACoS,Yes,4,Jondyn Barran,Jondyn Barran,Jondyn,Barran,Jondyn,N/A,M,Human,Current,Soldier,N/A,Unassigned,N/A,Andor,Unknown,An old Two Rivers man who was respected by the Aiel as a skilled woodsman. A grizzled fellow who liked to spit.
Primary,Main,TFoH,Yes,2,Joni Shagrin,Joni Shagrin,Joni,Shagrin,Joni,N/A,M,Human,Current,Retired Soldier,N/A,Unassigned,N/A,Andor,Unknown,An Andoran man who was once a Senior Bannerman of the Queen’s Guards. He was big and balding with white hair.
Primary,Main,ToM,Yes,8,Jonneth Dowtry,Jonneth Dowtry,Jonneth,Dowtry,Jonneth,N/A,M,Human,Current,Asha'man,N/A,Unassigned,Unknown,Andor,Unknown,A young man from Emond’s Field. He was the grandson of Buel Dowtry. Taim recruited him to the Black Tower.
Primary,Main,AMoL,Yes,1,Jophil,Jophil,Jophil,,Jophil,N/A,M,Human,Current,Soldier,N/A,Unassigned,N/A,Malkier,Unknown,Lan’s bald Malkieri standard-bearer in the Last Battle.
Primary,Main,TDR,No,0,"Jorath, Widow",Widow Jorath,Widow,Jorath,Widow Jorath,N/A,F,Human,Current,Uncertain,N/A,Unassigned,N/A,Unknown,Unknown,"A woman in Jarra, Ghealdan, who dragged old Banas through the wedding arches after Rand passed through the town."
Primary,Main,TGS,Yes,1,Jorgin,Jorgin,Jorgin,,Jorgin,N/A,M,Human,Current,Torturer,N/A,Unassigned,N/A,Unknown,Unknown,A purported chandler who was actually a talented torturer; he worked for Milisair Chadmar.
Primary,Main,LoC,Yes,3,Jori,Jori,Jori,,Jori,N/A,M,Human,Current,Warder,N/A,Unassigned,N/A,Unknown,Unknown,"Morvrin’s Warder. He was about 5'4"" tall, almost as wide as he was tall, bald and square-faced."
Primary,Main,TPoD,Yes,10,Jori Congar,Jori Congar,Jori,Congar,Jori,N/A,M,Human,Current,Uncertain,N/A,Unassigned,N/A,Andor,Unknown,A Two Rivers man. He was skinny although he ate twice as much as anyone else.
Primary,WoTC,WotC,No,0,Jorille Mondevin,Jorille Mondevin,Jorille,Mondevin,Jorille,N/A,F,Human,Historic,Historian,N/A,Unassigned,N/A,Kandor,Unknown,The Royal Historian to the Court of Ethenielle of Kandor; she wrote the introduction to “The Strike at Shayol Ghul.”
Primary,Main,TFoH,No,0,Jorin Arene,Jorin Arene,Jorin,Arene,Jorin,N/A,M,Human,Current,Merchant,N/A,Yes,N/A,Amadicia,Unknown,"A Darkfriend merchant in Amador, and the husband of Amellia. His mind was profoundly damaged by Temaile."
Primary,Main,TSR,Yes,3,Jorin din Jubai White Wing,Jorin din Jubai White Wing,Jorin,din Jubai White Wing,Jorin,N/A,F,Human,Current,Windfinder,N/A,Unassigned,Unknown,Sea Folk,Unknown,"The Sea Folk Windfinder of the Wavedancer and sister to its Sailmistress, Coine. Jorin could channel."
Primary,Main,TGS,No,0,Jorlen Corbesan,Jorlen Corbesan,Jorlen,Corbesan,Jorlen,N/A,M,Human,AoL,Ancient Aes Sedai,N/A,Unassigned,Unknown,Unknown,Unknown,An Aes Sedai from before the Breaking who made wondrous ter’angreal; he died when the Sharom was destroyed.
Primary,Main,ToM,No,0,Jorshem (1),Jorshem,Jorshem,,Jorshem,N/A,M,Human,Future,Uncertain,N/A,Unassigned,N/A,Aiel,Unknown,A man who taught Malidra to use a nail to scrape meat from a bone in Aviendha’s viewing of the future in Rhuidean.
Primary,Main,ToM,Yes,1,Jorshem (2),Jorshem,Jorshem,,Jorshem,N/A,M,Human,Future,Aiel Clan Chief,N/A,Unassigned,N/A,Unknown,Unknown,An Aiel clan chief. He was small with some Andoran blood. Seen in Aviendha’s viewing of the future in Rhuidean.
Primary,Main,ACoS,No,0,Josaine,Josaine,Josaine,,Josaine,N/A,F,Human,Current,Aes Sedai,Green,No,Unknown,Unknown,Unknown,An Aes Sedai of the Green Ajah and the loyalist contingent. A search of her rooms revealed an angreal.
Primary,NS,NS,No,0,Josef Najima,Josef Najima,Josef,Najima,Josef,N/A,M,Human,Current,Uncertain,N/A,Unassigned,N/A,Kandor,Unknown,A Kandori man who was always lucky. His son was on Moiraine’s list of potential Dragons Reborn.
Primary,Main,TEotW,Yes,1,Joslyn Aybara,Joslyn Aybara,Joslyn,Aybara,Joslyn,N/A,F,Human,Current,Uncertain,N/A,Unassigned,N/A,Andor,Unknown,Perrin’s mother. She was killed by Padan Fain along with the rest of her family.
Alias,Main,TDR,N/A,N/A,"Joslyn, Mistress",Mistress Joslyn,Mistress,Joslyn,Mistress Joslyn,Egwene al'Vere,N/A,N/A,N/A,N/A,N/A,N/A,N/A,N/A,N/A,Egwene’s alias while aboard the Darter on the way from Jurene to Tear.
Primary,Main,TSR,No,0,"Jovarin, Master",Master Jovarin,Jovarin,,Jovarin,N/A,M,Human,Current,Mason,N/A,Unassigned,N/A,Unknown,Unknown,The head mason building a new wing on the White Tower library. Danelle was supposed to be watching him.
Primary,Main,ToM,No,0,Jowdry,Jowdry,Jowdry,,Jowdry,N/A,M,Human,Current,Uncertain,N/A,Unassigned,N/A,Unknown,Unknown,A victim of the gholam. He was found in Farrier’s Green with his throat ripped out and his body drained of blood.
Primary,Main,TDR,No,0,Juendan,Juendan,Juendan,,Juendan,N/A,F,Ogier,Historic,Uncertain,N/A,Unassigned,N/A,Unknown,Unknown,An ancient Ogier woman who was the grandmother of Moilin.
Primary,Main,TPoD,Yes,1,Juilaine Madome,Juilaine Madome,Juilaine,Madome,Juilaine,N/A,F,Human,Current,Aes Sedai,Brown,No,21(9),Ghealdan,903 NE,"A Ghealdanin Aes Sedai of the Brown Ajah. About 5'7"" tall, dark-eyed and very attractive with almost black hair."
Primary,Main,TDR,Yes,48,Juilin Sandar,Juilin Sandar,Juilin,Sandar,Juilin,N/A,M,Human,Current,Thief Catcher,N/A,Unassigned,N/A,Tear,961 NE,"A Tairen thief-catcher. He was about 5'10"" tall, and lean, with skin as dark as old roots. Sometimes called ""Sandar""."
Primary,Main,TGH,Yes,3,Juin son of Lacel son of Laud,Juin son of Lacel son of Laud,Juin,,Juin,N/A,M,Ogier,Current,Uncertain,N/A,Unassigned,N/A,Stedding Tsofu,Unknown,An Ogier in Stedding Tsofu.
Primary,Main,CoT,Yes,2,Julanya Fote,Julanya Fote,Julanya,Fote,Julanya,N/A,F,Human,Current,Kinswoman,N/A,Unassigned,16(4),Unknown,Unknown,"A member of the Kin. Plump and pretty, with some white in her dark hair, Julanya spent twenty years as a peddler."
Primary,Main,LoC,Yes,37,Jur Grady,Jur Grady,Jur,Grady,Grady,N/A,M,Human,Current,Asha'man,N/A,Unassigned,Unknown,Andor,972 NE,An Andoran Asha’man. He was stocky and dark-eyed with a weathered farmer’s face. Married to Sora.
Primary,Main,CoT,No,0,Jurad Accan,Jurad Accan,Jurad,Accan,Jurad,N/A,M,Human,Current,Soldier,N/A,Unassigned,N/A,Unknown,Unknown,A soldier under Lord Luan Norwelyn in Andor.
Primary,NS,NS,Yes,1,Jurad Shiman,Jurad Shiman,Jurad,Shiman,Jurad,N/A,M,Human,Current,Soldier,N/A,Unassigned,N/A,Kandor,Unknown,"An officer at the Aesdaishar Palace in Chachin, Kandor. He had ridden with Lan in the south during the Aiel War."
Primary,Main,TDR,Yes,2,Jurah Haret,Jurah Haret,Jurah,Haret,Haret,N/A,M,Human,Current,Innkeeper,N/A,Unassigned,N/A,Unknown,Unknown,"The innkeeper of The Star in Tear. He was stout with a round face and balding. Also called ""Jurah"" and ""Master Haret""."
Primary,Main,TFoH,Yes,1,Juranai,Juranai,Juranai,,Juranai,N/A,M,Human,Current,Aiel Warrior,N/A,Unassigned,N/A,Aiel,Unknown,An Aielman who was leader of Aethan Dor. He was slender with streaks of white in his pale brown hair.
Primary,Main,LoC,No,0,Juric,Juric,Juric,,Juric,N/A,M,Human,Current,Aiel Warrior,N/A,Unassigned,N/A,Aiel,Unknown,"An Aielman serving as gai’shain to Amys. After his time as gai’shain was up, he refused to put off the white."
Primary,NS,NS,Yes,1,Jurine Najima,Jurine Najima,Jurine,Najima,Jurine,N/A,F,Human,Current,Uncertain,N/A,Unassigned,N/A,Kandor,Unknown,A Kandori woman whose son was on Moiraine’s list of potential Dragons Reborn.
Primary,Main,TDR,No,0,Jurith Dorine,Jurith Dorine,Jurith,Dorine,Jurith,N/A,U,Human,Historic,Author,N/A,Unassigned,N/A,Almoren,Unknown,"The Right Hand to the Queen of Almoren, and the author of Commentaries on the Prophecies of the Dragon."
Primary,Main,TDR,No,0,"Kadar, King",King Kadar,Kadar,,Kadar,N/A,M,Human,Unknown,King,N/A,Unassigned,N/A,Unknown,Unknown,One of the kings in the gleeman tale “Mara and the Three Foolish Kings.”
Primary,Main,ToM,Yes,2,Kaila Bent,Kaila Bent,Kaila,Bent,Kaila,N/A,F,Human,Current,Queen's Guard,N/A,Unassigned,N/A,Unknown,Unknown,A member of the Queen’s Guard who brought word to Birgitte that an intruder had been picked up entering the city.
Primary,Main,ToM,Yes,1,Kainea,Kainea,Kainea,,Kainea,N/A,F,Human,Current,Maiden of the Spear,N/A,Unassigned,N/A,Aiel,Unknown,"A Maiden with dark hair, unusual for an Aiel."
Primary,Main,LoC,Yes,5,Kairen Stang,Kairen Stang,Kairen,Stang,Kairen,N/A,F,Human,Current,Aes Sedai,Blue,No,18(6),Andor,937 NE,"An Andoran Aes Sedai of the Blue Ajah and the rebel contingent. About 5'4"" tall, she had blue eyes and an oval face."
Primary,Main,ToM,Yes,1,Kaisea,Kaisea,Kaisea,,Kaisea,N/A,F,Human,Current,Sul'dam,N/A,Unassigned,Unknown,Seanchan,Unknown,"A Seanchan sul’dam of the low Blood. Tall, with long black hair worn in a braid."
Primary,Main,ToM,Yes,10,Kaisel Noramaga,Kaisel Noramaga,Kaisel,Noramaga,Kaisel,N/A,M,Human,Current,Kandori Noble,N/A,Unassigned,N/A,Kandor,Unknown,"Ethenielle’s grandson, a prince of Kandor. He joined Lan and served with him at Tarwin’s Gap."
Primary,Main,TGH,Yes,1,"Kajin, Lord",Lord Kajin,Kajin,,Kajin,N/A,M,Human,Current,Shienaran Noble,N/A,Unassigned,N/A,Shienar,Unknown,"A Shienaran nobleman encountered by Rand in Fal Dara. He was about 6'4"" to 6'5"" tall, and lean and lanky."
Primary,Main,CoT,No,0,Kalia,Kalia,Kalia,,Kalia,N/A,F,Human,Current,Uncertain,N/A,Unassigned,N/A,Seanchan,Unknown,Furyk Karede’s wife. They had three sons together; two followed Karede into the Deathwatch Guards.
Primary,Main,TPoD,Yes,3,Kalyan Ramsin,Kalyan Ramsin,Kalyan,Ramsin,Kalyan,N/A,M,Human,Current,Saldaean Noble,N/A,Unassigned,N/A,Saldaea,Unknown,"One of Saldaean Queen Tenobia’s many uncles. He was scarred and grizzled, with the face of a leathery eagle."
Alias,World,World,N/A,N/A,Kamarile Maradim Nindar,Kamarile Maradim Nindar,Kamarile,Maradim Nindar,Kamarile,Graendal,N/A,N/A,N/A,N/A,N/A,N/A,N/A,N/A,N/A,Graendal’s name in the Age of Legends.
Primary,NS,NS,Yes,1,Kamile Noallin,Kamile Noallin,Kamile,Noallin,Kamile,N/A,F,Human,Current,Banker,N/A,Unassigned,N/A,Kandor,Unknown,"A banker in Chachin, Kandor, whom Moiraine visited to cash in a letter-of-rights. In her middle years, she was lovely."
Primary,Main,ToM,Yes,1,Kanara,Kanara,Kanara,,Kanara,N/A,F,Human,Current,Maiden of the Spear,N/A,Unassigned,N/A,Aiel,Unknown,A Maiden of the Spear who guarded Rand in the city of Tear.
Primary,Main,ToM,Yes,1,Kappre,Kappre,Kappre,,Kappre,N/A,M,Human,Current,Soldier,N/A,Unassigned,N/A,Unknown,Unknown,A member of Ituralde’s forces in Saldaea. Ituralde sent him to Alin with a message.
Primary,Main,WH,Yes,1,Kara Defane,Kara Defane,Kara,Defane,Kara,N/A,F,Human,Current,Damane,N/A,Unassigned,Unknown,Toman Head,Unknown,A Wise Woman in a fishing village near Toman Head. She was taken by the Seanchan and made damane.
Primary,Main,KoD,No,0,Karale Sanghir,Karale Sanghir,Karale,Sanghir,Karale,N/A,F,Human,Current,Aes Sedai,Gray,Yes,Unknown,Arad Doman,Unknown,A Domani Aes Sedai of the Gray Ajah publicly and of the Black Ajah in truth. Of the loyalist contingent.
Primary,Main,AMoL,Yes,1,Karam,Karam,Karam,,Karam,N/A,M,Human,Current,Andoran Noble,N/A,Unassigned,N/A,Andor,Unknown,"A young lord of a minor Andoran House, loyal to Sarand. He and Jarid Sarand were friends from childhood."
Primary,NS,NS,No,0,"Kareil, Lady",Lady Kareil,Lady,Kareil,Lady Kareil,N/A,F,Human,Current,Kandori Noble,N/A,Unassigned,N/A,Kandor,Unknown,A young Kandori noblewoman who sent soldiers to the Aiel War. She was a patron to Josef Najima and his wife.
Primary,World,World,No,0,Karella Fanway,Karella Fanway,Karella,Fanway,Karella,N/A,F,Human,Historic,Aes Sedai,Unknown,No,Unknown,Unknown,Unknown,An Aes Sedai who lived at the time of the formation of the White Tower.
Primary,Main,TEotW,Yes,1,Kari al'Thor,Kari al'Thor,Kari,al'Thor,Kari,N/A,F,Human,Current,Uncertain,N/A,Unassigned,N/A,Andor,Unknown,The daughter of an Andoran merchant from Caemlyn who ran a trading house in Illian. She married Tam al’Thor.
Primary,Main,TEotW,No,0,Kari Thane,Kari Thane,Kari,Thane,Kari,N/A,F,Human,Current,Uncertain,N/A,Unassigned,N/A,Andor,Unknown,An Emond’s Field girl. Egwene thought she might be able to channel.
Primary,Main,TEotW,No,0,"Karil, Goodwife",Goodwife Karil,Karil,,Goodwife Karil,N/A,F,Human,Unknown,Story Character,N/A,Unassigned,N/A,Unknown,Unknown,A woman in the story “How Goodwife Karil Cured Her Husband of Snoring.”
Primary,NS,NS,Yes,1,Karile,Karile,Karile,,Karile,N/A,M,Human,Current,Warder,N/A,Unassigned,N/A,Unknown,Unknown,"One of Kerene’s Warders. He was massive, with golden hair and a golden beard that gave him the aspect of a lion."
Primary,Main,TFoH,Yes,6,Karind Anshar,Karind Anshar,Karind,Anshar,Karind,N/A,F,Human,Current,Andoran Noble,N/A,Unassigned,N/A,Andor,Unknown,"An Andoran noblewoman, High Seat of House Anshar. Stolid and about 5'4"" tall, she had gray streaks in her dark hair."
Primary,Main,ACoS,Yes,5,Karldin Manfor,Karldin Manfor,Karldin,Manfor,Karldin,N/A,M,Human,Current,Asha'man,N/A,Unassigned,Unknown,Andor,981 NE,"An Andoran Asha’man. He was one of the early Asha’man, a pale-haired youth with blue-gray eyes."
Primary,Main,TGS,No,0,Karm,Karm,Karm,,Karm,N/A,M,Human,Current,Quartermaster,N/A,Unassigned,N/A,Seanchan,Unknown,Tylee Khirgan’s longtime quartermaster. He was a solid man who made very few mistakes.
Primary,Main,ToM,Yes,1,Kash,Kash,Kash,,Kash,N/A,M,Human,Current,Asha'man,N/A,Unassigned,Unknown,Unknown,Unknown,"An Asha’man in Taim’s faction. He joined shortly before the Last Battle, quickly became very strong and was promoted."
Primary,Main,KoD,Yes,1,Kashgar,Kashgar,Kashgar,,Kashgar,N/A,M,Human,Current,Soldier,N/A,Unassigned,N/A,Saldaea,Unknown,A Saldaean under-lieutenant of the Children of the Light. He appeared almost boyish despite thick mustaches.
Primary,Main,CoT,Yes,1,Kasi,Kasi,Kasi,,Kasi,N/A,F,Human,Current,Kitchen Worker,N/A,Unassigned,N/A,Cairhien,Unknown,A woman who was a kitchen helper in the Sun Palace in Cairhien. She was present when Loial and Karldin arrived.
Primary,Main,ToM,No,0,Kateri Nepvue,Kateri Nepvue,Kateri,Nepvue,Kateri,N/A,F,Human,Current,Aes Sedai,White,No,Unknown,Unknown,Unknown,"An Aes Sedai of the White Ajah. A prodigious reader, she refused to heed the Amyrlin’s advice to stay alert."
Primary,Main,AMoL,Yes,1,Katerin,Katerin,Katerin,,Katerin,N/A,F,Human,Current,Maiden of the Spear,N/A,Unassigned,N/A,Aiel,Unknown,A golden-haired Maiden of the Spear who guarded Rand’s tent the night before the meeting at the Field of Merrilor.
Primary,Main,LoC,Yes,15,Katerine Alruddin,Katerine Alruddin,Katerine,Alruddin,Katerine,N/A,F,Human,Current,Aes Sedai,Red,Yes,15(3),Unknown,950 NE,"An Aes Sedai of the Red Ajah, but actually Black Ajah. About 5'6"" tall, she was sharp-faced, with wavy black hair."
Primary,Main,AMoL,Yes,1,Kathana,Kathana,Kathana,,Kathana,N/A,F,Human,Current,Innkeeper,N/A,Unassigned,N/A,Unknown,Unknown,"The innkeeper of The Yearly Brawl in Ebou Dar. She was married to Jame, a Seanchan."
Primary,Main,ToM,Yes,1,Kati,Kati,Kati,,Kati,N/A,F,Human,Current,Serving Girl,N/A,Unassigned,N/A,Andor,Unknown,"A serving girl at The Dusty Wheel in Caemlyn. Beautiful, with raven hair and a wide smile, she flirted with Mat."
Primary,NS,NS,No,0,Katrine do Catalan a'Coralle,Katrine do Catalan a'Coralle,Katrine,do Catalan a'Coralle,Katrine,N/A,F,Human,Historic,Queen,N/A,Unassigned,N/A,Murandy,Unknown,The first queen of Murandy.
Primary,Main,WH,Yes,1,Kayen Yokata,Kayen Yokata,Kayen,Yokata,Yokata,N/A,M,Human,Current,Shienaran Noble,N/A,Unassigned,N/A,Shienar,Unknown,"The Lord of Fal Eisen, Shienar. A sharp-faced man with a harsh voice."
Primary,Main,LoC,No,0,Kaylin,Kaylin,Kaylin,,Kaylin,N/A,F,Human,Current,Maid,N/A,Unassigned,N/A,Unknown,Unknown,A maid with the Salidar Aes Sedai. Chesa thought that she and Nildra were terrible gossips.
Primary,NS,NS,Yes,1,Kazin,Kazin,Kazin,,Kazin,N/A,M,Human,Current,Stablehand,N/A,Unassigned,N/A,Saldaea,Unknown,A Saldaean stableman at the Gates of Heaven in Canluum. Skinny with a hooked nose and tilted eyes.
Primary,Main,LoC,No,0,Keatlin,Keatlin,Keatlin,,Keatlin,N/A,F,Human,Current,Novice,N/A,Unassigned,25(13),Altara,973 NE,"An Altaran novice with the rebels in Salidar, where she was recruited. She did not like being ordered about by Elayne."
Primary,Main,ToM,Yes,1,Keemlin Rai,Keemlin Rai,Keemlin,Rai,Keemlin,N/A,M,Human,Current,Messenger,N/A,Unassigned,N/A,Kandor,Unknown,"The son of Malenarin Rai, the commander of Heeth Tower on the Blightborder. He was a few days short of 14."
Primary,Main,WH,Yes,1,"Keene, Mistress",Mistress Keene,Mistress,Keene,Mistress Keene,N/A,F,Human,Current,Innkeeper,N/A,Unassigned,N/A,Unknown,Unknown,The innkeeper at The Counsel’s Head in Far Madding. She wore her white hair in a tight bun and had a pointed chin.
Primary,Main,KoD,Yes,1,Keilar,Keilar,Keilar,,Keilar,N/A,M,Human,Current,Gate Guard,N/A,Unassigned,N/A,Altara,Unknown,"A young gate guard in Maderin, Altara, who was about Mat’s age."
Primary,Main,KoD,No,0,Keilin,Keilin,Keilin,,Keilin,N/A,M,Human,Unknown,Song Character,N/A,Unassigned,N/A,Unknown,Unknown,A bold man in a song sung at The White Ring in Maderin.
Alias,Main,TSR,N/A,N/A,Keille Shaogi,Keille Shaogi,Keille,Shaogi,Keille,Lanfear,N/A,N/A,N/A,N/A,N/A,N/A,N/A,N/A,N/A,"A persona Lanfear used when she traveled with Hadnan Kadere. In this guise she was immensely fat, with dark eyes."
Primary,Main,KoD,Yes,2,Kelwin Janevor,Kelwin Janevor,Kelwin,Janevor,Kelwin,N/A,M,Human,Current,Andoran Noble,N/A,Unassigned,N/A,Andor,Unknown,"An Andoran man who was High Seat of his House. A vinegary old man, he was loyal to Elayne."
Primary,Main,LoC,Yes,1,Kely Huldin,Kely Huldin,Kely,Huldin,Kely,N/A,M,Human,Current,Weaver,N/A,Unassigned,N/A,Andor,Unknown,An Andoran weaver who was one of the first to be tested for Asha’man at the farm. Lumpy and dark-haired.
Primary,Main,ToM,Yes,1,Kema,Kema,Kema,,Kema,N/A,F,Human,Current,Kinswoman,N/A,Unassigned,Unknown,Unknown,Unknown,A Kinswoman who was part of Elayne’s contingent at her Cairhienin coronation. She was dark-skinned with black hair.
Primary,Main,ToM,No,0,"Kendral, Prince",Prince Kendral,Kendral,,Kendral,N/A,M,Human,Current,Arafellin Noble,N/A,Unassigned,N/A,Arafel,Unknown,A prince of Arafel who was the grandson of King Paitar. He and his armies joined Lan as he rode for Tarwin’s Gap.
Primary,Main,TEotW,Yes,3,Kenley Ahan,Kenley Ahan,Kenley,Ahan,Kenley,N/A,M,Human,Current,Uncertain,N/A,Unassigned,N/A,Andor,Unknown,A young Two Rivers man who joined Perrin’s band and was killed in an ambush by Trollocs.
Primary,Main,ACoS,Yes,5,Kenly Maerin,Kenly Maerin,Kenly,Maerin,Kenly,N/A,M,Human,Current,Soldier,N/A,Unassigned,N/A,Andor,Unknown,"A young Two Rivers man who followed Perrin to Dumai’s Wells. Short and stocky, he was barely old enough to marry."
Primary,Main,TPoD,Yes,1,Kennar Miraj,Kennar Miraj,Kennar,Miraj,Miraj,N/A,M,Human,Current,Soldier,N/A,Unassigned,N/A,Seanchan,Unknown,"A Seanchan Captain-General of the Ever Victorious Army, and of the Blood."
Primary,Main,WH,No,0,Kennit,Kennit,Kennit,,Kennit,N/A,M,Human,Current,Warder,N/A,Unassigned,N/A,Unknown,Unknown,"Eldrith’s Warder. He was not a Darkfriend, and intended to kill her when he found her despite the cost to himself."
Primary,Main,ACoS,Yes,1,Kera Haellin,Kera Haellin,Kera,Haellin,Kera,N/A,F,Human,Current,Aes Sedai,Green,No,Unknown,Tear,Unknown,"A Tairen of noble birth, an Aes Sedai of the Green Ajah and the loyalist contingent. She had the blue eyes and fair hair."
Primary,Main,ACoS,Yes,2,Keraille Surtovni,Keraille Surtovni,Keraille,Surtovni,Keraille,N/A,F,Human,Current,Kinswoman,N/A,Unassigned,49(37),Saldaea,Unknown,"A Kinswoman who appeared to be Saldaean. Short and slim, with tilted green eyes and fiery red curls."
Primary,Main,TGS,Yes,2,Kerb,Kerb,Kerb,,Kerb,N/A,M,Human,Current,Chandler,N/A,Unassigned,N/A,Arad Doman,Unknown,"A Domani youth who worked as a chandler’s apprentice. Under Graendal’s Compulsion, he killed a messenger."
Primary,NS,NS,Yes,2,Kerene Nagashi,Kerene Nagashi,Kerene,Nagashi,Kerene,N/A,F,Human,Current,Aes Sedai,Green,No,11(+2),Unknown,793 NE,An Aes Sedai of the Green Ajah. She had short dark hair with a little white and her eyes were nearly black.
Primary,Main,AMoL,Yes,1,Kert Wagoner,Kert Wagoner,Kert,Wagoner,Kert,N/A,M,Human,Current,Soldier,N/A,Unassigned,N/A,Andor,Unknown,A man from the Two Rivers who fought in the Last Battle.
Primary,Main,KoD,Yes,1,Kev Barstere,Kev Barstere,Kev,Barstere,Kev,N/A,M,Human,Current,Soldier,N/A,Unassigned,N/A,Andor,Unknown,A Two Rivers man who went with Tam and joined Perrin’s army at Malden.
Primary,Main,ToM,Yes,1,Kevlyn Torr,Kevlyn Torr,Kevlyn,Torr,Kevlyn,N/A,M,Human,Current,Soldier,N/A,Unassigned,N/A,Andor,Unknown,A Two Rivers man with Perrin. He told Perrin of the stand of trees that had mysteriously died and dried in one night.
Primary,Main,TSR,Yes,1,Kevrim al'Azar,Kevrim al'Azar,Kevrim,al'Azar,Kevrim,N/A,M,Human,Current,Uncertain,N/A,Unassigned,N/A,Andor,Unknown,An elderly Two Rivers man. He participated in the defense of Emond’s Field.
Primary,World,World,No,0,Kiam Lopiang,Kiam Lopiang,Kiam,Lopiang,Kiam,N/A,F,Human,Historic,Aes Sedai,Unknown,No,Unknown,Unknown,Unknown,An Aes Sedai who lived at the time of the formation of the White Tower.
Primary,Main,AMoL,No,0,Kiem Lewin,Kiem Lewin,Kiem,Lewin,Kiem,N/A,F,Human,Current,Uncertain,N/A,Unassigned,N/A,Andor,Unknown,"A girl in the Two Rivers whom Mat in his youth had tried to save from drowning, although she wasn't really drowning."
Primary,Main,TFoH,No,0,Kimry Lewin,Kimry Lewin,Kimry,Lewin,Kimry,N/A,F,Human,Current,Uncertain,N/A,Unassigned,N/A,Andor,Unknown,A young woman from Emond’s Field. Nynaeve caught her with Bar Dowtry in his father’s hayloft.
Primary,Main,AMoL,No,0,Kimtin,Kimtin,Kimtin,,Kimtin,N/A,M,Human,Current,Uncertain,N/A,Unassigned,N/A,Unknown,Unknown,The man who taught Tam to summon the flame and the void.
Primary,Main,TFoH,Yes,2,Kin,Kin,Kin,,Kin,N/A,M,Human,Current,Luca's Circus,N/A,Unassigned,N/A,Unknown,Unknown,A juggler with Valan Luca’s show. He performed with his brother Bari.
Primary,Main,TFoH,Yes,2,Kin Tovere,Kin Tovere,Kin,Tovere,Tovere,N/A,M,Human,Current,Lensmaker,N/A,Unassigned,N/A,Cairhien,Unknown,A Cairhienin lensmaker who made looking glasses for Rand to use in the battle for Cairhien.
Primary,Main,KoD,No,0,"Kindlin, Captain",Captain Kindlin,Captain,Kindlin,Captain Kindlin,N/A,M,Human,Current,Queen's Guard,N/A,Unassigned,N/A,Unknown,Unknown,A captain in Elayne’s Queen’s Guard in Aringill.
Primary,Main,TPoD,Yes,2,Kinhuin,Kinhuin,Kinhuin,,Kinhuin,N/A,M,Human,Current,Aiel Warrior,N/A,Unassigned,N/A,Aiel,Unknown,An Aiel Mera’din who joined the Jumai Shaido. He had green eyes and full lips.
Title,Main,TEotW,N/A,N/A,Kinslayer,Kinslayer,Kinslayer,,Kinslayer,Lews Therin Telamon,N/A,N/A,N/A,N/A,N/A,N/A,N/A,N/A,N/A,See Lews Therin Telamon
Primary,Main,CoT,Yes,3,Kireyin,Kireyin,Kireyin,,Kireyin,N/A,M,Human,Current,Soldier,N/A,Unassigned,N/A,Unknown,Unknown,A young commander of Ghealdanin lancers under Arganda. He was so tall that he had to bend to listen to Arganda.
Primary,Main,TPoD,Yes,2,Kiril Drapaneos,Kiril Drapaneos,Kiril,Drapaneos,Kiril,N/A,M,Human,Current,Illianer Noble,N/A,Unassigned,N/A,Illian,Unknown,An Illianer nobleman who was a member of the Council of Nine. He was a stork of a man with a square-cut beard.
Primary,Main,TSR,No,0,Kirin,Kirin,Kirin,,Kirin,N/A,F,Human,Historic,Jenn Aiel,N/A,Unassigned,N/A,Jenn Aiel,Unknown,A Jenn Aiel girl from a time right after the Breaking who was kidnapped. She was Morin’s daughter.
Primary,World,World,No,0,Kirin Melway,Kirin Melway,Kirin,Melway,Kirin,N/A,F,Human,Historic,Aes Sedai,Brown,No,Unknown,Unknown,Unknown,An Aes Sedai of the Brown Ajah who served as Amyrlin from 922 to 950 NE. Kirin was a weak Amyrlin.
Primary,Main,KoD,Yes,1,Kirkun,Kirkun,Kirkun,,Kirkun,N/A,M,Human,Current,Soldier,N/A,Unassigned,N/A,Saldaea,Unknown,One of Bashere’s Saldaean soldiers who died in the Trolloc raid on Lord Algarin’s manor in Tear.
Primary,Main,TPoD,Yes,9,Kirstian Chalwin,Kirstian Chalwin,Kirstian,Chalwin,Kirstian,N/A,F,Human,Current,Kinswoman,N/A,Unassigned,14(2),Cairhien,680 NE,"A Kin Elder with the Knitting Circle in Ebou Dar. About 5'5"" tall, she had black eyes and pale skin."
Primary,Main,TFoH,No,0,Kirukan,Kirukan,Kirukan,,Kirukan,N/A,F,Human,Historic,Queen,N/A,Unassigned,N/A,Aramaelle,Unknown,A soldier queen who was the Queen of Aramaelle. See also Sword of Kirukan
Primary,Main,TFoH,Yes,11,Kiruna Nachiman,Kiruna Nachiman,Kiruna,Nachiman,Kiruna,N/A,F,Human,Current,Aes Sedai,Green,No,14(2),Arafel,939 NE,"An Arafellin Aes Sedai of the Green Ajah and the rebel contingent. Elegant and statuesque, she was 5'7"" tall."
Primary,Main,AMoL,Yes,1,Kitan,Kitan,Kitan,,Kitan,N/A,F,Human,Current,Maid,N/A,Unassigned,N/A,Mayene,Unknown,A maid in Berelain’s palace in Mayene who fetched Berelain to see Annoura and Galad.
Primary,World,World,No,0,Kiyosa Natomo,Kiyosa Natomo,Kiyosa,Natomo,Kiyosa,N/A,F,Human,Historic,Aes Sedai,Green,No,Unknown,Unknown,Unknown,An Aes Sedai of the Green Ajah who served as Amyrlin from 171 to 197 NE. Kiyosa was a strong Amyrlin.
Primary,Main,ACoS,No,0,Kiyoshi,Kiyoshi,Kiyoshi,,Kiyoshi,N/A,F,Human,Current,Aes Sedai,Gray,No,Unknown,Unknown,Unknown,An Aes Sedai of the Gray Ajah and the loyalist contingent. She was tall and slender.
Primary,Main,AMoL,Yes,1,Kline,Kline,Kline,,Kline,N/A,M,Human,Current,Warder,N/A,Unassigned,N/A,Unknown,Unknown,A Warder who lost his Aes Sedai in the Last Battle and joined Galad to fight on and avenge her.
Alias,Main,AMoL,N/A,N/A,Knotai,Knotai,Knotai,,Knotai,Matrim Cauthon,N/A,N/A,N/A,N/A,N/A,N/A,N/A,N/A,N/A,Old Tongue for “devastation” or “ruin”; it was the name given to Mat by Tuon.
Primary,Main,TSR,No,0,Kodam,Kodam,Kodam,,Kodam,N/A,M,Human,AoL,Ancient Aes Sedai,N/A,Unassigned,Unknown,Unknown,Unknown,A young male Aes Sedai from the time of the Breaking who helped create the Eye of the World.
Primary,Main,LoC,No,0,Koimal,Koimal,Koimal,,Koimal,N/A,M,Ogier,Historic,Uncertain,N/A,Unassigned,N/A,Unknown,Unknown,An Ogier who was the father of Shandin father of Ledar.
Primary,Main,LoC,No,0,Kolom,Kolom,Kolom,,Kolom,N/A,M,Ogier,Historic,Uncertain,N/A,Unassigned,N/A,Unknown,Unknown,"Son of Radlin, father of Serden, the last being an Ogier author who theorized about the Ways."
Primary,Main,KoD,Yes,1,"Kostelle, Master",Master Kostelle,Kostelle,,Kostelle,N/A,M,Human,Current,Merchant,N/A,Unassigned,N/A,Altara,Unknown,"An Altaran merchant who played a version of Piri with Mat at The White Ring in Maderin, Altara."
Primary,Main,AMoL,No,0,Kragil,Kragil,Kragil,,Kragil,N/A,M,Human,Current,Soldier,N/A,Unassigned,N/A,Unknown,Unknown,"A soldier in Lan’s army who died fighting a Myrddraal; he did something crazy in that fight, according to Andere."
Primary,Main,ToM,Yes,1,Kralle,Kralle,Kralle,,Kralle,N/A,M,Human,Current,Soldier,N/A,Unassigned,N/A,Unknown,Unknown,A soldier at Heeth Tower whom Malenarin Rai sent to fetch the sword for the ceremony raising his son to manhood.
Primary,Main,AMoL,No,0,Krisa,Krisa,Krisa,,Krisa,N/A,F,Human,Current,Uncertain,N/A,Unassigned,N/A,Seanchan,Unknown,A Seanchan woman who brought in three assassins to kill Tuon.
Primary,Main,TFoH,Yes,1,Kuan Murasaka,Kuan Murasaka,Kuan,Murasaka,Kuan,N/A,F,Human,Current,Luca's Circus,N/A,Unassigned,N/A,Unknown,Unknown,"An acrobat with Valan Luca’s show. Dark-haired and dark-skinned, she was one of six purported sisters."
Primary,Main,ToM,Yes,1,Kuehn,Kuehn,Kuehn,,Kuehn,N/A,M,Human,Current,Soldier,N/A,Unassigned,N/A,Shienar,Unknown,One of the group of Shienaran soldiers who joined Lan in eastern Kandor as he traveled toward Tarwin’s Gap.
Primary,Main,KoD,Yes,1,Kumiko,Kumiko,Kumiko,,Kumiko,N/A,F,Human,Current,Kinswoman,N/A,Unassigned,Unknown,Unknown,Unknown,A stout graying Kinswoman who traveled with Elayne to Caemlyn.
Primary,Main,TPoD,Yes,4,Kumira Dhoran,Kumira Dhoran,Kumira,Dhoran,Kumira,N/A,F,Human,Current,Aes Sedai,Brown,No,24(12),Shienar,886 NE,"A Shienaran Aes Sedai of the Brown Ajah. She was 5'5"" tall, and handsome rather than pretty, with sharp blue eyes."
Primary,Main,TPoD,Yes,4,Kurin din Calis Red Sails,Kurin din Calis Red Sails,Kurin,din Calis Red Sails,Kurin,N/A,F,Human,Current,Windfinder,N/A,Unassigned,18(6),Sea Folk,Unknown,"A Sea Folk Windfinder. Her face was like smooth black stone, her full lips seemed thin and her eyes were black."
Primary,Main,LoC,Yes,7,Kwamesa Taramasu,Kwamesa Taramasu,Kwamesa,Taramasu,Kwamesa,N/A,F,Human,Current,Aes Sedai,Gray,No,16(4),Arafel,950 NE,"An Arafellin Aes Sedai of the Gray Ajah and the rebel contingent. Standing 5'3½"" tall, she was dark and slender."
Primary,Main,ACoS,No,0,Kyera Termendal,Kyera Termendal,Kyera,Termendal,Kyera,N/A,U,Human,Historic,Poet,N/A,Unassigned,N/A,Shiota,Unknown,"A poet of Shiota, and a translator of The Prophecies of the Dragon between FY 700 and 800."
Primary,Main,AMoL,Yes,1,Kymer,Kymer,Kymer,,Kymer,N/A,F,Human,Current,Wise One,N/A,Unassigned,N/A,Aiel,Unknown,"A Wise One of the Tomanelle Aiel. Han was her sister-father. She had deep red hair and a long, tanned face."
Primary,Main,TPoD,Yes,1,Kyril Shianri,Kyril Shianri,Kyril,Shianri,Kyril,N/A,M,Human,Current,Arafellin Noble,N/A,Unassigned,N/A,Arafel,Unknown,"A nobleman and counselor to King Paitar of Arafel. He was 6'3"" tall, lean and elegant-looking."
Primary,Main,AMoL,Yes,1,Laandon,Laandon,Laandon,,Laandon,N/A,M,Human,Current,Band of the Red Hand,N/A,Unassigned,N/A,Unknown,Unknown,A member of the Band of the Red Hand who accompanied Faile on supply runs in the Last Battle.
Primary,Main,TGH,No,0,Lacel,Lacel,Lacel,,Lacel,N/A,M,Ogier,Current,Uncertain,N/A,Unassigned,N/A,Unknown,Unknown,An Ogier who was the son of Laud and the father of Juin.
Primary,Main,TPoD,Yes,9,Lacile Aldorwin,Lacile Aldorwin,Lacile,Aldorwin,Lacile,N/A,F,Human,Current,Cha Faile,N/A,Unassigned,N/A,Cairhien,Unknown,"A Cairhienin member of Cha Faile. About 5'3"" tall, and slim, with a pale complexion, dark eyes and short dark hair,."
Primary,Main,KoD,Yes,1,Lacine,Lacine,Lacine,,Lacine,N/A,F,Human,Current,Wavemistress,N/A,Unassigned,N/A,Sea Folk,Unknown,A Sea Folk Wavemistress who was one of the First Twelve. She was so slender that her bosom seemed enormous.
Primary,Main,ToM,Yes,1,Ladalin,Ladalin,Ladalin,,Ladalin,N/A,F,Human,Future,Wise One,N/A,Unassigned,N/A,Aiel,Unknown,"A Wise One of the Taardad Aiel after the Last Battle, seen in Aviendha’s viewing of the future in Rhuidean."
Primary,World,World,No,0,"Ladoman, King",King Ladoman,Ladoman,,Ladoman,N/A,M,Human,Historic,King,N/A,Unassigned,N/A,Coremanda,Unknown,King of Coremanda who signed the Compact of the Ten Nations.
Primary,Main,LoC,Yes,2,Ladwin,Ladwin,Ladwin,,Ladwin,N/A,M,Human,Current,Band of the Red Hand,N/A,Unassigned,N/A,Unknown,Unknown,"A soldier in Mat’s Band of the Red Hand. Short, stocky and seemingly mild."
Title,Main,KoD,N/A,N/A,Lady of Pain,Lady of Pain,Lady of Pain,,Lady of Pain,Semirhage,N/A,N/A,N/A,N/A,N/A,N/A,N/A,N/A,N/A,Another name for Semirhage.
Primary,Main,TSR,No,0,Laefar,Laefar,Laefar,,Laefar,N/A,M,Ogier,Current,Uncertain,N/A,Unassigned,N/A,Stedding Shangtai,Unknown,An Ogier man from Stedding Shangtai. Loial encountered him in Tear.
Primary,Main,ACoS,Yes,1,Laerad,Laerad,Laerad,,Laerad,N/A,M,Human,Current,Aiel Warrior,N/A,Unassigned,N/A,Aiel,Unknown,A man of the Moshaine sept of the Shaido Aiel and of the Duadhe Mahdi’in society.
Primary,Main,KoD,Yes,2,Laerid Traehand,Laerid Traehand,Laerid,Traehand,Laerid,N/A,M,Human,Current,Andoran Noble,N/A,Unassigned,N/A,Andor,Unknown,An Andoran nobleman and High Seat of his House. Stocky and taciturn and normally as stolid as stone.
Primary,Main,TPoD,No,0,Laigin Arnault,Laigin Arnault,Laigin,Arnault,Laigin,N/A,F,Human,Current,Aes Sedai,Red,No,Unknown,Unknown,Unknown,A Taraboner Aes Sedai of the Red Ajah and the loyalist contingent. She was part of the group that kidnapped Rand.
Primary,Main,TSR,Yes,2,Laila Dearn,Laila Dearn,Laila,Dearn,Laila,N/A,F,Human,Current,Uncertain,N/A,Unassigned,N/A,Andor,Unknown,"A young woman of the Two Rivers. Married to Natley Lewin. At one time, Perrin wanted to marry her, and she him."
Alias,Main,TSR,N/A,N/A,Laila Lewin,Laila Lewin,Laila,Lewin,Laila,Laila Dearn,N/A,N/A,N/A,N/A,N/A,N/A,N/A,N/A,N/A,"Presumably the name of Laila Dearn after she was married to Natley Lewin (or possibly ""Laila Dearn Lewin"")."
Primary,Main,ToM,No,0,Lain,Lain,Lain,,Lain,N/A,M,Human,Current,Uncertain,N/A,Unassigned,N/A,Unknown,Unknown,A man in Bandar Eban for whom Votabek and Redborn were working.
Primary,Main,TEotW,No,0,Lain Mandragoran,Lain Mandragoran,Lain,Mandragoran,Lain,N/A,M,Human,Historic,Malkieri Noble,N/A,Unassigned,N/A,Malkier,Unknown,A Malkieri man who was the brother of al’Akir and Lan’s uncle. He and al’Akir were very close.
Primary,Main,TGS,Yes,1,Lairain,Lairain,Lairain,,Lairain,N/A,F,Human,Current,Aes Sedai,Brown,No,Unknown,Unknown,Unknown,An Aes Sedai of the Brown Ajah who was toadlike in appearance.
Primary,Main,AMoL,No,0,Laird,Laird,Laird,,Laird,N/A,M,Human,Current,Whitecloak,N/A,Unassigned,N/A,Unknown,Unknown,A member of the Children of the Light who believed that a dead channeler’s head should be cut off.
Primary,World,World,No,0,Laiwynde,Laiwynde,Laiwynde,,Laiwynde,N/A,F,Human,Historic,Noble,N/A,Unassigned,N/A,Unknown,Unknown,A daughter of Artur Hawkwing. She and her son died a tragic death.
Primary,Main,TEotW,No,0,Laman Damodred,Laman Damodred,Laman,Damodred,Laman,N/A,M,Human,Current,King,N/A,Unassigned,N/A,Cairhien,Unknown,A king of Cairhien who took the throne in 965 NE. Laman was the uncle of Moiraine Damodred.
Primary,Main,TFoH,Yes,3,Lamelle,Lamelle,Lamelle,,Lamelle,N/A,F,Human,Current,Maiden of the Spear,N/A,Unassigned,N/A,Aiel,Unknown,A woman of the Smoke Water sept of the Miagoma Aiel and Far Dareis Mai. She was lean with dark red hair.
Primary,Main,TEotW,Yes,14,Lamgwin Dorn,Lamgwin Dorn,Lamgwin,Dorn,Lamgwin,N/A,M,Human,Current,Bouncer,N/A,No,N/A,Unknown,951 NE,"A bouncer at The Queen’s Blessing, Caemlyn. He was a hulking fellow with scars on his face and hands."
Primary,Main,TEotW,Yes,133,Lan Mandragoran,Lan Mandragoran,Lan,Mandragoran,Lan,N/A,M,Human,Current,Malkieri Noble,N/A,No,N/A,Malkier,953 NE,"A man who was by right the King of Malkier, Lord of the Seven Towers, Lord of the Lakes, True Blade of Malkier."
Primary,Main,ToM,Yes,1,Landalin,Landalin,Landalin,,Landalin,N/A,M,Human,Current,Soldier,N/A,Unassigned,N/A,Unknown,Unknown,A lieutenant at Heeth Tower. He was roused to take command of the top of the tower.
Primary,Main,TEotW,Yes,39,Lanfear,Lanfear,Lanfear,,Lanfear,N/A,F,Human,Current,Forsaken,N/A,Yes,1(+12),Unknown,Unknown,"One of the Forsaken, born Mierin Eronaile. About 5'11"" tall, with dark eyes and black hair. Slender and very beautiful."
Primary,Main,LoC,Yes,1,Lanita,Lanita,Lanita,,Lanita,N/A,F,Human,Current,Novice,N/A,Unassigned,26(14),Unknown,977 NE,"A novice (or Accepted). After Siuan was deposed, she was taken by the rebels to Salidar."
Primary,Main,ToM,No,0,Lannis,Lannis,Lannis,,Lannis,N/A,F,Human,Historic,Aes Sedai,Blue,No,Unknown,Unknown,Unknown,An ancient scholar from the Blue Ajah who wrote of the Forsaken.
Primary,Main,TEotW,No,0,Lara Ayellin,Lara Ayellin,Lara,Ayellin,Lara,N/A,F,Human,Current,Uncertain,N/A,Unassigned,N/A,Andor,Unknown,A Two Rivers girl. Egwene thought that she might be able to channel.
Primary,Main,TDR,Yes,7,Laras,Laras,Laras,,Laras,N/A,F,Human,Current,Cook,N/A,Unassigned,N/A,Unknown,Unknown,The chief cook in the White Tower. Siuan gave her the formal title of Mistress of the Kitchens.
Primary,NS,NS,Yes,2,Larelle Tarsi,Larelle Tarsi,Larelle,Tarsi,Larelle,N/A,F,Human,Current,Aes Sedai,Gray,No,14(2),Arad Doman,732 NE,"A Domani Aes Sedai of the Gray Ajah. She was beautiful, with copper skin."
Primary,Main,ACoS,Yes,2,Laren,Laren,Laren,,Laren,N/A,F,Human,Current,Maid,N/A,Unassigned,N/A,Unknown,Unknown,A senior maid at the Tarasin Palace in Ebou Dar.
Alias,Main,WH,N/A,N/A,Larie,Larie,Larie,,Larie,Lemore,N/A,N/A,N/A,N/A,N/A,N/A,N/A,N/A,N/A,"The damane name of Lemore, a noblewoman from Tanchico. See Lemore Genhal."
Primary,Main,LoC,Yes,2,Larine Ayellin,Larine Ayellin,Larine,Ayellin,Larine,N/A,F,Human,Current,Novice,N/A,Unassigned,Unknown,Andor,Unknown,A Two Rivers girl with channeling ability. She was recruited by Verin and Alanna. She was Dav’s sister and about 18.
Primary,Main,LoC,Yes,1,Larissa Lyndel,Larissa Lyndel,Larissa,Lyndel,Larissa,N/A,F,Human,Current,Aes Sedai,Yellow,Yes,28(16),Unknown,Unknown,"An Aes Sedai of the Yellow Ajah, but actually Black Ajah. A bony woman whose was plain."
Primary,Main,LoC,No,0,Laritha,Laritha,Laritha,,Laritha,N/A,F,Human,Current,Uncertain,N/A,Unassigned,N/A,Unknown,Unknown,"A woman whom Thom once tried to rescue. She was a rose in bud, and married to a brutish bootmaker."
Primary,Main,TFoH,Yes,10,Latelle,Latelle,Latelle,,Latelle,N/A,F,Human,Current,Luca's Circus,N/A,Unassigned,N/A,Unknown,Unknown,"A woman who trained bears in Valan Luca’s circus. She was stern-faced and dark-eyed, with short black hair."
Primary,Main,ToM,Yes,1,"Lathin, Child",Child Lathin,Lathin,,Lathin,N/A,M,Human,Current,Whitecloak,N/A,Unassigned,N/A,Unknown,Unknown,A Whitecloak soldier who was killed by Hopper in the stedding that featured Hawkwing’s statue.
Primary,Main,CoT,Yes,3,Latian Basar,Latian Basar,Latian,Basar,Latian,N/A,M,Human,Current,Cairhienin Noble,N/A,Unassigned,N/A,Cairhien,Unknown,"A young Cairhienin nobleman who was a member of Cha Faile. Short and pale, he had a pointed nose."
Primary,World,World,No,0,Latra Posae Decume,Latra Posae Decume,Latra,Posae Decume,Latra,N/A,F,Human,AoL,Ancient Aes Sedai,N/A,Unassigned,Unknown,Unknown,Unknown,An Aes Sedai at the time of the War of Power. She opposed Lews Therin’s plan of sealing the Bore.
Primary,Main,TGH,No,0,Laud,Laud,Laud,,Laud,N/A,M,Ogier,Current,Uncertain,N/A,Unassigned,N/A,Stedding Tsofu,Unknown,An Ogier who was the father of Lacel and the grandfather of Juin.
Primary,Main,LoC,Yes,1,Laurain,Laurain,Laurain,,Laurain,N/A,F,Human,Current,Amadician Noble,N/A,Unassigned,N/A,Amadicia,Unknown,A noblewoman attending Morgase in Amadicia. Slender with dark eyes and a permanent simper.
Primary,Main,LoC,Yes,2,Lawdrin Mendair,Lawdrin Mendair,Lawdrin,Mendair,Mendair,N/A,M,Human,Current,Band of the Red Hand,N/A,Unassigned,N/A,Unknown,Unknown,A Redarm in the Band of the Red Hand who accompanied Mat to Ebou Dar.
Primary,Main,ACoS,No,0,Lawtin,Lawtin,Lawtin,,Lawtin,N/A,M,Human,Current,Band of the Red Hand,N/A,Unassigned,N/A,Unknown,Unknown,A Redarm in the Band of the Red Hand. He accompanied Mat to Ebou Dar.
Title,Main,TEotW,N/A,N/A,Leafblighter,Leafblighter,Leafblighter,,Leafblighter,Dark One,N/A,N/A,N/A,N/A,N/A,N/A,N/A,N/A,N/A,The Aiel name for the Dark One.
Primary,Main,CoT,No,0,Leafhunter,Leafhunter,Leafhunter,,Leafhunter,N/A,F,Wolf,Current,Wolf,N/A,Unassigned,N/A,Unknown,Unknown,A wolf who was the leader of her pack. She had a feel of quiet certainty; her mate was Feather.
Primary,Main,TGH,Yes,42,Leane Sharif,Leane Sharif,Leane,Sharif,Leane,N/A,F,Human,Current,Aes Sedai,Blue,No,14(2),Arad Doman,952 NE,"A Domani Aes Sedai of the Blue Ajah originally, but later of the Green. She was willowy, graceful and coppery-skinned."
Primary,Main,TEotW,No,0,Leanna ti Arathdar Mandragoran,Leanna ti Arathdar Mandragoran,Leanna,ti Arathdar Mandragoran,el'Leanna,N/A,F,Human,Historic,Queen,N/A,Unassigned,N/A,Malkier,Unknown,"Lan’s mother, the last Queen of Malkier. Always referred to as el’Leanna in the books."
Primary,Main,LoC,No,0,Ledar (1),Ledar,Ledar,,Ledar,N/A,M,Ogier,Historic,Author,N/A,Unassigned,N/A,Unknown,Unknown,"The Ogier author of A Study of Men, Women and the One Power Among Humans."
Alias,Main,CoT,N/A,N/A,Ledar (2),Ledar,Ledar,,Ledar,Loial son of Arent son of Halan,N/A,N/A,N/A,N/A,N/A,N/A,N/A,N/A,N/A,Loial used the name Ledar to disguise his identity.
Primary,Main,TGS,No,0,Ledron,Ledron,Ledron,,Ledron,N/A,U,Human,Current,Uncertain,N/A,Unassigned,N/A,Murandy,Unknown,A citizen of Hinderstap who spoke with Mayor Barlden about the papers with Mat’s likeness.
Primary,Main,ToM,Yes,1,Leeh,Leeh,Leeh,,Leeh,N/A,F,Human,Current,Maiden of the Spear,N/A,Unassigned,N/A,Aiel,Unknown,A Maiden of the Spear sent after Weiramon and Anaiyella when Rand outed them as Darkfriends.
Primary,Main,AMoL,Yes,2,Leems,Leems,Leems,,Leems,N/A,M,Human,Current,Asha'man,N/A,Yes,Unknown,Unknown,Unknown,An Asha’man who was Taim’s crony and was fond of wine.
Primary,Main,ToM,Yes,1,Lehynen,Lehynen,Lehynen,,Lehynen,N/A,U,Human,Current,Soldier,N/A,Unassigned,N/A,Unknown,Unknown,A member of Ituralde’s forces who died defending his flank from Trollocs outside Maradon.
Primary,Main,TDR,No,0,"Leich, Mother",Mother Leich,Mother,Leich,Mother Leich,N/A,F,Human,Current,Healer,N/A,Unassigned,N/A,Unknown,Unknown,"The local healer in Remen, Altara. She stitched up Lords Orban and Gann after their encounter with Gaul and Sarien."
Alias,Main,CoT,N/A,N/A,Leilwin Shipless,Leilwin Shipless,Leilwin,Shipless,Leilwin,Egeanin Sarna,N/A,N/A,N/A,N/A,N/A,N/A,N/A,N/A,N/A,Name taken by Egeanin Sarna.
Primary,Main,TSR,No,0,"Leilwin, Lady",Lady Leilwin,Leilwin,,Leilwin,N/A,F,Human,Current,Taraboner Noble,N/A,Unassigned,N/A,Tarabon,Unknown,A Taraboner noblewoman who was shipped out to the Seanchan forces after she was mistakenly kidnapped.
Primary,Main,LoC,Yes,1,Leiran,Leiran,Leiran,,Leiran,N/A,M,Human,Current,Aiel Warrior,N/A,Unassigned,N/A,Aiel,Unknown,A man of the Cosaida sept of the Chareen Aiel and the Sha’mad Conde society.
Primary,Main,AMoL,Yes,1,Leish,Leish,Leish,,Leish,N/A,F,Human,Current,Uncertain,N/A,Unassigned,N/A,Unknown,Unknown,"The wife of the Asha’man Canler. Round and white-haired, she was bonded by Canler."
Primary,Main,TSR,Yes,1,Leitha,Leitha,Leitha,,Leitha,N/A,F,Human,Current,Tairen Noble,N/A,Unassigned,N/A,Tear,Unknown,A Tairen Lady of the Land. She made the mistake of looking disdainfully at Moiraine.
Primary,Main,LoC,Yes,31,Lelaine Akashi,Lelaine Akashi,Lelaine,Akashi,Lelaine,N/A,F,Human,Current,Aes Sedai,Blue,No,13(1),Kandor,827 NE,"A Kandori Aes Sedai of the Blue Ajah and the rebel contingent. About 5'4"" tall, she was slender and quite pretty."
Primary,Main,WH,Yes,1,Lem al'Dai,Lem al'Dai,Lem,al'Dai,Lem,N/A,M,Human,Current,Soldier,N/A,Unassigned,N/A,Andor,Unknown,A horse-faced Two Rivers man in Perrin’s army. He had a gap in his teeth through which he sometimes spat.
Primary,Main,TEotW,Yes,1,Lem Thane,Lem Thane,Lem,Thane,Lem,N/A,M,Human,Current,Uncertain,N/A,Unassigned,N/A,Andor,Unknown,A boy from Emond’s Field who was the son of Jon and Saera Thane. He was eight months younger than Rand.
Primary,Main,TPoD,Yes,2,Lemai Ambani,Lemai Ambani,Lemai,Ambani,Lemai,N/A,F,Human,Current,Aes Sedai,Red,No,15(3),Unknown,Unknown,An Aes Sedai of the Red Ajah and the loyalist contingent. She was part of the expedition to take the Black Tower.
Primary,Main,WH,No,0,Lemore Genhal,Lemore Genhal,Lemore,Genhal,Lemore,N/A,F,Human,Current,Damane,N/A,Unassigned,Unknown,Tarabon,Unknown,"A Taraboner noblewoman taken by the Seanchan in Tanchico and made damane (and renamed ""Larie"")."
Primary,Main,KoD,No,0,Len Congar,Len Congar,Len,Congar,Len,N/A,M,Human,Current,Uncertain,N/A,Unassigned,N/A,Andor,Unknown,"A Two Rivers man who, along with Jac Coplin, stole a cow from Master Thane."
Primary,Main,TEotW,No,0,Lenn,Lenn,Lenn,,Lenn,N/A,M,Human,Unknown,Story Character,N/A,Unassigned,N/A,Unknown,Unknown,A mythical character in gleeman tales who flew to the moon in the belly of an eagle made of fire.
Primary,Main,TSR,Yes,4,Leof Torfinn,Leof Torfinn,Leof,Torfinn,Leof,N/A,M,Human,Current,Soldier,N/A,Unassigned,N/A,Andor,Unknown,A Two Rivers man with deep-set eyes and a white streak in his hair where a scar ran through it.
Primary,Main,CoT,Yes,1,Leonin,Leonin,Leonin,,Leonin,N/A,M,Human,Current,Warder,N/A,Unassigned,N/A,Arafel,Unknown,Meidani’s Arafellin Warder. He wore silver bells in his hair and two swords on his back.
Primary,Main,ACoS,No,0,Leral,Leral,Leral,,Leral,N/A,F,Human,Current,Serving Girl,N/A,Unassigned,N/A,Altara,Unknown,A serving girl at The Wandering Woman in Ebou Dar.
Primary,Main,LoC,Yes,4,Lerian,Lerian,Lerian,,Lerian,N/A,F,Human,Current,Maiden of the Spear,N/A,Unassigned,N/A,Aiel,Unknown,"A Goshien Aiel woman of Far Dareis Mai. Lean, sandy-haired and about Faile’s age."
Primary,Main,ACoS,No,0,"Lerman, Master",Master Lerman,Master,Lerman,Master Lerman,N/A,M,Human,Current,Mason,N/A,Unassigned,N/A,Unknown,Unknown,The head mason working on Elaida’s palace at the White Tower.
Primary,Main,CoT,Yes,1,Letice Murow,Letice Murow,Letice,Murow,Letice,N/A,F,Human,Current,Novice,N/A,Unassigned,Unknown,Murandy,Unknown,A Murandian novice with the rebel Aes Sedai. Pale-eyed and close to her middle years with unblemished skin.
Primary,Main,TDR,No,0,Leuese Mulan,Leuese Mulan,Leuese,Mulan,Leuese,N/A,M,Human,Current,Fisherman,N/A,Unassigned,N/A,Tear,Unknown,An old Tairen fisherman who became wealthy after finding three cuendillar bowls and a cup in his nets.
Primary,Main,TSR,Yes,2,Lewin,Lewin,Lewin,,Lewin,N/A,M,Human,Historic,Jenn Aiel,N/A,Unassigned,N/A,Jenn Aiel,Unknown,A young Jenn Aiel man from the time soon after the Breaking. Adan was his greatfather.
Primary,Main,TFoH,No,0,"Lewin, Mistress",Mistress Lewin,Mistress,Lewin,Mistress Lewin,N/A,F,Human,Current,Uncertain,N/A,Unassigned,N/A,Andor,Unknown,An Emond’s Field woman. Nynaeve caught her daughter Kimry in the hayloft with Bar Dowtry.
Primary,Main,TEotW,Yes,1,Lews Therin Telamon,Lews Therin Telamon,Lews,Therin Telamon,Lews Therin,N/A,M,Human,AoL,Ancient Aes Sedai,N/A,Unassigned,"""++1""",Unknown,Unknown,"A leader in the Age of Legends. A very accomplished man, he held many offices and was a well known author."
Primary,Main,TDR,Yes,3,Leya,Leya,Leya,,Leya,N/A,F,Human,Current,Tinker,N/A,Unassigned,N/A,Tinker,Unknown,"A Tuatha’an woman. Gray-haired but with few lines on her face, she rode into the Mountains of Mist to find Moiraine."
Primary,Main,ACoS,Yes,1,Leyn,Leyn,Leyn,,Leyn,N/A,F,Human,Current,Wise One,N/A,Unassigned,N/A,Aiel,Unknown,An Aiel Wise One who could channel quite strongly.
Primary,Main,LoC,Yes,6,Liah,Liah,Liah,,Liah,N/A,F,Human,Current,Maiden of the Spear,N/A,Unassigned,N/A,Aiel,Unknown,"A woman of the Cosaida sept of the Chareen Aiel and Far Dareis Mai. Her hair was nearly black, which was rare."
Primary,Main,LoC,Yes,1,Liale Mosrara,Liale Mosrara,Liale,Mosrara,Liale,N/A,F,Human,Current,Rug Weaver,N/A,Unassigned,N/A,Tarabon,Unknown,A Taraboner rug weaver. One of the refugees who went to the Two Rivers.
Primary,Main,TEotW,No,0,Lian (1),Lian,Lian,,Lian,N/A,M,Human,Unknown,Story Character,N/A,Unassigned,N/A,Unknown,Unknown,"One of the Heroes of the Horn featured in “Lian’s Stand,” recited by Thom, and part of The Great Hunt of the Horn."
Primary,Main,TSR,Yes,1,Lian (2),Lian,Lian,,Lian,N/A,F,Human,Current,Aiel Roofmistress,N/A,Unassigned,N/A,Aiel,Unknown,"A woman of the Nine Valleys sept of the Taardad Aiel. She was Rhuarc's, and the roofmistress of Cold Rocks Hold."
Primary,Main,TGH,Yes,16,Liandrin Guirale,Liandrin Guirale,Liandrin,Guirale,Liandrin,N/A,F,Human,Current,Aes Sedai,Red,Yes,14(2),Tarabon,964 NE,"A Taraboner Aes Sedai of the Red Ajah, but actually Black Ajah. She was honey blonde with a rosebud mouth."
Primary,Main,TGH,Yes,1,Lidan,Lidan,Lidan,,Lidan,N/A,F,Human,Current,Serving Girl,N/A,Unassigned,N/A,Cairhien,Unknown,"A serving girl at The Nine Rings in Tremonsien, Cairhien. She was sent to fetch Selene’s bags."
Primary,World,World,No,0,Lideine Rajan,Lideine Rajan,Lideine,Rajan,Lideine,N/A,F,Human,Historic,Aes Sedai,Unknown,No,Unknown,Unknown,Unknown,An Aes Sedai who lived at the time of the formation of the White Tower.
Primary,Main,TGS,Yes,4,Lidrin,Lidrin,Lidrin,,Lidrin,N/A,M,Human,Current,Soldier,N/A,Unassigned,N/A,Arad Doman,Unknown,"A young officer from Arad Doman, the son of Lord Shimron, who served under Rodel Ituralde."
Primary,Main,WH,Yes,1,Lidya,Lidya,Lidya,,Lidya,N/A,F,Human,Current,Damane,N/A,Unassigned,Unknown,Seanchan,Unknown,"A damane belonging to Tuon. Red-haired with freckled cheeks, she spoke a Foretelling for Tuon."
Primary,Main,AMoL,No,0,Lifa,Lifa,Lifa,,Lifa,N/A,F,Human,Current,Merchant,N/A,Yes,N/A,Unknown,Unknown,A Darkfriend merchant who ran supplies for the Shadow through the Blasted Lands to a spot near the Town.
Title,Main,TEotW,N/A,N/A,Light of the Heavens,Light of the Heavens,Light of the Heavens,,Light of the Heavens,The Creator,N/A,N/A,N/A,N/A,N/A,N/A,N/A,N/A,N/A,Other name for the Creator.
Title,Main,TEotW,N/A,N/A,Light of the World,Light of the Heavens,Light of the Heavens,,Light of the Heavens,The Creator,N/A,N/A,N/A,N/A,N/A,N/A,N/A,N/A,N/A,Other name for the Creator.
Title,Main,TGS,N/A,N/A,Lighteater,Lighteater,Lighteater,,Lighteater,Dark One,N/A,N/A,N/A,N/A,N/A,N/A,N/A,N/A,N/A,A title for the Dark One.
Alias,World,World,N/A,N/A,Lillen Moiral,Lillen Moiral,Lillen,Moiral,Lillen,Moghedien,N/A,N/A,N/A,N/A,N/A,N/A,N/A,N/A,N/A,Moghedien’s name in the Age of Legends.
Alias,Main,WH,N/A,N/A,Lina,Lina,Lina,,Lina,Galina Casban,N/A,N/A,N/A,N/A,N/A,N/A,N/A,N/A,N/A,Nickname that Therava uses for Galina.
Primary,Main,KoD,Yes,1,Lincora din Omen,Lincora din Omen,Lincora,din Omen,Lincora,N/A,F,Human,Current,Wavemistress,N/A,Unassigned,N/A,Sea Folk,Unknown,A Sea Folk Wavemistress who was one of the First Twelve.
Primary,Main,AMoL,Yes,1,Lind Taglien,Lind Taglien,Lind,Taglien,Lind,N/A,F,Human,Current,Innkeeper,N/A,Unassigned,N/A,Unknown,Unknown,"The innkeeper of The Great Gathering, at the Black Tower. She was short and dark-haired."
Primary,Main,AMoL,Yes,1,Lindsar,Lindsar,Lindsar,,Lindsar,N/A,F,Ogier,Current,Ogier Elder,N/A,Unassigned,N/A,Stedding Sholoon,Unknown,An Ogier woman who was the eldest of the Ogier in Stedding Sholoon.
Primary,Main,TEotW,Yes,17,Lini Eltring,Lini Eltring,Lini,Eltring,Lini,N/A,F,Human,Current,Nurse,N/A,Unassigned,N/A,Unknown,Unknown,"The childhood nurse of Elayne, Morgase and Morgase’s mother. Mouthy and independent."
Primary,Main,TDR,No,0,Lion,Lion,Lion,,Lion,N/A,U,Horse,Current,Horse,N/A,Unassigned,N/A,Unknown,Unknown,"The name of the horse belonging to Lord Orban, the Hunter of the Horn who captured Gaul."
Primary,Main,TPoD,Yes,4,Lioness,Lioness,Lioness,,Lioness,N/A,F,Horse,Current,Horse,N/A,Unassigned,N/A,Unknown,Unknown,The horse Elayne rode in Ebou Dar; she was killed when Elayne’s unraveling gateway exploded.
Primary,Main,TFoH,Yes,7,Lir Baryn,Lir Baryn,Lir,Baryn,Lir,N/A,M,Human,Current,Andoran Noble,N/A,Unassigned,N/A,Andor,Unknown,"An Andoran man who was High Seat of House Baryn. Blade-slender and blade-strong, he opposed Morgase."
Primary,NS,NS,Yes,1,Lira,Lira,Lira,,Lira,N/A,F,Human,Current,Serving Girl,N/A,Unassigned,N/A,Kandor,Unknown,"A serving girl at the Blue Rose in Canluum, Kandor who had eyes for Lan. She had full lips and dark eyes."
Primary,Main,ACoS,Yes,2,Lirene Doirellin,Lirene Doirellin,Lirene,Doirellin,Lirene,N/A,F,Human,Current,Aes Sedai,Red,No,24(12),Cairhien,820 NE,"A Cairhienin Aes Sedai of the Red Ajah and a loyalist. She was 5'2"" tall, had pale skin, and a nervous disposition."
Primary,Main,TPoD,Yes,1,Lisaine Jarath,Lisaine Jarath,Lisaine,Jarath,Lisaine,N/A,F,Human,Current,Der'sul'dam,N/A,Unassigned,Unknown,Seanchan,Unknown,"A senior der’sul’dam from Seandar, under Miraj’s command. She had gray hair, a pale plump face and blue eyes."
Primary,NS,NS,Yes,1,Lisandre,Lisandre,Lisandre,,Lisandre,N/A,F,Human,Current,Novice,N/A,Unassigned,Unknown,Unknown,Unknown,"A sulky novice from Moiraine’s earlier days in the Tower, very tall with long golden hair."
Alias,Main,CoT,N/A,N/A,Little Wolf,Little Wolf,Little Wolf,,Little Wolf,Rodel Ituralde,N/A,N/A,N/A,N/A,N/A,N/A,N/A,N/A,N/A,A nickname for Rodel Ituralde.
Primary,Main,CoT,No,0,Llyw,Llyw,Llyw,,Llyw,N/A,M,Human,Current,Warder,N/A,Unassigned,N/A,Unknown,Unknown,Kairen Stang’s Warder. He was as wide as a horse; Malind thought that he could almost pass for an Ogier.
Primary,Main,TEotW,Yes,33,Logain Ablar,Logain Ablar,Logain,Ablar,Logain,N/A,M,Human,Current,Asha'man,N/A,Unassigned,"""++2""",Ghealdan,971 NE,A Ghealdanin minor nobleman with a small estate in the mountains until he became a false Dragon.
Primary,Main,TEotW,Yes,87,Loial son of Arent son of Halan,Loial son of Arent son of Halan,Loial,,Loial,N/A,M,Ogier,Current,Author,N/A,Unassigned,N/A,Stedding Shangtai,908 NE,A young Ogier who wanted to see the world. He was close to ten feet tall and was a very talented Treesinger.
Primary,Main,TEotW,Yes,1,Loise al'Vere,Loise al'Vere,Loise,al'Vere,Loise,N/A,F,Human,Current,Uncertain,N/A,Unassigned,N/A,Andor,976 NE,"Egwene’s next-eldest sister. A tomboy as late as age fifteen, she was considered the adventurous one."
Primary,Main,TPoD,Yes,1,Lomas,Lomas,Lomas,,Lomas,N/A,M,Human,Current,Scout,N/A,Unassigned,N/A,Unknown,Unknown,A scout for Ethenielle of Kandor. A sly lean-faced fellow with a foxhead crest on his helmet.
Primary,Main,KoD,Yes,2,Londraed,Londraed,Londraed,,Londraed,N/A,M,Human,Current,Band of the Red Hand,N/A,Unassigned,N/A,Unknown,Unknown,A lean soldier in the Band of the Red Hand.
Alias,Main,TGH,N/A,N/A,Long Tooth,Long Tooth,Long Tooth,,Long Tooth,Elyas Machera,N/A,N/A,N/A,N/A,N/A,N/A,N/A,N/A,N/A,The name the wolves gave Elyas Machera.
Primary,Main,LoC,Yes,14,Lopin,Lopin,Lopin,,Lopin,N/A,M,Human,Current,Servant,N/A,Unassigned,N/A,Tear,Unknown,"Nalesean’s Tairen serving man. A middle-aged man, he was about 5'10"" tall, round-bellied and balding."
Primary,Main,TGS,Yes,1,Loral,Loral,Loral,,Loral,N/A,F,Human,Current,Housekeeper,N/A,Unassigned,N/A,Arad Doman,Unknown,"The dosun, or head housekeeper, of Milisair Chadmar’s palace in Bandar Eban. Elderly and gray-haired."
Title,Main,TEotW,N/A,N/A,Lord of the Dawn,Lord of the Dawn,Lord of the Dawn,,Lord of the Dawn,Rand al'Thor,N/A,N/A,N/A,N/A,N/A,N/A,N/A,N/A,N/A,A title for the Dragon; apparently referring to Rand in prophecy.
Title,Main,ToM,N/A,N/A,Lord of the Evening,Lord of the Evening,Lord of the Evening,,Lord of the Evening,Dark One,N/A,N/A,N/A,N/A,N/A,N/A,N/A,N/A,N/A,Title for the Dark One from The Prophecies of the Shadow.
Title,Main,TEotW,N/A,N/A,Lord of the Grave,Lord of the Grave,Lord of the Grave,,Lord of the Grave,Dark One,N/A,N/A,N/A,N/A,N/A,N/A,N/A,N/A,N/A,A title for the Dark One.
Title,Main,TEotW,N/A,N/A,Lord of the Lakes,Lord of the Lakes,Lord of the Lakes,,Lord of the Lakes,Lan Mandragoran,N/A,N/A,N/A,N/A,N/A,N/A,N/A,N/A,N/A,One of Lan’s royal Malkieri titles.
Title,Main,TEotW,N/A,N/A,Lord of the Morning,Lord of the Morning,Lord of the Morning,,Lord of the Morning,Rand al'Thor,N/A,N/A,N/A,N/A,N/A,N/A,N/A,N/A,N/A,"One of Lews Therin’s titles, given to Rand by Weiramon, Bashere and Gregorin, and taken up more generally."
Title,Main,TEotW,N/A,N/A,Lord of the Seven Towers,Lord of the Seven Towers,Lord of the Seven Towers,,Lord of the Seven Towers,Lan Mandragoran,N/A,N/A,N/A,N/A,N/A,N/A,N/A,N/A,N/A,One of Lan’s royal Malkieri titles.
Title,Main,TDR,N/A,N/A,Lord of the Twilight,Lord of the Twilight,Lord of the Twilight,,Lord of the Twilight,Dark One,N/A,N/A,N/A,N/A,N/A,N/A,N/A,N/A,N/A,A title for the Dark One.
Primary,Main,ToM,Yes,2,Lorstrum Aesnan,Lorstrum Aesnan,Lorstrum,Aesnan,Lorstrum,N/A,M,Human,Current,Cairhienin Noble,N/A,Unassigned,N/A,Cairhien,Unknown,A Cairhienin nobleman who rose to power after Rand left Cairhien. He was quiet and lanky and looked down his nose.
Primary,Main,TPoD,Yes,1,Losaine,Losaine,Losaine,,Losaine,N/A,F,Human,Current,Wise One,N/A,Unassigned,22(10),Aiel,Unknown,An Aiel Wise One with the ability to channel. She had gray eyes and dark hair with glints of red.
Primary,Main,TSR,No,0,Lothair Mantelar,Lothair Mantelar,Lothair,Mantelar,Lothair,N/A,M,Human,Historic,Whitecloak,N/A,Unassigned,N/A,Unknown,Unknown,"The author of The Way of the Light. In FY 1021, he founded the Children of the Light."
Primary,Main,TPoD,Yes,2,Loversknot,Loversknot,Loversknot,,Loversknot,N/A,F,Horse,Current,Horse,N/A,Unassigned,N/A,Unknown,Unknown,The stout brown mare that Nynaeve rode from Ebou Dar to the Kin’s farm and on toward Caemlyn
Primary,Main,ACoS,Yes,1,Loya,Loya,Loya,,Loya,N/A,F,Human,Current,Maid,N/A,Unassigned,N/A,Altara,Unknown,A maid at the Tarasin Palace in Ebou Dar. She was slender with bee-stung lips.
Primary,Main,TDR,Yes,1,Luaine,Luaine,Luaine,,Luaine,N/A,F,Human,Current,Maiden of the Spear,N/A,Unassigned,N/A,Aiel,Unknown,A young Aiel woman of Far Dareis Mai who had yellow hair.
Primary,Main,TFoH,Yes,4,Luan Norwelyn,Luan Norwelyn,Luan,Norwelyn,Luan,N/A,M,Human,Current,Andoran Noble,N/A,Unassigned,N/A,Andor,Unknown,An Andoran nobleman who was High Seat of House Norwelyn. Graying and hard-faced.
Primary,Main,TEotW,No,0,Luc Mantear,Luc Mantear,Luc,Mantear,Luc,N/A,M,Human,Historic,Andoran Noble,N/A,Unassigned,N/A,Andor,954 NE,"An Andoran nobleman. The son of Mordrellen, and Tigraine’s brother, he disappeared in the Blight in 971 NE."
Alias,Main,TSR,N/A,N/A,"Luc, Lord",Lord Luc,Luc,,Luc,Slayer,N/A,N/A,N/A,N/A,N/A,N/A,N/A,N/A,N/A,A lord of the fictitious Murandian House Chiendelna; it was the name Slayer used in the Two Rivers.
Primary,Main,TSR,Yes,1,Luca,Luca,Luca,,Luca,N/A,M,Human,Historic,Jenn Aiel,N/A,Unassigned,N/A,Jenn Aiel,Unknown,A young Jenn Aiel male from the time after the Breaking. His shoulders were half again as wide as anyone else’s.
Primary,Main,TGS,Yes,1,Lucain,Lucain,Lucain,,Lucain,N/A,F,Human,Current,Novice,N/A,Unassigned,Unknown,Unknown,Unknown,A brown-haired novice in the White Tower who assisted Egwene during the Seanchan attack.
Primary,Main,TSR,No,0,Lucellin,Lucellin,Lucellin,,Lucellin,N/A,M,Human,Current,Whitecloak,N/A,Unassigned,N/A,Unknown,Unknown,"A Child of the Light. With Dain Bornhald in the Two Rivers, he made sure that no one sneaked off from Taren Ferry."
Primary,Main,TFoH,Yes,2,Luci,Luci,Luci,,Luci,N/A,F,Human,Current,Dressmaker,N/A,Unassigned,N/A,Amadicia,Unknown,"The assistant in Ronde Macura’s dress shop in Mardecin, Amadicia. Dark-haired, young and thin."
Primary,Main,LoC,Yes,1,Lucilde,Lucilde,Lucilde,,Lucilde,N/A,F,Human,Current,Novice,N/A,Unassigned,29(17),Andor,978 NE,A lanky Andoran novice brought to Salidar from the White Tower.
Primary,NS,NS,No,0,Ludice Daneen,Ludice Daneen,Ludice,Daneen,Ludice,N/A,F,Human,Current,Aes Sedai,Yellow,No,Unknown,Tarabon,Unknown,"A Taraboner Aes Sedai of the Yellow Ajah. She was bony, with a long, grim face framed by brightly beaded braids."
Primary,Main,AMoL,Yes,1,Ludin,Ludin,Ludin,,Ludin,N/A,M,Human,Current,Aiel Warrior,N/A,Unassigned,N/A,Aiel,Unknown,An algai’d’siswai who worked with Birgitte to kill Trollocs in Braem Wood in the Last Battle.
Primary,Main,KoD,Yes,9,Lunal Galgan,Lunal Galgan,Lunal,Galgan,Galgan,N/A,M,Human,Current,General,N/A,Unassigned,N/A,Seanchan,Unknown,A Seanchan Captain-General who commanded the soldiers of the Return. He was tall with blue eyes and white hair.
Primary,Main,TGS,Yes,1,Lurts,Lurts,Lurts,,Lurts,N/A,M,Human,Current,Soldier,N/A,Unassigned,N/A,Saldaea,Unknown,A Saldaean soldier who accompanied Nynaeve to Milisair Chadmar’s prison in the Gull’s Feast in Ebou Dar.
Primary,Main,KoD,Yes,2,Lusara,Lusara,Lusara,,Lusara,N/A,F,Human,Current,Uncertain,N/A,Unassigned,N/A,Arad Doman,Unknown,"A Domani woman taken gai’shain by the Shaido. Graceful, buxom, copper-skinned and stunningly beautiful."
Primary,Main,CoT,No,0,Lusonia Cole,Lusonia Cole,Lusonia,Cole,Lusonia,N/A,F,Human,Current,Aes Sedai,Green,No,Unknown,Andor,Unknown,An Andoran Aes Sedai of the Green Ajah and the loyalist contingent. Part of the expedition to kidnap Rand.
Primary,Main,ToM,Yes,1,Lussin,Lussin,Lussin,,Lussin,N/A,M,Human,Current,Band of the Red Hand,N/A,Unassigned,N/A,Unknown,Unknown,A Redarm tasked with looking after Olver and Setalle Anan in Caemlyn.
Primary,Main,TGH,No,0,Luthair Paendrag Mondwin,Luthair Paendrag Mondwin,Luthair,Paendrag Mondwin,Luthair,N/A,M,Human,Historic,Noble,N/A,Unassigned,N/A,Unknown,FY 967,The son of Artur Paendrag Tanreall and Tamika. His banner was a spread-winged hawk clutching lightning bolts.
Primary,Main,WH,No,0,Lydel Elonid,Lydel Elonid,Lydel,Elonid,Lydel,N/A,F,Human,Current,Innkeeper,N/A,Unassigned,N/A,Unknown,Unknown,A woman in Ebou Dar who purchased The Wandering Woman from Setalle Anan.
Primary,Main,TGS,Yes,1,Lyncon,Lyncon,Lyncon,,Lyncon,N/A,M,Human,Current,Carpenter,N/A,Unassigned,N/A,Cairhien,Unknown,A Cairhienin master carpenter taken gai’shain by the Shaido.
Primary,Main,LoC,No,0,"Lyndelle, Queen",Queen Lyndelle,Lyndelle,,Lyndelle,N/A,F,Human,Historic,Queen,N/A,Unassigned,N/A,Andor,Unknown,"The ninth queen of Andor. The daughter of Morrigan, she ascended the throne in approximately FY 1114."
Primary,Main,ToM,No,0,"Lyonford, King",King Lyonford,Lyonford,,Lyonford,N/A,M,Human,Historic,King,N/A,Unassigned,N/A,Saldaea,Unknown,A former king of Saldaea who could not keep his temper. Faile used him as an example to Perrin.
Primary,Main,TPoD,Yes,6,Lyrelle Arienwin,Lyrelle Arienwin,Lyrelle,Arienwin,Lyrelle,N/A,F,Human,Current,Aes Sedai,Blue,No,24(12),Cairhien,833 NE,"A Cairhienin Aes Sedai of the Blue Ajah and the rebel contingent. About 5'4 "" tall, and pale with large dark eyes."
Title,Main,ACoS,N/A,N/A,M'Hael,M'Hael,M'Hael,,M'Hael,Mazrim Taim,N/A,N/A,N/A,N/A,N/A,N/A,N/A,N/A,N/A,Taim’s self-imposed title and later his name as a Forsaken.
Primary,Main,TGS,Yes,1,Ma'combe,Ma'combe,Ma'combe,,Ma'combe,N/A,M,Human,Current,So'jhin,N/A,Unassigned,N/A,Unknown,Unknown,A so’jhin with strong arms.
Primary,Main,TFoH,No,0,Mabriam en Shereed,Mabriam en Shereed,Mabriam,en Shereed,Mabriam,N/A,F,Human,Historic,Aes Sedai,Gray,No,9(+4),Unknown,Unknown,"An Aes Sedai of the Gray Ajah, the Queen of Aramaelle, and mainly responsible for the Compact of the Ten Nations."
Primary,Main,TFoH,No,0,Machan,Machan,Machan,,Machan,N/A,M,Human,Current,Warder,N/A,Unassigned,N/A,Unknown,Unknown,A Warder in Salidar who saw twenty-odd men approaching Salidar and reported it to other Warders.
Primary,Main,LoC,Yes,1,"Macharan, Lord",Lord Macharan,Macharan,,Macharan,N/A,M,Human,Current,Andoran Noble,N/A,Unassigned,N/A,Andor,Unknown,An Andoran noble of a lesser House who was a bear of a man.
Primary,Main,CoT,No,0,Machir,Machir,Machir,,Machir,N/A,M,Human,Current,Domani Noble,N/A,Unassigned,N/A,Arad Doman,Unknown,A powerful Domani nobleman who was supposed to be following Ituralde.
Primary,Main,KoD,Yes,1,Macoll,Macoll,Macoll,,Macoll,N/A,M,Human,Current,Band of the Red Hand,N/A,Unassigned,N/A,Unknown,Unknown,A soldier in the Band of the Red Hand.
Primary,Main,TPoD,No,0,Macu,Macu,Macu,,Macu,N/A,F,Human,Current,Morat'raken,N/A,Unassigned,N/A,Seanchan,Unknown,A morat’raken who died when her raken was shot down by Aes Sedai at the Kin’s farm.
Primary,Main,TDR,Yes,1,Mada,Mada,Mada,,Mada,N/A,F,Human,Current,Serving Woman,N/A,Unassigned,N/A,Unknown,Unknown,A serving woman at The Woman of Tanchico in Tar Valon. She was pretty with brown eyes.
Primary,Main,ACoS,No,0,Maddin Todande,Maddin Todande,Maddin,Todande,Maddin,N/A,M,Human,Historic,Altaran Noble,N/A,Unassigned,N/A,Altara,Unknown,The nobleman who founded Altara. He claimed to be a descendant of the last Queen of Shiota.
Primary,Main,TDR,No,0,"Madel, King",King Madel,Madel,,Madel,N/A,M,Human,Unknown,Story Character,N/A,Unassigned,N/A,Unknown,Unknown,One of the kings in the gleeman tale “Mara and the Three Foolish Kings.”
Primary,Main,ACoS,Yes,3,Madic,Madic,Madic,,Madic,N/A,M,Human,Current,Servant,N/A,Yes,N/A,Unknown,Unknown,A servant in the Tarasin Palace. He was a balding Darkfriend who reported to Moridin just after Ela
Primary,Main,KoD,No,0,Madoc Comadrin,Madoc Comadrin,Madoc,Comadrin,Madoc,N/A,M,Human,Historic,General,N/A,Unassigned,N/A,Unknown,Unknown,"A general from around six hundred years before Hawkwing; a genius of military strategy, he wrote Fog and Steel."
Primary,Main,KoD,Yes,8,Madresin Mandevwin,Madresin Mandevwin,Madresin,Mandevwin,Mandevwin,N/A,M,Human,Current,Band of the Red Hand,N/A,Unassigned,N/A,Unknown,Unknown,A captain with the Band of the Red Hand. Mandevwin was a stocky one-eyed man.
Primary,Main,KoD,Yes,2,Madwin,Madwin,Madwin,,Madwin,N/A,M,Human,Current,Band of the Red Hand,N/A,Unassigned,N/A,Unknown,Unknown,A member of the Band of the Red Hand. He and Dongal led men on the south slope of a hill near the Malvide Narrows.
Primary,Main,TFoH,No,0,"Maecine, King",King Maecine,Maecine,,Maecine,N/A,M,Human,Historic,King,N/A,Unassigned,N/A,Eharon,Unknown,"A king of Eharon, one of the Ten Nations to rise after the Breaking. Mat remembered fighting alongside him."
Primary,Main,TSR,No,0,Maedin Bashere,Maedin Bashere,Maedin,Bashere,Maedin,N/A,M,Human,Current,Saldaean Noble,N/A,Unassigned,N/A,Saldaea,Unknown,The son of Deira and Davram Bashere. He was two years younger than his sister Faile.
Primary,Main,TGS,Yes,1,Maenadrin,Maenadrin,Maenadrin,,Maenadrin,N/A,F,Human,Current,Aes Sedai,Brown,No,Unknown,Saldaea,Unknown,A Saldaean Aes Sedai of the Brown Ajah whom Egwene saw in the hallways of the White Tower.
Primary,Main,ACoS,Yes,2,Maeric,Maeric,Maeric,,Maeric,N/A,M,Human,Current,Aiel Sept Chief,N/A,Unassigned,N/A,Aiel,Unknown,Chief of the Moshaine sept of the Shaido Aiel. He was also the leader of Seia Doon.
Primary,Main,AMoL,No,0,Maerin,Maerin,Maerin,,Maerin,N/A,F,Human,Current,Aes Sedai,Green,No,Unknown,Unknown,Unknown,An Aes Sedai of the Green Ajah who fought in Kandor in the Last Battle. She did not travel light.
Alias,Main,TFoH,N/A,N/A,Maerion,Maerion,Maerion,,Maerion,Birgitte Silverbow,N/A,N/A,N/A,N/A,N/A,N/A,N/A,N/A,N/A,A name Birgitte was known by in a past life; she used that name while traveling with and performing in Luca’s circus.
Primary,Main,TSR,No,0,Magde Aybara,Magde Aybara,Magde,Aybara,Magde,N/A,F,Human,Current,Uncertain,N/A,Unassigned,N/A,Andor,Unknown,A Two Rivers woman who was married to Eward Aybara and was Perrin’s aunt.
Primary,Main,KoD,Yes,1,Mageen,Mageen,Mageen,,Mageen,N/A,F,Horse,Current,Horse,N/A,Unassigned,N/A,Unknown,Unknown,"Old Tongue for “Daisy,” and the name of the dun mare ridden by Aviendha in Caemlyn."
Primary,Main,LoC,Yes,8,Magla Daronos,Magla Daronos,Magla,Daronos,Magla,N/A,F,Human,Current,Aes Sedai,Yellow,No,20(8),Illian,839 NE,An Illianer Aes Sedai of the Yellow Ajah and the rebel contingent. She had broad shoulders and was well muscled.
Primary,Main,TGH,Yes,1,Maglin Madwen,Maglin Madwen,Maglin,Madwen,Maglin,N/A,F,Human,Current,Innkeeper,N/A,Unassigned,N/A,Murandy,Unknown,The innkeeper at The Nine Rings in Tremonsien. She was a lean woman with a long nose and graying hair.
Primary,Main,LoC,Yes,1,Mahiro Shukosa,Mahiro Shukosa,Mahiro,Shukosa,Mahiro,N/A,M,Human,Current,Warder,N/A,Unassigned,N/A,Kandor,Unknown,"Rafela Cindal’s Kandori Warder. He had graying temples, a noble nose, dark eyes and long fingers."
Primary,Main,TGH,Yes,2,Maigan,Maigan,Maigan,,Maigan,N/A,F,Human,Current,Aes Sedai,Blue,No,15(3),Unknown,Unknown,An Aes Sedai of the Blue Ajah and the rebel contingent. She was beautiful with large eyes and full lips.
Primary,Main,TFoH,Yes,1,Maigan Nem,Maigan Nem,Maigan,Nem,Maigan,N/A,F,Human,Current,Farmwife,N/A,Unassigned,N/A,Andor,Unknown,"Admer’s wife in Kore Springs, Andor. Their barn burned when Logain, Siuan, Leane and Min were discovered there."
Alias,Main,TPoD,N/A,N/A,Maighdin Dorlain,Maighdin Dorlain,Maighdin,Dorlain,Maighdin,Morgase Trakand,N/A,N/A,N/A,N/A,N/A,N/A,N/A,N/A,N/A,Morgase’s alias while on the lam.
Primary,Main,TFoH,No,0,Maighdin Trakand,Maighdin Trakand,Maighdin,Trakand,Maighdin,N/A,F,Human,Historic,Andoran Noble,N/A,Unassigned,N/A,Andor,Unknown,The mother of Morgase.
Primary,Main,TSR,Yes,2,Maigran,Maigran,Maigran,,Maigran,N/A,F,Human,Historic,Jenn Aiel,N/A,Unassigned,N/A,Jenn Aiel,Unknown,"A young Jenn Aiel woman from the time soon after the Breaking. Adan was her greatfather, and Saralin her mother."
Primary,World,World,No,0,Mailaine Harvole,Mailaine Harvole,Mailaine,Harvole,Mailaine,N/A,F,Human,Historic,Aes Sedai,Unknown,No,Unknown,Unknown,Unknown,An Aes Sedai who lived at the time of the formation of the White Tower.
Primary,World,World,No,0,Mailinde Paendrag Lyndhal,Mailinde Paendrag Lyndhal,Mailinde,Paendrag Lyndhal,Mailinde,N/A,F,Human,Historic,Queen,N/A,Unassigned,N/A,Shandalle,Unknown,The Queen of Shandalle and mother of Artur Hawkwing. She died during the Black Plague epidemic in FY 939.
Primary,Main,KoD,Yes,2,Mair,Mair,Mair,,Mair,N/A,F,Human,Current,Accepted,N/A,Unassigned,Unknown,Arafel,Unknown,"An Arafellin Accepted in the White Tower. Plump and blue-eyed, she was a novice when Egwene left the Tower."
Primary,Main,TFoH,Yes,3,Maira,Maira,Maira,,Maira,N/A,F,Human,Current,Maiden of the Spear,N/A,Unassigned,N/A,Aiel,Unknown,An Aiel woman of the Serai sept of the Tomanelle Aiel and Far Dareis Mai. She had red hair.
Primary,Main,ACoS,No,0,Maire,Maire,Maire,,Maire,N/A,F,Human,Current,Attendant,N/A,Unassigned,N/A,Unknown,Unknown,A woman who served as an attendant to Colavaere. Colavaere told Maire some of her plans for the future of Cairhien.
Primary,Main,TFoH,No,0,Mairin Gome,Mairin Gome,Mairin,Gome,Mistress Gome,N/A,F,Human,Current,Circus Owner,N/A,Unassigned,N/A,Unknown,Unknown,A traveling circus owner who was in Samara at the same time as Luca.
Alias,Main,ACoS,N/A,N/A,Maisia,Maisia,Maisia,,Maisia,Graendal,N/A,N/A,N/A,N/A,N/A,N/A,N/A,N/A,N/A,The name Sammael called Graendal when she and Sammael met with Sevanna.
Primary,Main,AMoL,No,0,"Makoti, Banner-General",Banner-General Makoti,Banner-General,Makoti,Banner-General Makoti,N/A,M,Human,Current,General,N/A,Unassigned,N/A,Seanchan,Unknown,Seanchan commander under Tylee Khirgan.
Primary,Main,ToM,No,0,Makzim,Makzim,Makzim,,Makzim,N/A,M,Human,Current,Warder,N/A,Unassigned,N/A,Unknown,Unknown,"A Warder leading the training of students to be Warders, after the Tower was reunited under Egwene."
Primary,Main,ToM,No,0,"Mala, Mistress",Mistress Mala,Mistress,Mala,Mistress Mala,N/A,F,Human,Current,Orphan Keeper,N/A,Unassigned,N/A,Unknown,Unknown,A woman running an orphanage in Nynaeve’s test for the shawl.
Primary,Main,TGS,Yes,1,Malahavana,Malahavana,Malahavana,,Malahavana,N/A,F,Human,Current,Sul'dam,N/A,Unassigned,Unknown,Seanchan,Unknown,A sul’dam who participated in the White Tower raid. She was paired with Tuon’s damane Dali.
Primary,Main,TGS,Yes,1,Malai,Malai,Malai,,Malai,N/A,F,Human,Current,Damane,N/A,Unassigned,Unknown,Seanchan,Unknown,A damane who could tell the fortunes of the weather.
Primary,Main,ToM,Yes,1,Malain,Malain,Malain,,Malain,N/A,U,Human,Current,Soldier,N/A,Unassigned,N/A,Saldaea,Unknown,A Saldaean soldier with Bashere in Maradon.
Primary,Main,TGS,No,0,"Malalin, Lord",Lord Malalin,Lord,Malalin,Lord Malalin,N/A,M,Human,Current,Uncertain,N/A,Unassigned,N/A,Unknown,Unknown,One of the men Beslan plotted with in the basement of The Three Stars to overthrow the Seanchan.
Primary,World,World,No,0,Malan,Malan,Malan,,Malan,N/A,M,Ogier,Historic,Uncertain,N/A,Unassigned,N/A,Unknown,Unknown,An Ogier who was the son of Senar and the father of Aran.
Primary,Main,TGH,Yes,1,Malena Aylar,Malena Aylar,Malena,Aylar,Malena,N/A,F,Human,Current,Wisdom,N/A,Unassigned,N/A,Andor,Unknown,"A Watch Hill woman who appeared in Nynaeve’s Accepted test, who had become the Wisdom of Emond’s Field."
Primary,Main,ToM,Yes,1,Malenarin Rai,Malenarin Rai,Malenarin,Rai,Malenarin,N/A,M,Human,Current,Soldier,N/A,Unassigned,N/A,Unknown,Unknown,The commander of Heeth Tower on the Kandori Blightborder. He was also a master merchant.
Primary,Main,TGS,No,0,Malhavish,Malhavish,Malhavish,,Malhavish,N/A,U,Human,Historic,Author,N/A,Unassigned,N/A,Unknown,Unknown,"The author of The Prophecies of the Dragon, Essanik Cycle, Malhavish’s Official Translation."
Primary,Main,TGS,Yes,1,Malian,Malian,Malian,,Malian,N/A,F,Human,Current,Sul'dam,N/A,Unassigned,Unknown,Seanchan,Unknown,"A young sul’dam, slender and dark-haired, who accompanied Anath/Semirhage when she attempted to capture Rand."
Primary,Main,ToM,Yes,1,Malidra,Malidra,Malidra,,Malidra,N/A,F,Human,Future,Scavenger,N/A,Unassigned,N/A,Unknown,Unknown,A young woman who was a descendant of the Aiel in the distant future as seen in Aviendha’s visions in Rhuidean.
Primary,Main,TPoD,Yes,1,Malien,Malien,Malien,,Malien,N/A,F,Human,Current,Altaran Noble,N/A,Unassigned,N/A,Altara,Unknown,An Altaran noblewoman who was at the Kin’s farm outside Ebou Dar. She became part of Elayne’s entourage.
Primary,Main,ACoS,Yes,1,Malin din Toral Breaking Wave,Malin din Toral Breaking Wave,Malin,din Toral Breaking Wave,Malin din Toral,N/A,F,Human,Current,Wavemistress,N/A,Unassigned,N/A,Sea Folk,Unknown,An Atha’an Miere woman who was Wavemistress of Clan Somarin and Sailmistress of Windrunner.
Primary,Main,LoC,Yes,5,Malind Nachenin,Malind Nachenin,Malind,Nachenin,Malind,N/A,F,Human,Current,Aes Sedai,Green,No,25(13),Kandor,941 NE,A Kandori Aes Sedai of the Green Ajah and the rebel contingent. She was slightly plump with full lips and dark eyes.
Primary,Main,ACoS,Yes,1,Malindare,Malindare,Malindare,,Malindare,N/A,F,Human,Current,Maiden of the Spear,N/A,Unassigned,N/A,Aiel,Unknown,"An Aiel woman of Far Dareis Mai. She was rounder than most Maidens, and had dark hair (rare among the Aiel)."
Primary,Main,LoC,No,0,Malindhe,Malindhe,Malindhe,,Malindhe,N/A,F,Human,Current,Wise One,N/A,Unassigned,N/A,Aiel,Unknown,An Aiel Wise One who did not like having the Shaido among the other Aiel near Cairhien.
Primary,Main,AMoL,No,0,Mallone,Mallone,Mallone,,Mallone,N/A,M,Human,Current,Whitecloak,N/A,Unassigned,N/A,Unknown,Unknown,A member of the Children of the Light who was suggested by Golever as a good choice to take to Hawal Ford.
Primary,NS,NS,Yes,1,Malvin,Malvin,Malvin,,Malvin,N/A,M,Human,Current,Tower Guard,N/A,Unassigned,N/A,Unknown,Unknown,A man serving under Steler in the Tower Guard right after the Battle of the Shining Walls.
Primary,Main,KoD,Yes,2,Managan,Managan,Managan,,Managan,N/A,M,Human,Current,Merchant,N/A,Unassigned,N/A,Malkier,Unknown,A plump Malkieri merchant who refused the hadori and went to Saldaea.
Primary,Main,LoC,Yes,1,Manal,Manal,Manal,,Manal,N/A,M,Human,Current,Boatman,N/A,Unassigned,N/A,Unknown,Unknown,A boatman in the city of Cairhien. He was stout and gray-haired.
Primary,Main,AMoL,Yes,1,Manda Wan,Manda Wan,Manda,Wan,Manda,N/A,F,Human,Current,Aes Sedai,Green,No,Unknown,Unknown,Unknown,An Aes Sedai of the Green Ajah who participated in the Last Battle.
Primary,Main,TEotW,Yes,39,Mandarb,Mandarb,Mandarb,,Mandarb,N/A,M,Horse,Current,Horse,N/A,Unassigned,N/A,Unknown,Unknown,"Old Tongue for “Blade,” it was the name of Lan’s horse, a tall black fierce-eyed stallion."
Primary,Main,TSR,Yes,1,Mandein,Mandein,Mandein,,Mandein,N/A,M,Human,Historic,Aiel Sept Chief,N/A,Unassigned,N/A,Aiel,Unknown,"An Aiel sept chief when Rhuidean was built. At forty, he was young for a sept chief."
Primary,Main,TFoH,Yes,1,Mandelain,Mandelain,Mandelain,,Mandelain,N/A,M,Human,Current,Aiel Clan Chief,N/A,Unassigned,N/A,Aiel,Unknown,"A man of the Broken Cliff sept of the Daryne Aiel who was clan chief of the Daryne. He was 6'5"" tall and had one eye."
Primary,Main,KoD,No,0,Manderic,Manderic,Manderic,,Manderic,N/A,M,Human,Current,Aiel Warrior,N/A,Unassigned,N/A,Aiel,Unknown,"Man with the Shaido, a Mera’din (i.e., Brotherless)."
Primary,Main,TSR,Yes,1,Mandhuin,Mandhuin,Mandhuin,,Mandhuin,N/A,M,Human,Current,Trader,N/A,Unassigned,N/A,Aiel,Unknown,"A man of the Goshien Aiel. Gray-haired and heavyset, he wore a smaller belt knife than warriors."
Primary,Main,LoC,Yes,7,Manel Rochaid,Manel Rochaid,Manel,Rochaid,Rochaid,N/A,M,Human,Current,Asha'man,N/A,Yes,Unknown,Murandy,981 NE,"An Asha’man from Murandy. He was about 6'2"" to 6'3"" tall and smiled a lot. He was a crony of Taim and a Darkfriend."
Primary,Main,TSR,Yes,4,Mangin,Mangin,Mangin,,Mangin,N/A,M,Human,Current,Aiel Warrior,N/A,Unassigned,N/A,Aiel,Unknown,A man of the Jindo sept of the Taardad Aiel and the Shae’en M’taal society. He was tall with gray eyes.
Primary,Main,ACoS,No,0,Mangore Kiramin,Mangore Kiramin,Mangore,Kiramin,Mangore,N/A,M,Human,Historic,Warder,N/A,Unassigned,N/A,Unknown,Unknown,"A figure from history, the Sword-bard of Aramaelle and Warder to Caraighan Maconar, and a translator of prophecies."
Primary,Main,KoD,Yes,1,Mantual,Mantual,Mantual,,Mantual,N/A,M,Human,Current,Servant,N/A,Unassigned,N/A,Seanchan,Unknown,"The servant of Banner-General Gamel Loune. He was stocky, with a narrow beard dangling from the point of his chin."
Primary,Main,LoC,Yes,2,Mar,Mar,Mar,,Mar,N/A,M,Human,Current,Band of the Red Hand,N/A,Unassigned,N/A,Unknown,Unknown,"A scout in the Band of the Red Hand. He was tall, lanky and rough-faced."
Primary,Main,TEotW,No,0,Mara,Mara,Mara,,Mara,N/A,F,Human,Unknown,Story Character,N/A,Unassigned,N/A,Unknown,Unknown,"From a gleeman story that Thom recited, “Mara and the Three Foolish Kings.”"
Primary,Main,TSR,No,0,Mara Tomanes (1),Mara Tomanes,Mara,Tomanes,Mara,N/A,F,Human,Current,Uncertain,N/A,Unassigned,N/A,Tear,Unknown,Siuan’s childhood friend. Siuan used her name for a fictional Aes Sedai in Illian when lying to Gawyn.
Alias,Main,TFoH,N/A,N/A,Mara Tomanes (2),Mara Tomanes,Mara,Tomanes,Mara,Siuan Sanche,N/A,N/A,N/A,N/A,N/A,N/A,N/A,N/A,N/A,And alias that Siuan uses after being stilled. Taken from the name of her childhood friend.
Primary,Main,TPoD,Yes,1,Marac Pandelaros den Norvin,Marac Pandelaros den Norvin,Marac,Pandelaros den Norvin,Lord Marac,N/A,M,Human,Current,Illianer Noble,N/A,Unassigned,N/A,Illian,Unknown,An Illianer nobleman who replaced Lord Brend on the Council of Nine. A wide man with a stolid manner.
Primary,Main,TSR,Yes,8,"Maraconn, High Lord",High Lord Maraconn,Maraconn,,Maraconn,N/A,M,Human,Current,Tairen Noble,N/A,Unassigned,N/A,Tear,Unknown,"A High Lord of Tear. He had rare blue eyes for a Tairen, and thin lips. An active plotter against Rand in the Stone."
Primary,Main,LoC,No,0,"Maragaine, Queen",Queen Maragaine,Maragaine,,Maragaine,N/A,F,Human,Historic,Queen,N/A,Unassigned,N/A,Andor,Unknown,A queen of Andor during the War of the Hundred Years. She reigned from FY 1054 to FY 1073.
Primary,Main,KoD,Yes,1,Marah,Marah,Marah,,Marah,N/A,F,Human,Current,Novice,N/A,Unassigned,Unknown,Murandy,Unknown,"A Murandian novice in the White Tower. No more than fifteen or sixteen, she was stocky with mischievous blue eyes."
Primary,Main,WH,Yes,1,Marah Anan,Marah Anan,Marah,Anan,Marah,N/A,F,Human,Current,Uncertain,N/A,Unassigned,N/A,Altara,Unknown,"A daughter of Setalle Anan. She was a little taller than her mother, had hazel eyes, and was pleasingly plump."
Primary,Main,TGS,No,0,Maralenda,Maralenda,Maralenda,,Maralenda,N/A,F,Human,Current,Aes Sedai,Unknown,No,Unknown,Andor,Unknown,An Andoran Aes Sedai of the rebel contingent who was a distant cousin of the Trakand line.
Primary,Main,LoC,Yes,1,Marande Algoran,Marande Algoran,Marande,Algoran,Marande,N/A,F,Human,Current,Amadician Noble,N/A,Unassigned,N/A,Amadicia,Unknown,The sister of the High Seat of House Algoran in Amadicia. Pretty with a heart-shaped face.
Primary,World,World,No,0,Marasale Jureen,Marasale Jureen,Marasale,Jureen,Marasale,N/A,F,Human,Historic,Aes Sedai,Yellow,No,Unknown,Unknown,Unknown,An Aes Sedai of the Yellow Ajah who served as Amyrlin from 705 to 732 NE.
Primary,Main,LoC,Yes,1,Marce Eldin,Marce Eldin,Marce,Eldin,Marce,N/A,F,Human,Current,Novice,N/A,Unassigned,Unknown,Andor,Unknown,A Two Rivers girl with the ability to channel who was recruited by Verin and Alanna. She was about fifteen and stocky.
Primary,Main,TGS,Yes,1,Mardry,Mardry,Mardry,,Mardry,N/A,M,Human,Current,Uncertain,N/A,Unassigned,N/A,Unknown,Unknown,A bluff-faced man of Hinderstap with short dark hair. He gambled with Mat.
Primary,Main,KoD,Yes,1,Mareil,Mareil,Mareil,,Mareil,N/A,F,Human,Current,Wavemistress,N/A,Unassigned,N/A,Sea Folk,Unknown,"A Sea Folk Wavemistress, one of the First Twelve of the Atha’an Miere. Tall and slender, with white and black hair."
Primary,Main,ToM,Yes,1,Marek Cormer,Marek Cormer,Marek,Cormer,Marek,N/A,M,Human,Current,Soldier,N/A,Unassigned,N/A,Andor,Unknown,A Two Rivers man with Perrin in Ghealdan.
Primary,Main,LoC,No,0,Marel,Marel,Marel,,Marel,N/A,F,Human,Current,Uncertain,N/A,Unassigned,N/A,Unknown,Unknown,The twin sister of Charel. Sheriam used her to help break Theodrin’s block.
Primary,Main,LoC,Yes,1,Marewin,Marewin,Marewin,,Marewin,N/A,F,Human,Current,Amadician Noble,N/A,Unassigned,N/A,Amadicia,Unknown,A noblewoman in King Ailron’s Amadician court who attended Morgase. Slight and little more than a girl.
Primary,Main,TEotW,Yes,1,Mari,Mari,Mari,,Mari,N/A,F,Human,Current,Serving Girl,N/A,Unassigned,N/A,Andor,Unknown,"A serving girl at The Stag and Lion, in Baerlon, Andor. She helped serve dinner to Moiraine and companions."
Alias,Main,TDR,N/A,N/A,"Mari, Mistress",Mistress Mari,Mistress,Mari,Mistress Mari,Moiraine Damodred,N/A,N/A,N/A,N/A,N/A,N/A,N/A,N/A,N/A,An alias used by Moiraine in Illian; it was the name that Nieda knew her by.
Primary,Main,LoC,Yes,1,Maric (1),Maric,Maric,,Maric,N/A,F,Human,Current,Aiel Warrior,N/A,Unassigned,N/A,Aiel,Unknown,"An Aiel man who guarded Rand’s rooms in the palace in Cairhien. Misspelled as ""Marie"" in my eBook copy of LoC. "
Primary,Main,TGH,No,0,Maric (2),Maric,Maric,,Maric,N/A,M,Human,Future,Uncertain,N/A,Unassigned,N/A,Unknown,Unknown,Nynaeve’s son during her Accepted test.
Alias,Main,TFoH,N/A,N/A,Marigan,Marigan,Marigan,,Marigan,Moghedien,N/A,N/A,N/A,N/A,N/A,N/A,N/A,N/A,N/A,A woman Elayne and Nynaeve met on the Riverserpent on the way to Salidar. Actually Moghedien in disguise.
Primary,Main,WH,Yes,1,Marille,Marille,Marille,,Marille,N/A,F,Human,Current,Damane,N/A,Unassigned,Unknown,Seanchan,Unknown,A damane from Seanchan who was captured in the campaign against the Seanchan.
Primary,Main,TDR,Yes,6,Marillin Gemalphin,Marillin Gemalphin,Marillin,Gemalphin,Marillin,N/A,F,Human,Current,Aes Sedai,Brown,Yes,15(3),Andor,848 NE,"An Andoran Aes Sedai of the Brown Ajah, but really Black Ajah. Skinny with light brown hair and blue eyes."
Primary,Main,TEotW,Yes,10,Marin al'Vere,Marin al'Vere,Marin,al'Vere,Marin,N/A,F,Human,Current,Innkeeper,N/A,Unassigned,N/A,Andor,940 NE,An Emond’s Field woman who was the wife of Bran al’Vere and with him ran The Winespring Inn.
Primary,Main,TSR,No,0,Marind,Marind,Marind,,Marind,N/A,M,Human,Historic,Da'shain Aiel,N/A,Unassigned,N/A,Unknown,Unknown,"A Da’shain Aiel man from after the Breaking. His parents were Adan and Siedre,."
Primary,Main,TFoH,Yes,4,"Maringil, Lord",Lord Maringil,Maringil,,Maringil,N/A,M,Human,Current,Cairhienin Noble,N/A,Unassigned,N/A,Cairhien,Unknown,"A Cairhienin nobleman from a major House. Tall for a Cairhienin, he was whip-slender with white hair to his shoulders."
Primary,Main,ToM,Yes,1,Marinna,Marinna,Marinna,,Marinna,N/A,F,Human,Future,Uncertain,N/A,Unassigned,N/A,Unknown,Unknown,"One of Rand and Aviendha’s quadruplets, seen in Aviendha’s viewings of the future in Rhuidean."
Primary,Main,LoC,Yes,1,Marisa Ahan,Marisa Ahan,Marisa,Ahan,Marisa,N/A,F,Human,Current,Novice,N/A,Unassigned,Unknown,Andor,Unknown,"A Two Rivers girl with channeling ability who was recruited by Verin and Alanna. About sixteen, she was pretty."
Primary,Main,TGH,No,0,Marisa Ayellin,Marisa Ayellin,Marisa,Ayellin,Marisa,N/A,F,Human,Current,Uncertain,N/A,Unassigned,N/A,Andor,Unknown,A Two Rivers girl (originally Neysa; changed in later editions). Mat claimed that she thought he was handsome.
Primary,NS,NS,Yes,1,"Marishna, Mistress",Mistress Marishna,Mistress,Marishna,Mistress,N/A,F,Human,Current,Uncertain,N/A,Unassigned,N/A,Kandor,Unknown,"A young Kandori woman in Manala. Moiraine, seeking the infant Dragon Reborn, spoke to her."
Primary,World,World,No,0,Marith Jaen,Marith Jaen,Marith,Jaen,Marith,N/A,F,Human,Historic,Aes Sedai,Blue,No,Unknown,Unknown,700 NE,"An Aes Sedai of the Blue Ajah. Born in 700 NE, she went to the White Tower in 717 NE."
Primary,Main,TGH,Yes,1,Marith Riven,Marith Riven,Marith,Riven,Marith,N/A,F,Human,Current,Aes Sedai,Brown,No,18(6),Murandy,968 NE,"A Murandian Aes Sedai of the Brown Ajah and a loyalist. Marith was 5'6"" tall and had not attained the ageless look."
Primary,World,World,No,0,Marithelle Camaelaine,Marithelle Camaelaine,Marithelle,Camaelaine,Marithelle,N/A,F,Human,Historic,Leader,N/A,Unassigned,N/A,Unknown,Unknown,A leader who tried to seize Hawkwing’s empire after his death.
Primary,Main,TGS,No,0,Marks,Marks,Marks,,Marks,N/A,U,Dog,Current,Dog,N/A,Unassigned,N/A,Unknown,Unknown,"A hound who ran away when Mandevwin was just seven, in Mat’s elaborate fiction.."
Primary,Main,TGS,Yes,1,Marlesh,Marlesh,Marlesh,,Marlesh,N/A,M,Human,Current,Warder,N/A,Unassigned,N/A,Unknown,Unknown,"Vasha’s Warder. They had a casual relationship, much like that of a brother and sister. He was a short, narrow man."
Primary,Main,WH,Yes,1,Marli Noichin,Marli Noichin,Marli,Noichin,Marli,N/A,F,Human,Current,Sul'dam,N/A,Unassigned,Unknown,Seanchan,Unknown,"A captured sul’dam, held by Elayne’s group in Caemlyn. Plump with dark eyes, she wore plain brown wool."
Primary,Main,TPoD,Yes,3,Marline,Marline,Marline,,Marline,N/A,F,Human,Current,Wise One,N/A,Unassigned,28(16),Aiel,Unknown,"A Wise One of the Taardad Aiel with the ability to channel. She was 5'8½"" tall, with dark brown hair (rare among Aiel)."
Primary,Main,TDR,Yes,1,Marris Thornhill,Marris Thornhill,Marris,Thornhill,Marris,N/A,F,Human,Current,Aes Sedai,Brown,Yes,44(32),Andor,Unknown,"An Andoran Aes Sedai of the Brown Ajah, but actually Black Ajah. Plump-chinned, she usually seemed mild."
Primary,Main,TGS,Yes,1,Marsial,Marsial,Marsial,,Marsial,N/A,F,Human,Current,Novice,N/A,Unassigned,Unknown,Unknown,Unknown,A novice in the White Tower who Egwene sent to fetch forkroot that could be administered to Egwene herself.
Primary,Main,ToM,No,0,Marsim of Manetheren,Marsim of Manetheren,Marsim,,Marsim,N/A,F,Human,Historic,Scholar,N/A,Unassigned,N/A,Unknown,Unknown,An ancient scholar who compiled the Annals of the Final Nights about the War of Power. She was considered reliable.
Primary,NS,NS,Yes,1,Martan,Martan,Martan,,Martan,N/A,M,Human,Current,Clerk,N/A,Unassigned,N/A,Unknown,Unknown,A handsome young clerk in the White Tower. He and Mistress Wellin were sent to copy names of mothers and babies.
Primary,Main,TGS,No,0,Marthea,Marthea,Marthea,,Marthea,N/A,F,Human,Current,Maiden of the Spear,N/A,Unassigned,N/A,Aiel,Unknown,A Shaido Maiden of the Spear who was Arrela’s protector and lover while she was gai’shain.
Primary,Main,TGS,No,0,Marthera,Marthera,Marthera,,Marthera,N/A,F,Human,Current,Aes Sedai,Green,No,Unknown,Unknown,Unknown,An Aes Sedai of the Green Ajah who Adelorna saw captured by the Seanchan during the attack on the White Tower.
Alias,Main,TPoD,N/A,N/A,Martine Janata,Martine Janata,Martine,Janata,Martine,Setalle Anan,F,Human,Current,Aes Sedai,Brown,No,14(2),Borderlands,902 NE,Setalle Anan's original name. An Aes Sedai of the Brown Ajah; she was burned out by experimenting with ter'angreal.
Primary,Main,TGS,No,0,Martna Baily,Martna Baily,Martna,Baily,Martna,N/A,F,Human,Current,Piemaker,N/A,Unassigned,N/A,Unknown,Unknown,A fictional pie maker in Hinderstap invented by Mat.
Primary,Main,TEotW,Yes,20,Martyn Tallanvor,Martyn Tallanvor,Martyn,Tallanvor,Tallanvor,N/A,M,Human,Current,Queen's Guard,N/A,Unassigned,N/A,Unknown,971 NE,"A Guardsman-Lieutenant in Morgase’s Queen’s Guards. About six feet tall, he had dark eyes and broad shoulders."
Primary,World,World,No,0,Marya Somares,Marya Somares,Marya,Somares,Marya,N/A,F,Human,Historic,Aes Sedai,Gray,No,Unknown,Tear,Unknown,A Tairen Aes Sedai of the Gray Ajah. Tall and slender with dark deep-set eyes.
Alias,Main,TDR,N/A,N/A,"Maryim, Mistress",Mistress Maryim,Maryim,,Maryim,Nynaeve al'Meara,N/A,N/A,N/A,N/A,N/A,N/A,N/A,N/A,N/A,"An alias used by Nynaeve when traveling from Tar Valon to Tear, and in Tear."
Primary,Main,WH,Yes,1,Maryl Harke,Maryl Harke,Maryl,Harke,Maryl,N/A,F,Human,Current,Inventor,N/A,Unassigned,N/A,Unknown,Unknown,A member of the Academy of Cairhien who made gliders. A lanky young woman. She appears unnamed in LoC.
Primary,Main,CoT,Yes,1,Masalin,Masalin,Masalin,,Masalin,N/A,F,Human,Current,Wise One,N/A,Unassigned,N/A,Aiel,Unknown,A gray-haired Shaido Wise One who could not channel. She gave advice to a man about his horse’s ailment.
Primary,Main,TGH,Yes,19,Masema Dagar,Masema Dagar,Masema,Dagar,Masema,N/A,M,Human,Current,Soldier,N/A,Unassigned,N/A,Shienar,Unknown,A common Shienaran soldier who began calling himself the Prophet of the Lord Dragon.
Primary,Main,ACoS,No,0,Mashera Donavelle,Mashera Donavelle,Mashera,Donavelle,Mashera,N/A,F,Human,Historic,Aes Sedai,Unknown,No,Unknown,Unknown,Unknown,An Aes Sedai from history who went against her inclinations in obedience to the White Tower and bore seven children.
Primary,Main,LoC,Yes,1,Masic,Masic,Masic,,Masic,N/A,M,Human,Current,Uncertain,N/A,Unassigned,N/A,Altara,Unknown,"An Ebou Dari man who was killed in a knife fight with Baris. Asra tried to Heal him, but was not successful."
Primary,Main,LoC,Yes,26,Masuri Sokawa,Masuri Sokawa,Masuri,Sokawa,Masuri,N/A,F,Human,Current,Aes Sedai,Brown,No,16(4),Arafel,935 NE,"An Arafellin Aes Sedai of the Brown Ajah and the rebel contingent. Masuri was 5'4"" tall, and slim, with brown eyes."
Primary,Main,TDR,Yes,1,Masuto,Masuto,Masuto,,Masuto,N/A,M,Human,Current,Soldier,N/A,Unassigned,N/A,Shienar,Unknown,A Shienaran soldier with a long nose who went with Rand and Ingtar to reclaim the Horn of Valere.
Primary,Main,TEotW,No,0,Materese the Healer,Materese the Healer,Materese,,Materese,N/A,F,Human,Unknown,Story Character,N/A,Unassigned,N/A,Unknown,Unknown,"Mother of the Wondrous Ind, featured in one of Thom Merrilin’s tales."
Primary,Main,TFoH,No,0,Mathena,Mathena,Mathena,,Mathena,N/A,F,Human,Historic,Uncertain,N/A,Unassigned,N/A,Unknown,Unknown,A woman from history who shied away from men until she was kissed.
Primary,Main,ACoS,Yes,1,Matilde,Matilde,Matilde,,Matilde,N/A,F,Human,Current,Servant,N/A,Unassigned,N/A,Altara,Unknown,A serving woman in the Tarasin Palace in Ebou Dar. Sshe was skinny and wore a marriage knife.
Primary,Main,KoD,Yes,1,Matoun,Matoun,Matoun,,Matoun,N/A,M,Human,Current,Soldier,N/A,Unassigned,N/A,Unknown,Unknown,A lancer with Bashere’s army.
Primary,Main,TEotW,Yes,202,Matrim Cauthon,Matrim Cauthon,Matrim,Cauthon,Mat,N/A,M,Human,Current,Ta'veren,N/A,Unassigned,N/A,Andor,978 NE,"A young ta’veren man from Emond’s Field. The son of Abell and Natti, he had two younger sisters, Bode and Eldrin."
Primary,Main,TFoH,Yes,2,Mattin Stepaneos den Balgar,Mattin Stepaneos den Balgar,Mattin,Stepaneos den Balgar,Mattin Stepaneos,N/A,M,Human,Current,King,N/A,Unassigned,N/A,Illian,Unknown,"The King of Illian. Old but still robust. Almost bald, with a white beard and a creased face."
Primary,Main,ToM,Yes,1,"Mavabwin, Lord",Lord Mavabwin,Lord,Mavabwin,Lord Mavabwin,N/A,M,Human,Current,Cairhienin Noble,N/A,Unassigned,N/A,Cairhien,Unknown,A Cairhienin nobleman of middling power who Elayne thought could be a roadblock to her ascending the Sun Throne.
Primary,Main,TEotW,No,0,Mavra Mallen,Mavra Mallen,Mavra,Mallen,Mavra,N/A,F,Human,Current,Wisdom,N/A,Unassigned,N/A,Andor,Unknown,The Wisdom of Deven Ride. She temporarily took Nynaeve’s place in Emond’s Field.
Primary,Main,LoC,No,0,Mayam Colona,Mayam Colona,Mayam,Colona,Mayam,N/A,F,Human,Current,Aes Sedai,White,No,21(9),Tear,960 NE,"A Tairen Aes Sedai of the White Ajah and a loyalist. She was 5'6"" and slim, with dark skin, black eyes and black hair."
Primary,Main,ACoS,Yes,1,Maylin,Maylin,Maylin,,Maylin,N/A,F,Human,Current,Serving Girl,N/A,Unassigned,N/A,Altara,Unknown,A serving girl at The Old Sheep in Ebou Dar; one of the most remarkably pretty women Mat had ever seen.
Primary,Main,CoT,No,0,Mayv Gilyard,Mayv Gilyard,Mayv,Gilyard,Mayv,N/A,F,Human,Current,Andoran Noble,N/A,Unassigned,N/A,Andor,Unknown,"An Andoran noblewoman who was the guardian of Branlet Gilyard, until she died in a riding accident."
Primary,Main,ToM,Yes,3,Mazone,Mazone,Mazone,,Mazone,N/A,M,Human,Current,Youngling,N/A,Unassigned,N/A,Unknown,Unknown,A Youngling who wanted to join the Tower Guard instead of becoming a Warder; killed by one of the Bloodknives.
Primary,Main,TGH,Yes,17,Mazrim Taim,Mazrim Taim,Mazrim,Taim,Taim,N/A,M,Human,Current,Asha'man,N/A,Yes,Unknown,Saldaea,972 NE,"False Dragon from Saldaea. Not a Darkfriend originally. Later became the Forsaken M'hael. Once misprounced as ""Maseem""."
Primary,Main,TFoH,No,0,Meane sol Ahelle,Meane sol Ahelle,Meane,sol Ahelle,Meane,N/A,U,Human,Current,Composer,N/A,Unassigned,N/A,Unknown,Unknown,The composer of “Glory of the Dragon” in the Fourth Age.
Primary,Main,TGS,No,0,Meashan Dubaris,Meashan Dubaris,Meashan,Dubaris,Meashan,N/A,F,Human,Current,Council of Merchants,N/A,Unassigned,N/A,Arad Doman,Unknown,A member of the Domani Council of Merchants. She was killed by a mob during the unrest in Bandar Eban.
Primary,Main,TFoH,Yes,1,Meciar,Meciar,Meciar,,Meciar,N/A,M,Human,Current,Aiel Warrior,N/A,Unassigned,N/A,Aiel,Unknown,An Aiel member of the Night Spear society who wore the red headband of the siswai’aman.
Primary,World,World,No,0,Medanor Eramandos,Medanor Eramandos,Medanor,Eramandos,Medanor,N/A,F,Human,Historic,Aes Sedai,Gray,No,Unknown,Unknown,Unknown,An Aes Sedai of the Gray Ajah who served as Amyrlin from 142 to 171 NE. Medanor was a fairly strong Amyrlin.
Primary,Main,TSR,Yes,4,Medore Damara,Medore Damara,Medore,Damara,Medore,N/A,F,Human,Current,Tairen Noble,N/A,Unassigned,N/A,Tear,Unknown,A Tairen noblewoman who was one of the daughters of High Lord Astoril; Estean once thought he might marry her.
Primary,Main,ACoS,No,0,Megana,Megana,Megana,,Megana,N/A,F,Human,Current,Wise One,N/A,Unassigned,N/A,Aiel,Unknown,An Aiel Wise One mentioned along with Bair as setting watches for Rand’s return in Cairhien after Dumai’s Wells.
Primary,Main,KoD,Yes,1,Mehtan,Mehtan,Mehtan,,Mehtan,N/A,M,Human,Current,Clerk,N/A,Unassigned,N/A,Unknown,Unknown,"One of the Seanchan military clerks in Captain Faloun’s office in Almizar, Amadicia. He was eaten by beetles."
Primary,Main,CoT,Yes,6,Meidani Eschede,Meidani Eschede,Meidani,Eschede,Meidani,N/A,F,Human,Current,Aes Sedai,Gray,No,17(5),Arafel,949 NE,"An Arafellin Aes Sedai of the Gray Ajah and the rebel contingent. 5'8"" tall, slim and pretty, with dark golden hair."
Primary,Main,TSR,Yes,9,Meilan Mendiana,Meilan Mendiana,Meilan,Mendiana,Meilan,N/A,M,Human,Current,Tairen Noble,N/A,Unassigned,N/A,Unknown,Unknown,"A High Lord of Tear. Tall for a Tairen, he was lean and hard with gray hair, dark eyes, a pointed beard and oily voice."
Primary,NS,NS,Yes,2,Meilyn Arganya,Meilyn Arganya,Meilyn,Arganya,Meilyn,N/A,F,Human,Current,Aes Sedai,White,No,10(+3),Unknown,698 NE,"An Aes Sedai of the White Ajah. About 5'8"" tall, she had silver-gray hair, blue eyes and a thrusting chin."
Primary,Main,ACoS,Yes,4,Meira,Meira,Meira,,Meira,N/A,F,Human,Current,Wise One,N/A,Unassigned,24(12),Aiel,Unknown,"A Wise One of the Shaido Aiel with the ability to channel. About 5'6"" tall, with a long face, blue eyes and thin mouth."
Primary,Main,ToM,Yes,1,Meise,Meise,Meise,,Meise,N/A,F,Human,Future,Uncertain,N/A,Unassigned,N/A,Aiel,Unknown,"A young Aiel girl, the daughter of Norlesh and Metalan, seen in Aviendha’s visions of the future in Rhuidean."
Primary,Main,TDR,Yes,38,Melaine,Melaine,Melaine,,Melaine,N/A,F,Human,Current,Wise One,N/A,Unassigned,17(5),Aiel,Unknown,A Wise One of the Jhirad sept of the Goshien Aiel with the ability to channel. She had red-gold hair and green eyes.
Primary,Main,TFoH,Yes,1,Melanril Asegora,Melanril Asegora,Melanril,Asegora,Melanril,N/A,M,Human,Current,Tairen Noble,N/A,Unassigned,N/A,Tear,Unknown,"A young Tairen nobleman. He had dark eyes, a sharp nose and a pointed beard."
Primary,Main,KoD,Yes,2,Melare,Melare,Melare,,Melare,N/A,F,Human,Current,Aes Sedai,Red,Turned,Unknown,Andor,Unknown,An Andoran Aes Sedai of the Red Ajah and the loyalist contingent. Plump with ample hips and bright blue eyes.
Primary,Main,TGS,Yes,1,Melarned,Melarned,Melarned,,Melarned,N/A,M,Human,Current,Soldier,N/A,Unassigned,N/A,Unknown,Unknown,One of Ituralde’s officers present at Ituralde’s first meeting with Rand; he was squat.
Primary,World,World,No,0,"Melasune, Queen",Queen Melasune,Melasune,,Melasune,N/A,F,Human,Historic,Queen,N/A,Unassigned,N/A,Andor,Unknown,A queen of Andor during the War of the Hundred Years who reigned from FY 1035 to FY 1046.
Primary,Main,KoD,Yes,1,Melavaire Someinellin,Melavaire Someinellin,Melavaire,Someinellin,Melavaire,N/A,F,Human,Current,Aes Sedai,Gray,No,Unknown,Cairhien,Unknown,A stout Cairhienin Aes Sedai of the Gray Ajah and the loyalist contingent. White flecked her dark hair. She was kindly.
Primary,Main,KoD,Yes,3,Melfane Dawlish,Melfane Dawlish,Melfane,Dawlish,Melfane,N/A,F,Human,Current,Midwife,N/A,Unassigned,N/A,Unknown,Unknown,"The niece of Elayne’s maid Essande. Stout and jolly, but firm, Melfane was a midwife and dispenser of herbs."
Primary,Main,TGH,No,0,Melia,Melia,Melia,,Melia,N/A,F,Human,Current,Uncertain,N/A,Unassigned,N/A,Shienar,Unknown,Hurin’s Shienaran wife.
Primary,Main,TFoH,Yes,7,Melindhra,Melindhra,Melindhra,,Melindhra,N/A,F,Human,Current,Maiden of the Spear,N/A,Yes,N/A,Aiel,Unknown,A woman of the Jumai sept of the Shaido Aiel and Far Dareis Mai. She was taller than Mat with gold hair.
Primary,Main,TFoH,No,0,Melisinde,Melisinde,Melisinde,,Melisinde,N/A,F,Human,Unknown,Story Character,N/A,Unassigned,N/A,Unknown,Unknown,"A female character in The Flame, the Blade and the Heart. Egwene read about her one night before going to sleep."
Primary,Main,CoT,Yes,4,Melitene,Melitene,Melitene,,Melitene,N/A,F,Human,Current,Der'sul'dam,N/A,Unassigned,Unknown,Seanchan,Unknown,Tuon’s der’sul’dam. She had less black than gray in her long hair.
Primary,Main,ToM,Yes,1,Melli Craeb,Melli Craeb,Melli,Craeb,Melli,N/A,F,Human,Current,Tavern Owner,N/A,Unassigned,N/A,Unknown,Unknown,"The owner of The Seven-Striped Lass, a tavern in Caemlyn. She was pretty, with a round face, and a nice bosom."
Primary,Main,ACoS,Yes,1,Melore,Melore,Melore,,Melore,N/A,F,Human,Current,Kinswoman,N/A,Unassigned,Unknown,Arad Doman,Unknown,A Domani Kin who was part of the Knitting Circle. She was plump with a nice bosom. Killed by the gholam.
Primary,Main,AMoL,Yes,2,Melten,Melten,Melten,,Melten,N/A,M,Human,Current,Band of the Red Hand,N/A,Unassigned,N/A,Unknown,Unknown,"A lean, mop-haired member of the Band of the Red Hand who dressed like an Andoran but spoke like a Borderlander."
Primary,Main,TGS,No,0,Melvara,Melvara,Melvara,,Melvara,N/A,F,Human,Current,Aes Sedai,Unknown,Yes,Unknown,Unknown,Unknown,An Aes Sedai whose name was on Verin’s list of Black Ajah.
Primary,Main,TFoH,No,0,Memara,Memara,Memara,,Memara,N/A,F,Human,Current,Aes Sedai,Red,No,34(22),Unknown,Unknown,An Aes Sedai of the Red Ajah and the loyalist contingent. She seemed pleasant but had an intense personality.
Primary,Main,TPoD,Yes,1,Mendan,Mendan,Mendan,,Mendan,N/A,M,Human,Current,Aiel Warrior,N/A,Unassigned,N/A,Aiel,Unknown,"An Aielman who with Coram guarded Verin in the Aiel camp, when she questioned the Aes Sedai prisoners."
Primary,Main,TFoH,No,0,Mendao,Mendao,Mendao,,Mendao,N/A,M,Human,Current,Soldier,N/A,Unassigned,N/A,Shienar,Unknown,A Shienaran soldier who traveled with Perrin and Ingtar in search of the Horn of Valere.
Primary,Main,LoC,Yes,1,Meneril Chuliandred,Meneril Chuliandred,Meneril,Chuliandred,Meneril,N/A,M,Human,Current,Cairhienin Noble,N/A,Unassigned,N/A,Cairhien,Unknown,"A young Cairhienin lesser noble, brother of Doressin and brother-in-law to Lady Alaine Chuliandred."
Primary,Main,TPoD,No,0,Menuki Nachiman,Menuki Nachiman,Menuki,Nachiman,Menuki,N/A,F,Human,Current,Arafellin Noble,N/A,Unassigned,N/A,Arafel,Unknown,The wife of King Paitar of Arafel. They were devoted to one another; Menuki knew that he was hers to his bootsoles.
Primary,Main,TFoH,Yes,3,Mer,Mer,Mer,,Mer,N/A,M,S'redit,Current,Luca's Circus,N/A,Unassigned,N/A,Seanchan,Unknown,A bull s’redit tended by Cerandin in Valan Luca’s circus. Luca called it a “boar-horse” to deflect from its true identity.
Primary,Main,LoC,Yes,1,Mera,Mera,Mera,,Mera,N/A,F,Human,Current,Uncertain,N/A,Unassigned,N/A,Aiel,Unknown,An Aiel woman whose daughter was a Wise One’s apprentice; she also had two other daughters and two grown sons.
Primary,Main,TPoD,Yes,1,Meralda Belmondes,Meralda Belmondes,Meralda,Belmondes,Meralda,N/A,F,Human,Current,Cha Faile,N/A,Unassigned,N/A,Tear,Unknown,"A Tairen woman who was a member of Cha Faile. Almost 5'7"" tall, she was solid with a very dark complexion."
Primary,Main,ToM,No,0,Meramor,Meramor,Meramor,,Meramor,N/A,F,Human,Current,Aes Sedai,Yellow,No,Unknown,Unknown,Unknown,An Aes Sedai of the Yellow Ajah and the loyalist contingent who welcomed Nynaeve into the Yellow Ajah.
Primary,Main,LoC,Yes,10,Merana Ambrey,Merana Ambrey,Merana,Ambrey,Merana,N/A,F,Human,Current,Aes Sedai,Gray,No,17(5),Andor,889 NE,"An Andoran Aes Sedai of the Gray Ajah and the rebel contingent. About 5'4"" tall with dark hair and hazel eyes."
Primary,NS,NS,Yes,9,Merean Redhill,Merean Redhill,Merean,Redhill,Merean,N/A,F,Human,Current,Aes Sedai,Blue,Yes,14(2),Andor,716 NE,"An Andoran Aes Sedai of the Blue Ajah but actually Black Ajah. She was 5'8"" tall, and plump, with graying hair."
Primary,Main,ToM,Yes,1,Merekel,Merekel,Merekel,,Merekel,N/A,M,Human,Current,Soldier,N/A,Unassigned,N/A,Shienar,Unknown,One of the group of Shienaran soldiers who joined Lan in eastern Kandor as he traveled toward Tarwin’s Gap.
Primary,Main,TFoH,Yes,1,Meresin Daganred,Meresin Daganred,Meresin,Daganred,Meresin,N/A,M,Human,Current,Cairhienin Noble,N/A,Unassigned,N/A,Cairhien,Unknown,"A Cairhienin nobleman and son of Lord Daganred. He was pale and slender with a long nose, and a narrow face."
Primary,Main,ACoS,Yes,1,Meri,Meri,Meri,,Meri,N/A,F,Human,Current,Maid,N/A,Unassigned,N/A,Unknown,Unknown,"A maid of Egwene’s, along with Selame and Chesa, who helped dress and undress her, and attended her."
Primary,NS,NS,Yes,1,Meri do Ahlan a'Conlin,Meri do Ahlan a'Conlin,Meri,do Ahlan a'Conlin,Meri,N/A,F,Human,Current,Murandian Noble,N/A,Unassigned,N/A,Murandy,Unknown,A Murandian noblewoman who claimed to be the descendant of the first queen of Murandy.
Primary,Main,WH,Yes,1,Merici,Merici,Merici,,Merici,N/A,F,Human,Current,Luca's Circus,N/A,Unassigned,N/A,Unknown,Unknown,"A woman in Valan Luca’s show who had the prettiest eyes, according to Olver."
Primary,Main,LoC,Yes,18,Merilille Ceandevin,Merilille Ceandevin,Merilille,Ceandevin,Merilille,N/A,F,Human,Current,Aes Sedai,Gray,No,22(10),Cairhien,827 NE,"A Cairhienin Aes Sedai of the Gray Ajah and the rebel contingent. About 5'1"" tall, pale and slender with dark eyes."
Primary,Main,WH,Yes,24,Merise Haindehl,Merise Haindehl,Merise,Haindehl,Merise,N/A,F,Human,Current,Aes Sedai,Green,No,14(2),Tarabon,798 NE,"A Taraboner Aes Sedai of the Green Ajah, uncommitted to any contingent. 5'7"" tall, with dark eyes and dark hair."
Primary,Main,TGS,Yes,1,Merk (1),Merk,Merk,,Merk,N/A,M,Human,Current,Farmhand,N/A,Unassigned,N/A,Unknown,Unknown,One of Renald Fanwar’s farmhands.
Primary,Main,TSR,No,0,Merk (1),Merk,Merk,,Merk,N/A,U,Giant,Unknown,Story Character,N/A,Unassigned,N/A,Unknown,Unknown,A character from the Age before the Age of Legends featured in a gleeman’s tale. He was a giant who fought Mosk.
Primary,Main,LoC,Yes,2,Mervin Poel,Mervin Poel,Mervin,Poel,Mervin,N/A,M,Human,Current,Inventor,N/A,Unassigned,N/A,Unknown,Unknown,An inventor and a member of Rand’s Academy of Cairhien who created a steamwagon. He was bearded and balding.
Primary,Main,TPoD,No,0,Merya,Merya,Merya,,Merya,N/A,F,Human,Current,Uncertain,N/A,Unassigned,N/A,Saldaea,Unknown,"A Saldaean woman with whom Elyas lived for a year. She shouted his ears off, and threw dishes at his head."
Primary,Main,KoD,No,0,Merym,Merym,Merym,,Merym,N/A,F,Human,Current,Aes Sedai,White,No,Unknown,Arafel,Unknown,An Arafellin Aes Sedai of the White Ajah and the loyalist contingent who was among those that caught Egwene.
Primary,Main,LoC,Yes,12,Mesaana,Mesaana,Mesaana,,Mesaana,N/A,F,Human,Current,Forsaken,N/A,Yes,2(+11),Unknown,Unknown,One of the Forsaken; her name before turning to the Shadow was Saine Tarasind. She posed as Danelle.
Primary,Main,ToM,Yes,1,Mestra,Mestra,Mestra,,Mestra,N/A,F,Human,Current,Aes Sedai,Unknown,Yes,Unknown,Unknown,Unknown,A member of the Black Ajah who had fled the Tower. Part of the group that attacked Egwene in Tel’aran’rhiod.
Primary,Main,ToM,Yes,1,Metalan,Metalan,Metalan,,Metalan,N/A,M,Human,Future,Uncertain,N/A,Unassigned,N/A,Aiel,Unknown,An Aiel man in the distant future seen in Aviendha’s visions in Rhuidean. His wife was Norlesh; they had five children.
Primary,Main,TPoD,Yes,2,Metarra din Junalle,Metarra din Junalle,Metarra,din Junalle,Metarra,N/A,F,Human,Current,Windfinder Apprentice,N/A,Unassigned,9(+4),Sea Folk,Unknown,"A Sea Folk Windfinder apprentice, too young to have earned a salt name. Slightly plump but physically strong."
Primary,Main,ACoS,Yes,8,Metwyn,Metwyn,Metwyn,,Metwyn,N/A,M,Human,Current,Band of the Red Hand,N/A,Unassigned,N/A,Cairhien,Unknown,"A Cairhienin Redarm in the Band of the Red Hand. He looked boyish, though he was about thirty years old."
Primary,Main,WH,Yes,4,Mezar Kurin,Mezar Kurin,Mezar,Kurin,Mezar,N/A,M,Human,Current,Asha'man,N/A,Unassigned,Unknown,Arad Doman,Unknown,A Domani Dedicated Asha’man associated with Logain. He bonded Adrielle of the Gray Ajah.
Primary,Main,ACoS,Yes,1,Micara,Micara,Micara,,Micara,N/A,F,Human,Current,Wise One,N/A,Unassigned,27(15),Aiel,Unknown,"A Wise One of the Shaido Aiel with the ability to channel. About 5'7"" tall, and young and pretty, she had red hair."
Alias,Main,TGH,N/A,N/A,Michael,Michael,Michael,,Michael,Mikel of the Pure Heart,N/A,N/A,N/A,N/A,N/A,N/A,N/A,N/A,N/A,Alternative version of Mikel that Mat remembers.
Primary,Main,CoT,No,0,Miedelle Caeren,Miedelle Caeren,Miedelle,Caeren,Miedelle,N/A,F,Human,Historic,Uncertain,N/A,Unassigned,N/A,Unknown,Unknown,Nasin Caeren’s wife; she died circa 970 NE.
Alias,Main,TSR,N/A,N/A,Mierin Eronaile,Mierin Eronaile,Mierin,Eronaile,Mierin,Lanfear,N/A,N/A,N/A,N/A,N/A,N/A,N/A,N/A,N/A,Lanfear’s original name.
Primary,Main,LoC,No,0,Miesa,Miesa,Miesa,,Miesa,N/A,F,Human,Current,Serving Woman,N/A,Unassigned,N/A,Unknown,Unknown,A serving woman to Delana Mosalaine.
Primary,NS,NS,No,0,Migel Sahera,Migel Sahera,Migel,Sahera,Migel,N/A,M,Human,Current,Uncertain,N/A,Unassigned,N/A,Unknown,978 NE,Avene Sahera’s son. His name was on the list of possible Dragons Reborn.
Primary,Main,AMoL,Yes,1,Mighty,Mighty,Mighty,,Mighty,N/A,U,Horse,Current,Horse,N/A,Unassigned,N/A,Unknown,Unknown,"Arganda’s horse, killed by a Trolloc in the Last Battle."
Primary,Main,AMoL,Yes,1,Mika,Mika,Mika,,Mika,N/A,F,Human,Current,Damane,N/A,Unassigned,Unknown,Unknown,Unknown,One of the damane. She has been assigned to help Mat.
Primary,Main,TGH,Yes,1,Mikel of the Pure Heart,Mikel of the Pure Heart,Mikel,,Mikel,N/A,M,Human,Current,Hero of the Horn,N/A,Unassigned,N/A,Unknown,Unknown,A Hero of the Horn. He appeared at the battle against the Seanchan at Falme.
Primary,Main,KoD,Yes,2,Mikhel Najirah,Mikhel Najirah,Mikhel,Najirah,Najirah,N/A,M,Human,Current,General,N/A,Unassigned,N/A,Seanchan,Unknown,A Seanchan Banner-General under Captain-General Galgan. He was lanky and graying.
Primary,WoTC,WoTC,No,0,Mikio Vadere,Mikio Vadere,Mikio,Vadere,Mikio,N/A,F,Human,Current,Aes Sedai,Green,No,18(6),Kandor,907 NE,"A Kandori Aes Sedai of the Green Ajah and rebel contingent. 5'5"" tall and plump, with black hair and dark brown eyes."
Primary,Main,LoC,Yes,1,Mil Tesen,Mil Tesen,Mil,Tesen,Old Mil,N/A,M,Human,Current,Peddler,N/A,Unassigned,N/A,Unknown,Unknown,A gossipy peddler with a floppy hat and a grizzled face. Gawyn encountered him in the Cairhienin countryside.
Primary,Main,LoC,No,0,Milam Harnder,Milam Harnder,Milam,Harnder,Milam,N/A,M,Human,Current,Librarian,N/A,Unassigned,N/A,Unknown,Unknown,"The Second Librarian in the Royal Palace, Caemlyn. A chubby man, he was a Brown Ajah agent."
Primary,Main,ACoS,Yes,8,Mili Skane,Mili Skane,Mili,Skane,Mili,N/A,F,Human,Current,Darkfriend,N/A,Yes,N/A,Andor,977 NE,"A woman from a village near Whitebridge who was a saddler’s daughter. Later went by ""Shiaine"" (a woman she killed)."
Primary,Main,TGH,No,0,"Mili, Goodwife",Goodwife Mili,Mili,,Goodwife Mili,N/A,F,Human,Unknown,Story Character,N/A,Unassigned,N/A,Unknown,Unknown,"The subject of a gleeman’s tale, “Goodwife Mili and the Silk Merchant.”"
Primary,Main,ToM,Yes,1,Milis din Shalada Three Stars,Milis din Shalada Three Stars,Milis,din Shalada Three Stars,Milis,N/A,F,Human,Current,Sailmistress,N/A,Unassigned,N/A,Sea Folk,Unknown,"The Sailmistress of the Whitecap, which took food to Bandar Eban. She had some gray in her straight black hair."
Primary,Main,TGS,Yes,2,Milisair Chadmar,Milisair Chadmar,Milisair,Chadmar,Milisair,N/A,F,Human,Current,Council of Merchants,N/A,Unassigned,N/A,Arad Doman,Unknown,"A member of the Domani Council of Merchants. Barely into her thirties, she had lots of curves and dark hair."
Primary,Main,LoC,Yes,1,Milla al'Azar,Milla al'Azar,Milla,al'Azar,Milla,N/A,F,Human,Current,Wisdom,N/A,Unassigned,N/A,Andor,Unknown,The young Wisdom of Taren Ferry who was chosen after the Trollocs wiped out the population of Taren Ferry.
Primary,Main,TSR,No,0,Milli Ayellin,Milli Ayellin,Milli,Ayellin,Milli,N/A,F,Human,Current,Uncertain,N/A,Unassigned,N/A,Andor,Unknown,A Two Rivers girl. She took the wolfhead banner to Leof Torfinn when Wil al’Seen didn’t want to carry it.
Primary,Main,CoT,No,0,"Millin, Mistress",Mistress Millin,Mistress,Millin,Mistress Millin,N/A,F,Human,Current,Farmer,N/A,Unassigned,N/A,Unknown,Unknown,A farmer in whose cow barn Gawyn and his Younglings stayed in Dorlan.
Primary,Main,CoT,No,0,Millis Fendry,Millis Fendry,Millis,Fendry,Millis,N/A,F,Human,Current,Innkeeper,N/A,Unassigned,N/A,Unknown,Unknown,"The innkeeper at The Hoop and Arrow in Caemlyn, and an eyes-and-ears for the Brown Ajah in the White Tower."
Primary,Main,WH,No,0,Milsa,Milsa,Milsa,,Milsa,N/A,F,Human,Current,Uncertain,N/A,Unassigned,N/A,Unknown,Unknown,"The wife of Zeram, a bootmaker, who was known for controlling the purse strings."
Primary,Main,TGS,Yes,1,Mirala,Mirala,Mirala,,Mirala,N/A,F,Human,Current,Uncertain,N/A,Unassigned,N/A,Borderlands,Unknown,"The daughter of Thulin, the blacksmith in Oak Water, a Borderlands village. Her mother was Gallanha."
Primary,Main,KoD,No,0,Mirane Larinen,Mirane Larinen,Mirane,Larinen,Mirane,N/A,F,Human,Current,Kinswoman,N/A,Unassigned,Unknown,Unknown,Unknown,A Kinswoman who traveled with Elayne to Caemlyn. She was killed by Careane Fransi.
Primary,Main,LoC,No,0,Miren,Miren,Miren,,Miren,N/A,F,Human,Current,Uncertain,N/A,Unassigned,N/A,Andor,Unknown,"One of Min’s aunts. She never married, but while all three of her aunts gave advice about men, and everything else."
Primary,Main,TGS,No,0,Miri,Miri,Miri,,Miri,N/A,F,Human,Current,Damane,N/A,Unassigned,Unknown,Unknown,Unknown,"A tall, pale-haired damane killed during Semirhage’s attempted capture of Rand."
Primary,WoTC,WoTC,No,0,Mirlene Cornwell,Mirlene Cornwell,Mirlene,Cornwell,Mirlene,N/A,F,Human,Current,Aes Sedai,Green,No,26(14),Andor,867 NE,An Andoran Aes Sedai of the Green Ajah and the loyalist contingent. She was part of the expedition to kidnap Rand.
Primary,Main,WH,No,0,Mishael,Mishael,Mishael,,Mishael,N/A,M,Human,Current,Uncertain,N/A,Unassigned,N/A,Sea Folk,Unknown,An Atha’an Miere man who was the husband of Shalon.
Primary,Main,TDR,Yes,10,Mist,Mist,Mist,,Mist,N/A,F,Horse,Current,Horse,N/A,Unassigned,N/A,Unknown,Unknown,"A gray mare that belonged to brigands. After the brigands were killed, Egwene claimed and named her."
Primary,World,World,No,0,Mitsora Caal,Mitsora Caal,Mitsora,Caal,Mitsora,N/A,F,Human,Historic,Aes Sedai,Unknown,No,Unknown,Unknown,Unknown,An Aes Sedai who lived at the time of the formation of the White Tower.
Primary,Main,KoD,Yes,2,Miyasi,Miyasi,Miyasi,,Miyasi,N/A,F,Human,Current,Aes Sedai,White,Yes,Unknown,Unknown,Unknown,"An Aes Sedai of the White Ajah, but actually Black. Of the loyalists, she was tall and plump with iron-gray hair."
Primary,Main,CoT,Yes,3,Miyora,Miyora,Miyora,,Miyora,N/A,F,Human,Current,Luca's Circus,N/A,Unassigned,N/A,Unknown,Unknown,A woman with a leopard act in Valan Luca’s show. She was plump and wore skirts that glittered with silvery spangles.
Primary,Main,WH,Yes,3,Moad din Nopara Red Hawk,Moad din Nopara Red Hawk,Moad,din Nopara Red Hawk,Moad,N/A,M,Human,Current,Swordmaster,N/A,Unassigned,N/A,Sea Folk,Unknown,"An Atha’an Miere man who was Swordmaster to Harine din Togara Two Winds, Wavemistress of Clan Shodein."
Primary,World,World,No,0,Modair,Modair,Modair,,Modair,N/A,M,Human,Historic,Noble,N/A,Unassigned,N/A,Unknown,FY 942,A son of Artur Hawkwing and Amaline Paendrag Tagora. He and his twin sister Amira were born in FY 942.
Primary,Main,ACoS,Yes,4,Modarra,Modarra,Modarra,,Modarra,N/A,F,Human,Current,Wise One,N/A,Unassigned,25(13),Aiel,Unknown,"A Wise One of the Shaido Aiel (not a Jumai) with the ability to channel. At 6'2"", she was as tall as most Aielmen."
Primary,Main,TDR,No,0,"Modrellein, Queen",Queen Modrellein,Modrellein,,Queen Modrellein,N/A,F,Human,Historic,Queen,N/A,Unassigned,N/A,Andor,Unknown,A queen of Andor some seven hundred years before Elayne went to the White Tower.
Primary,Main,TSR,Yes,25,Moghedien,Moghedien,Moghedien,,Moghedien,N/A,F,Human,Current,Forsaken,N/A,Yes,4(+9),Unknown,Unknown,One of the Forsaken. She was also called the Spider. Her name in the Age of Legends was Lillen Moiral.
Primary,Main,TDR,No,0,Moilin,Moilin,Moilin,,Moilin,N/A,F,Ogier,Historic,Author,N/A,Unassigned,N/A,Unknown,Unknown,An Ogier woman who was the author of A Study of the War of the Shadow.
Primary,Main,TEotW,Yes,132,Moiraine Damodred,Moiraine Damodred,Moiraine,Damodred,Moiraine,N/A,F,Human,Current,Aes Sedai,Blue,No,13(1),Cairhien,956 NE,A Cairhienin Aes Sedai of the Blue Ajah. After her imprisonment by the Eelfinn her strength was reduced to 66(54).
Primary,Main,WH,Yes,2,Monaelle,Monaelle,Monaelle,,Monaelle,N/A,F,Human,Current,Wise One,N/A,Unassigned,45(33),Aiel,Unknown,"A Wise One of the Goshien Aiel with the ability to channel. About 5'6"" tall, she was short for an Aiel woman."
Primary,Main,ToM,Yes,1,Montem al'San,Montem al'San,Montem,al'San,Montem,N/A,M,Human,Current,Soldier,N/A,Unassigned,N/A,Andor,Unknown,A Two Rivers man in Perrin’s army. He was guarding Perrin.
Primary,Main,TFoH,Yes,2,Moonflower,Moonflower,Moonflower,,Moonflower,N/A,F,Horse,Current,Horse,N/A,Unassigned,N/A,Unknown,Unknown,Leane’s gray mare that she rode from Tar Valon to Salidar.
Primary,Main,ToM,Yes,1,Moonglow,Moonglow,Moonglow,,Moonglow,N/A,F,Horse,Current,Horse,N/A,Unassigned,N/A,Tear,Unknown,"A mare of Tairen stock that belonged to a member of the Band of the Red Hand. He died, and Joline took her."
Alias,Main,TDR,N/A,N/A,Moonhunter,Moonhunter,Moonhunter,,Moonhunter,Lanfear,N/A,N/A,N/A,N/A,N/A,N/A,N/A,N/A,N/A,The wolves’ name for Lanfear.
Primary,Main,TGS,Yes,1,Moonlight,Moonlight,Moonlight,,Moonlight,N/A,F,Horse,Current,Horse,N/A,Unassigned,N/A,Unknown,Unknown,A white mare ridden by Nynaeve when she accompanied Rand to meet the Borderland rulers.
Primary,Main,AMoL,Yes,6,Moonshadow,Moonshadow,Moonshadow,,Moonshadow,N/A,F,Horse,Current,Horse,N/A,Unassigned,N/A,Unknown,Unknown,"A deep brown mare from royal stables in Caemlyn, ridden by Elayne during the Last Battle."
Primary,Main,ToM,Yes,1,Moor,Moor,Moor,,Moor,N/A,M,Human,Current,Farmhand,N/A,Unassigned,N/A,Unknown,Unknown,A hired hand at Almen Bunt’s sister Alysa’s apple orchard in Andor.
Primary,Main,ToM,No,0,Mop,Mop,Mop,,Mop,N/A,M,Human,Unknown,Story Character,N/A,Unassigned,N/A,Unknown,Unknown,Fictional character Mat concocted to explain the advantages of lacking responsibility to Setalle.
Primary,Main,LoC,No,0,Mora (1),Mora,Mora,,Mora,N/A,F,Human,Historic,Wise One,N/A,Unassigned,Unknown,Aiel,Unknown,"A Wise One of the Shaarad Aiel at Colrada Hold with the ability to channel. A dreamwalker, she taught Bair."
Primary,Main,ToM,Yes,1,Mora (2),Mora,Mora,,Mora,N/A,F,Human,Future,Wise One,N/A,Unassigned,N/A,Aiel,Unknown,A Wise One of the Goshien Aiel several generations after the Last Battle. Seen in Aviendha’s vision of the future.
Primary,Main,TGS,Yes,1,Moradri,Moradri,Moradri,,Moradri,N/A,F,Human,Current,Aes Sedai,Green,No,Unknown,Mayene,Unknown,An Aes Sedai of the Green Ajah. A long-limbed Mayener who had two Mayener Warders; possibly her brothers.
Primary,Main,TGS,Yes,1,Mord,Mord,Mord,,Mord,N/A,M,Human,Current,Thug,N/A,Unassigned,N/A,Arad Doman,Unknown,"A broken-nosed Domani thug who worked for Jorgin, Milisair’s questioner, in the torture business."
Primary,Main,TSR,Yes,1,Mordaine,Mordaine,Mordaine,,Mordaine,N/A,F,Human,Historic,Jenn Aiel,N/A,Unassigned,N/A,Jenn Aiel,Unknown,"A Jenn Aiel woman during the building of Rhuidean. She, Dermon and Narisse met with the Aiel clan chiefs."
Primary,Main,TEotW,Yes,1,Mordeth,Mordeth,Mordeth,,Mordeth,N/A,M,Human,Current,Councilor,N/A,Unassigned,N/A,Unknown,Unknown,A councilor who convinced Aridhol to use the Darkfriends’ ways against the Darkfriends. Merged with Padan Fain.
Primary,Main,TFoH,No,0,Mordrellen Mantear,Mordrellen Mantear,Mordrellen,Mantear,Mordrellen,N/A,F,Human,Historic,Queen,N/A,Unassigned,N/A,Andor,Unknown,A queen of Andor who took the throne in 964 NE after the death of her mother Dolera.
Primary,Main,AMoL,Yes,1,Morear,Morear,Morear,,Morear,N/A,M,Human,Current,Soldier,N/A,Unassigned,N/A,Unknown,Unknown,"A member of Jarid Sarand’s personal guard. Faced with Jarid’s growing insanity, Morear and the other men rebelled."
Primary,Main,LoC,No,0,Morel,Morel,Morel,,Morel,N/A,M,Ogier,Historic,Uncertain,N/A,Unassigned,N/A,Stedding Shangtai,Unknown,"Father of Dal father of Haman, the last being an Ogier Elder of Stedding Shangtai."
Alias,Main,TFoH,N/A,N/A,Morelin Samared,Morelin Samared,Morelin,Samared,Morelin,Elayne Trakand,N/A,N/A,N/A,N/A,N/A,N/A,N/A,N/A,N/A,The name used by Elayne after escaping Ronde Macura and while traveling with Luca’s show.
Primary,WoTC,WoTC,No,0,Morena,Morena,Morena,,Morena,N/A,F,Human,Current,Wise One,N/A,Unassigned,N/A,Aiel,Unknown,An Aiel woman who served as Wise One for Erim of the Chareen Aiel.
Primary,NS,NS,No,0,Moressin Damodred,Moressin Damodred,Moressin,Damodred,Moressin,N/A,M,Human,Current,Cairhienin Noble,N/A,Unassigned,N/A,Cairhien,Unknown,Laman’s brother and Moiraine’s uncle. He was cruel and vicious and held Moiraine’s father in contempt.
Primary,Main,TEotW,Yes,33,Morgase Trakand,Morgase Trakand,Morgase,Trakand,Morgase,N/A,F,Human,Current,Queen,N/A,Unassigned,N/A,Andor,957 NE,"Queen of Andor, and Elayne's mother. About 5'6"" tall with blue eyes and red-gold hair; she looked little more than 30."
Primary,Main,ToM,Yes,1,Mori,Mori,Mori,,Mori,N/A,F,Human,Current,Maiden of the Spear,N/A,Unassigned,N/A,Aiel,Unknown,A Maiden traveling with Perrin. She investigated the area near the Jehannah Road.
Primary,Main,TSR,No,0,Moria Elward,Moria Elward,Moria,Elward,Moria,N/A,F,Human,Current,Farmer,N/A,Unassigned,N/A,Unknown,Unknown,"A woman who ran a farm near Tar Valon. For penance, novice Sahra Covenry was sent to work for her."
Primary,Main,TPoD,Yes,8,Moria Karentanis,Moria Karentanis,Moria,Karentanis,Moria,N/A,F,Human,Current,Aes Sedai,Blue,Yes,25(13),Illian,840 NE,"An Illianer Aes Sedai of the Blue Ajah, but actually Black Ajah. She was an ordinary-looking woman."
Alias,Main,ACoS,N/A,N/A,Moridin,Moridin,Moridin,,Moridin,Ishamael,N/A,N/A,N/A,N/A,N/A,N/A,N/A,N/A,N/A,"The Old Tongue word for “death,” it was the name given to the resurrected Ishamael."
Primary,Main,KoD,No,0,Moril,Moril,Moril,,Moril,N/A,M,Human,Unknown,Song Character,N/A,Unassigned,N/A,Unknown,Unknown,"A man who knows no fear, in a song sung at The White Ring in Maderin, Altara."
Primary,Main,TSR,Yes,1,Morin,Morin,Morin,,Morin,N/A,F,Human,Historic,Maiden of the Spear,N/A,Unassigned,N/A,Jenn Aiel,Unknown,"The first Maiden of the Spear. A pretty, yellow-haired Jenn Aiel and a dreamer."
Primary,Main,TPoD,Yes,1,Morly Hardlin,Morly Hardlin,Morly,Hardlin,Hardlin,N/A,M,Human,Current,Asha'man,N/A,Unassigned,Unknown,Unknown,Unknown,An Asha’man who reached the rank of Dedicated. He was a member of Logain’s faction.
Primary,Main,LoC,No,0,Morning Clouds,Morning Clouds,Morning Clouds,,Morning Clouds,N/A,M,Wolf,Current,Wolf,N/A,Unassigned,N/A,Unknown,Unknown,A younger male wolf in Wildfire’s pack. Perrin contacted him for information.
Primary,Main,TDR,Yes,1,Morning Mist,Morning Mist,Morning Mist,,Morning Mist,N/A,F,Wolf,Current,Wolf,N/A,Unassigned,N/A,Unknown,Unknown,A female wolf. The only wolf still living among seven involved in the raid of the camp in the Mountains of Mist.
Primary,Main,ToM,Yes,1,Morninglight,Morninglight,Morninglight,,Morninglight,N/A,M,Wolf,Current,Wolf,N/A,Unassigned,N/A,Unknown,Unknown,"A wolf in Oak Dancer’s pack. He invited Perrin to hunt; later he, Hopper and other wolves helped teach Perrin."
Primary,World,World,No,0,"Morrigan, Queen",Queen Morrigan,Morrigan,,Morrigan,N/A,F,Human,Historic,Queen,N/A,Unassigned,N/A,Andor,Unknown,A queen of Andor during the War of the Hundred Years. She reigned from FY 1103 to FY 1114.
Primary,Main,TFoH,Yes,1,"Morsa, Lady",Lady Morsa,Morsa,,Morsa,N/A,F,Human,Current,Seanchan Noble,N/A,Unassigned,N/A,Seanchan,Unknown,A Seanchan noblewoman. She was ordered held by Jalindin after a confrontation with Rand and Aviendha.
Primary,Main,TFoH,Yes,20,Morvrin Thakanos,Morvrin Thakanos,Morvrin,Thakanos,Morvrin,N/A,F,Human,Current,Aes Sedai,Brown,No,15(3),Illian,777 NE,"An Aes Sedai of the Brown Ajah and the rebel contingent. 5'5"" tall and stout, with brown eyes and gray-streaked hair."
Primary,Main,TSR,No,0,Moshea,Moshea,Moshea,,Moshea,N/A,M,Human,Current,Tinker,N/A,Unassigned,N/A,Tinker,Unknown,A Tinker in Raen’s band who was putting a wheel on his wagon.
Primary,Main,TEotW,No,0,Mosk the Giant,Mosk the Giant,Mosk,,Mosk,N/A,M,Giant,Unknown,Story Character,N/A,Unassigned,N/A,Unknown,Unknown,A character from the Age before the Age of Legends featured in a gleeman’s tale. He was a giant who fought Merk.
Primary,Main,LoC,No,0,Muad Cheade,Muad Cheade,Muad,Cheade,Muad,N/A,M,Human,Historic,General,N/A,Unassigned,N/A,Saldaea,Unknown,"A former Marshal-General of Saldaea. He was mad but a great general, never coming close to losing."
Primary,Main,TGH,Yes,1,Muadh,Muadh,Muadh,,Muadh,N/A,M,Human,Current,Whitecloak,N/A,Unassigned,N/A,Unknown,Unknown,A grizzled Child of the Light who was with Geofram Bornhald on Toman Head.
Primary,Main,TFoH,Yes,2,Muelin,Muelin,Muelin,,Muelin,N/A,F,Human,Current,Luca's Circus,N/A,Unassigned,N/A,Unknown,Unknown,"A woman who was a contortionist with Valan Luca’s show, hired from a show that had been nearly destroyed."
Primary,Main,TGH,No,0,Mulaen,Mulaen,Mulaen,,Mulaen,N/A,F,Human,Current,Superior Servant,N/A,Unassigned,N/A,Seanchan,Unknown,A Seanchan superior servant in Falme in the house where the damane were kept.
Primary,Main,LoC,Yes,1,Mulinda,Mulinda,Mulinda,,Mulinda,N/A,F,Human,Current,Servant,N/A,Unassigned,N/A,Unknown,Unknown,A Salidar serving woman in service to the rebel Aes Sedai. She was skinny and gaped a lot.
Primary,Main,TSR,Yes,2,Muradin,Muradin,Muradin,,Muradin,N/A,M,Human,Current,Aiel Warrior,N/A,Unassigned,N/A,Aiel,Unknown,A man of the Shaido Aiel and first-brother of Couladin. He was allowed to enter Rhuidean to try to become clan chief.
Primary,Main,KoD,Yes,1,Murel,Murel,Murel,,Murel,N/A,M,Human,Current,Soldier,N/A,Unassigned,N/A,Seanchan,Unknown,"A Seanchan soldier in Jurador who, with two others, tried to get into Luca’s show without paying."
Primary,Main,WH,Yes,2,Murellin,Murellin,Murellin,,Murellin,N/A,M,Human,Current,Henchman,N/A,Unassigned,N/A,Unknown,Unknown,Shiaine’s henchman who posed as her servant. He was heavily muscled with sunken knuckles and sullen eyes.
Primary,Main,LoC,No,0,Musar,Musar,Musar,,Musar,N/A,M,Human,Current,Uncertain,N/A,Unassigned,N/A,Saldaea,Unknown,"One of the Saldaeans who, along with his wife and another couple, tried to kill Taim with daggers."
Primary,Main,TGS,Yes,1,Musarin,Musarin,Musarin,,Musarin,N/A,F,Human,Current,Aes Sedai,Yellow,No,Unknown,Unknown,Unknown,An Aes Sedai of the Yellow Ajah and the loyalist contingent. She was tall and white-haired.
Primary,Main,WH,Yes,4,"Musenge, Captain",Captain Musenge,Captain,Musenge,Musenge,N/A,M,Human,Current,Deathwatch Guard,N/A,Unassigned,N/A,Seanchan,Unknown,"A captain in the Deathwatch Guard. A grizzled, weathered man with black hair and seemingly built for endurance."
Primary,Main,AMoL,Yes,1,Musicar,Musicar,Musicar,,Musicar,N/A,M,Human,Current,Deathwatch Guard,N/A,Unassigned,N/A,Seanchan,Unknown,A member of the Deathwatch Guard.
Primary,Main,TEotW,Yes,3,Mutch,Mutch,Mutch,,Mutch,N/A,M,Human,Current,Stablehand,N/A,Unassigned,N/A,Andor,Unknown,"A stableman at The Stag and Lion in Baerlon, Andor. He was wiry and surly."
Primary,Main,CoT,Yes,1,Mycal Crossin,Mycal Crossin,Mycal,Crossin,Master Crossin,N/A,M,Human,Current,Merchant,N/A,Unassigned,N/A,Unknown,Unknown,A grain merchant in So Habor with whom Perrin did business. He thought Perrin and his companions were ghosts.
Primary,Main,AMoL,Yes,1,Myk,Myk,Myk,,Myk,N/A,M,Human,Current,Soldier,N/A,Unassigned,N/A,Unknown,Unknown,A pikeman in Juilin Sandar’s squad in the Last Battle.
Alias,Main,WH,N/A,N/A,Mylen,Mylen,Mylen,,Mylen,Sheraine Caminelle,N/A,N/A,N/A,N/A,N/A,N/A,N/A,N/A,N/A,A damane belonging to Tuon. She was formerly an Aes Sedai of the Blue Ajah whose name was Sheraine Caminelle.
Primary,World,World,No,0,Myrdin Paendrag Maregore,Myrdin Paendrag Maregore,Myrdin,Paendrag Maregore,Myrdin,N/A,M,Human,Historic,King,N/A,Unassigned,N/A,Shandalle,Unknown,The King of Shandalle and father of Artur Hawkwing. He died during the Black Plague epidemic in FY 939.
Primary,Main,TGH,Yes,29,Myrelle Berengari,Myrelle Berengari,Myrelle,Berengari,Myrelle,N/A,F,Human,Current,Aes Sedai,Green,No,15(3),Altara,954 NE,"An Altaran Aes Sedai of the Green Ajah and the rebels. About 5'4"" tall. Beautiful with olive skin and large dark eyes."
Primary,Main,TPoD,No,0,Myriam Copan,Myriam Copan,Myriam,Copan,Myriam,N/A,F,Human,Historic,Aes Sedai,Green,No,Unknown,Unknown,Unknown,An Aes Sedai of the Green Ajah who served as Amyrlin from 754 to 797 NE. She was justifiably known as “Beauty.”
Primary,Main,TFoH,No,0,N'Delia Basolaine,N'Delia Basolaine,N'Delia,Basolaine,N'Delia,N/A,F,Human,Historic,Translator,N/A,Unassigned,N/A,Unknown,Unknown,"Putative translator of The Prophecies of the Dragon, First Maid and Swordfast to Raidhen of Hol Cuchone."
Primary,Main,KoD,Yes,1,Nacelle Kayama,Nacelle Kayama,Nacelle,Kayama,Nacelle,N/A,F,Human,Current,Aes Sedai,Green,Yes,36(24),Malkier,855 NE,"A Malkieri Aes Sedai of the Green Ajah, but actually Black. She was tall and slender with blue eyes."
Primary,Main,ACoS,Yes,1,Nad,Nad,Nad,,Nad,N/A,M,Human,Current,Thug,N/A,Unassigned,N/A,Unknown,Unknown,One of the two thugs with Falion and Ispan in Ebou Dar when they were torturing and killing the Wise Woman.
Primary,Main,WH,Yes,3,Nadere,Nadere,Nadere,,Nadere,N/A,F,Human,Current,Wise One,N/A,Unassigned,19(7),Aiel,Unknown,"A Wise One of the Goshien Aiel with the ability to channel. She was 5'11"" tall and as close to stout as any Aiel came."
Primary,Main,TPoD,Yes,1,Nadoc,Nadoc,Nadoc,,Nadoc,N/A,M,Human,Current,Soldier,N/A,Unassigned,N/A,Seanchan,Unknown,A Seanchan officer and commander under Karede. A big man with a deceptively mild face.
Primary,Main,CoT,Yes,1,Nadric,Nadric,Nadric,,Nadric,N/A,M,Human,Current,Aiel Warrior,N/A,Unassigned,N/A,Aiel,Unknown,A drunken Shaido man in Malden who accosted Faile and tried to carry her off.
Primary,Main,TFoH,Yes,7,Naean Arawn,Naean Arawn,Naean,Arawn,Naean,N/A,F,Human,Current,Andoran Noble,N/A,Unassigned,N/A,Andor,Unknown,"A slim Andoran woman who was High Seat of House Arawn. About 5'6"" tall, she was palely beautiful with blue eyes."
Primary,Main,TGS,Yes,12,Naeff,Naeff,Naeff,,Naeff,N/A,M,Human,Current,Asha'man,N/A,Unassigned,Unknown,Andor,Unknown,An Andoran man who was a member of the Queen’s Guards in Andor who resigned and went to the Black Tower.
Primary,Main,ACoS,Yes,1,Naeise,Naeise,Naeise,,Naeise,N/A,F,Human,Current,Maiden of the Spear,N/A,Unassigned,N/A,Aiel,Unknown,An Aiel Maiden of the Moshaine Shaido.
Primary,Main,KoD,Yes,2,Nagora,Nagora,Nagora,,Nagora,N/A,F,Human,Current,Aes Sedai,White,No,Unknown,Cairhien,Unknown,"A Cairhienin Aes Sedai of the White Ajah and the loyalist contingent. Short and lean, she wore her hair in a tight roll."
Primary,Main,TPoD,Yes,1,Naime din Malzar,Naime din Malzar,Naime,din Malzar,Naime,N/A,F,Human,Current,Windfinder,N/A,Unassigned,16(4),Sea Folk,Unknown,"A Sea Folk Windfinder of relatively high rank. A dignified woman, with a quiet air of command."
Primary,Main,TPoD,Yes,1,Naiselle,Naiselle,Naiselle,,Naiselle,N/A,F,Human,Current,Banker,N/A,Unassigned,N/A,Altara,Unknown,A cool-eyed banker from Ebou Dar who was at the Kin’s farm outside Ebou Dar when the Seanchan attacked.
Primary,Main,ToM,Yes,2,Nakomi,Nakomi,Nakomi,,Nakomi,N/A,F,Human,Current,Uncertain,N/A,Unassigned,N/A,Unknown,Unknown,A mysterious Aiel woman whom Aviendha met in the Waste. Her name was said to be ancient.
Primary,Main,TGS,No,0,Nalaene Forrell,Nalaene Forrell,Nalaene,Forrell,Nalaene,N/A,F,Human,Current,Aes Sedai,Yellow,Yes,Unknown,Ghealdan,Unknown,"A Ghealdanin Aes Sedai of the Yellow Ajah, but actually Black. She was part of the expedition to kidnap Rand."
Primary,Main,TGS,No,0,Nalasia Merhan,Nalasia Merhan,Nalasia,Merhan,Nalasia,N/A,F,Human,Current,Aes Sedai,Brown,Maybe,Unknown,Unknown,Unknown,An Aes Sedai of the Brown Ajah who was unaccounted for after the Seanchan raid on the Tower.
Primary,Main,TFoH,Yes,15,Nalesean Aldiaya,Nalesean Aldiaya,Nalesean,Aldiaya,Nalesean,N/A,M,Human,Current,Tairen Noble,N/A,Unassigned,N/A,Tear,Unknown,"A young Tairen nobleman. Square-faced and blocky with an oiled beard, he was eager and slightly jovial."
Primary,Main,WH,Yes,1,"Nalhera, Mistress",Mistress Nalhera,Mistress,Nalhera,Mistress Nalhera,N/A,F,Human,Current,Innkeeper,N/A,Unassigned,N/A,Unknown,Unknown,The innkeeper of the Crown of Maredo in Far Madding. She was slim with gray hair.
Primary,Main,TSR,No,0,Nalla,Nalla,Nalla,,Nalla,N/A,F,Human,AoL,Da'shain Aiel,N/A,Unassigned,N/A,Unknown,Unknown,A Da’shain Aiel woman from M’jinn in service to Zorelle Sedai. Nalla proposed to Charn in the Age of Legends.
Primary,Main,KoD,Yes,1,Namene,Namene,Namene,,Namene,N/A,F,Human,Current,Novice,N/A,Unassigned,Unknown,Arad Doman,Unknown,"A Domani novice in the White Tower when Egwene was there under duress. Young, tall, slim and giggly."
Primary,Main,TGS,No,0,Namine Tasil,Namine Tasil,Namine,Tasil,Namine,N/A,F,Human,Current,Aes Sedai,Brown,No,Unknown,Arad Doman,Unknown,"The daughter of Quillin Tasil, and an Aes Sedai of the Brown Ajah."
Primary,Main,LoC,Yes,1,Nan Belman,Nan Belman,Nan,Belman,Nan,N/A,F,Human,Current,Darkfriend,N/A,Yes,N/A,Unknown,Unknown,"A Darkfriend in Caemlyn. A handsome woman, she was the mother of Perwyn. She was raped by Padan Fain."
Alias,Main,TFoH,N/A,N/A,Nana (1),Nana,Nana,,Nana,Nynaeve al'Meara,N/A,N/A,N/A,N/A,N/A,N/A,N/A,N/A,N/A,The name that Nynaeve used after escaping Ronde Macura and while with Luca’s show.
Primary,Main,WH,Yes,1,Nana (2),Nana,Nana,,Nana,N/A,F,Human,Current,Servant,N/A,Unassigned,N/A,Unknown,Unknown,"One of Berelain’s serving women. Plump and plain-faced, she looked like the other serving woman, Rosene."
Primary,Main,LoC,Yes,15,Nandera,Nandera,Nandera,,Nandera,N/A,F,Human,Current,Maiden of the Spear,N/A,Unassigned,N/A,Aiel,Unknown,An Aiel woman who was Far Dareis Mai. Tall and sinewy with green eyes and hair that was more gray than yellow.
Primary,Main,TFoH,No,0,Nangu,Nangu,Nangu,,Nangu,N/A,M,Human,Current,Soldier,N/A,Unassigned,N/A,Shienar,Unknown,A Shienaran soldier who traveled with Perrin and Ingtar when searching for the Horn of Valere.
Primary,Main,TGS,Yes,1,Naorisa Cambral,Naorisa Cambral,Naorisa,Cambral,Naorisa,N/A,F,Human,Current,Aes Sedai,N/A,Unassigned,Unknown,Unknown,Unknown,An Aes Sedai of the Gray Ajah and the rebel contingent. She was chosen to replace Delana in the rebel Hall.
Primary,Main,TGS,No,0,Naorman Mashinta,Naorman Mashinta,Naorman,Mashinta,Naorman,N/A,M,Human,Current,Cobbler,N/A,Unassigned,N/A,Tar Valon,Unknown,A third-generation cobbler in Tar Valon. Egwene met with Siuan in his shop in Tel’aran’rhiod.
Primary,Main,LoC,No,0,Narasim Bhuran,Narasim Bhuran,Narasim,Bhuran,Narasim,N/A,M,Human,Historic,Leader,N/A,Unassigned,N/A,Unknown,Unknown,A leader during the War of the Hundred Years. He tried to reestablish Hawkwing’s empire in Andor and failed.
Primary,WoTC,WoTC,No,0,Narendhra,Narendhra,Narendhra,,Narendhra,N/A,F,Human,Current,Wise One,N/A,Unassigned,N/A,Aiel,Unknown,A Wise One of the Shaido Aiel. One of Sevanna’s inner circle of plotters.
Primary,Main,TFoH,Yes,2,Narenwin Barda,Narenwin Barda,Narenwin,Barda,Narenwin,N/A,F,Human,Current,Aes Sedai,Yellow,No,18(6),Unknown,913 NE,"An Aes Sedai of the Yellow Ajah and the loyalist contingent. Square-faced, short and thin, she was very quiet."
Primary,Main,TEotW,Yes,1,Narg,Narg,Narg,,Narg,N/A,M,Trolloc,Current,Trolloc,N/A,Unassigned,N/A,Unknown,Unknown,"A smart Trolloc who could speak the human tongue. He had a wolf’s muzzle, goat hooves, and twitching ears."
Primary,Main,ACoS,No,0,"Nariene, Queen",Queen Nariene,Nariene,,Nariene,N/A,F,Human,Historic,Queen,N/A,Unassigned,N/A,Altara,Unknown,A long-dead queen of Altara. A fountained statue of her stood in Mol Hara Square in Ebou Dar.
Primary,Main,CoT,Yes,5,Naris Pelden,Naris Pelden,Naris,Pelden,Naris,N/A,F,Human,Current,Maid,N/A,Unassigned,N/A,Andor,Unknown,"A young Andoran; she and her sister Sephanie became maids at the Royal Palace. Misspelled as ""Neris"" in KoD."
Primary,Main,TSR,Yes,1,Narisse,Narisse,Narisse,,Narisse,N/A,F,Human,Historic,Jenn Aiel,N/A,Unassigned,N/A,Jenn Aiel,Unknown,"A Jenn Aiel woman during the building of Rhuidean. She, Dermon and Mordaine met with the Aiel clan chiefs."
Primary,Main,WH,Yes,1,Narvais Maslin,Narvais Maslin,Narvais,Maslin,Narvais,N/A,F,Human,Current,Counsel,N/A,Unassigned,N/A,Unknown,Unknown,"A Counsel of Far Madding. Gray-haired, slim and 5'5"" tall."
Primary,Main,WH,Yes,1,Narvin,Narvin,Narvin,,Narvin,N/A,M,Human,Current,Servant,N/A,Unassigned,N/A,Unknown,Unknown,A high-ranking servant in the Tarasin Palace in Ebou Dar. He was stout and gray-haired.
Primary,Main,ToM,Yes,1,Nashia,Nashia,Nashia,,Nashia,N/A,F,Human,Current,Kinswoman,N/A,Unassigned,Unknown,Unknown,Unknown,A Kinswoman who accompanied Elayne to her Cairhienin coronation. Prim with a youthful face.
Primary,Main,TGS,No,0,Nashif,Nashif,Nashif,,Nashif,N/A,M,Human,Current,Historic,N/A,Unassigned,N/A,Unknown,Unknown,A man Mat fought at Bloodwash Falls in one of his memories from the Eelfinn.
Primary,Main,TFoH,Yes,4,Nasin Caeren,Nasin Caeren,Nasin,Caeren,Nasin,N/A,M,Human,Current,Andoran Noble,N/A,Unassigned,N/A,Andor,Unknown,"An Andoran nobleman who was High Seat of House Caeren. About 5'9"" to 5'10"" tall, he was bony and goat-faced."
Primary,Main,CoT,No,0,Nat Torfinn,Nat Torfinn,Nat,Torfinn,Nat,N/A,M,Human,Current,Uncertain,N/A,Unassigned,N/A,Andor,Unknown,"An old Two Rivers man Perrin knew in boyhood. Wrinkled, white-haired and blind; he was good at Blacksmith puzzles."
Primary,Main,AMoL,Yes,1,Nata,Nata,Nata,,Nata,N/A,F,Human,Current,Tailor,N/A,Unassigned,N/A,Unknown,Unknown,A middle-aged woman who acted as Mat’s personal tailor when he returned to Ebou Dar to see Tuon.
Primary,NS,NS,Yes,2,Natasia,Natasia,Natasia,,Natasia,N/A,F,Human,Current,Aes Sedai,Blue,No,Unknown,Saldaea,Unknown,"A Saldaean Aes Sedai of the Blue Ajah. Slim, with dark tilted eyes, high cheekbones and full lips."
Primary,Main,KoD,No,0,Nathin Sarmain Vendare,Nathin Sarmain Vendare,Nathin,Sarmain Vendare,Nathin,N/A,M,Human,Current,Altaran Noble,N/A,Unassigned,N/A,Altara,Unknown,"The Lord of Maderin, a town in Altara through which Luca’s circus passed."
Primary,Main,TSR,Yes,1,Natley Lewin,Natley Lewin,Natley,Lewin,Nat,N/A,M,Human,Current,Uncertain,N/A,Unassigned,N/A,Andor,Unknown,"A heavyset Two Rivers man. The son of Flann and Adine Lewin, he married Laila Dearn."
Primary,Main,TEotW,Yes,3,Natti Cauthon,Natti Cauthon,Natti,Cauthon,Natti,N/A,F,Human,Current,Farmwife,N/A,Unassigned,N/A,Andor,956 NE,"An Emond’s Field woman; wife of Abell and the mother of Mat, Bodewhin and Eldrin. She was a cool and collected."
Primary,Main,NS,Yes,3,Nazar Kurenin,Nazar Kurenin,Nazar,Kurenin,Nazar,N/A,M,Human,Current,Baker,N/A,Unassigned,N/A,Malkier,Unknown,A Malkieri man who lived in Kandor and worked as a baker after the fall of Malkier. He was jut-nosed with short hair.
Primary,Main,TPoD,No,0,Nazelle,Nazelle,Nazelle,,Nazelle,N/A,F,Human,Current,Kandori Noble,N/A,Unassigned,N/A,Kandor,Unknown,The sister of Queen Ethenielle of Kandor. Ethenielle arranged her marriage to Lord Ismic after her first husband died.
Primary,Main,TPoD,Yes,1,Nazran,Nazran,Nazran,,Nazran,N/A,M,Human,Current,Domani Noble,N/A,Unassigned,N/A,Arad Doman,Unknown,"A flunky of Graendal’s who was the cousin of the Domani King Alsalam. Square and deeply brown, he was handsome."
Primary,Main,TSR,No,0,Neain,Neain,Neain,,Neain,N/A,F,Human,Current,Uncertain,N/A,Unassigned,N/A,Andor,Unknown,"Perrin’s aunt and the widow of his uncle Carlin. She, along with the rest of the family, was murdered by Padan Fain."
Primary,Main,WH,Yes,3,Ned Yarman,Ned Yarman,Ned,Yarman,Ned,N/A,M,Human,Current,Warder,N/A,Unassigned,N/A,Andor,978 NE,"Sareitha Tomares’ young Warder. About 6'3"" tall, with broad shoulders, he had bright blue eyes and corn-yellow hair."
Primary,NS,NS,Yes,1,Nedare Satarov,Nedare Satarov,Nedare,Satarov,Nedare,N/A,F,Human,Current,Innkeeper,N/A,Unassigned,N/A,Kandor,Unknown,"The innkeeper at The Silver Penny in Chachin, Kandor. A beautiful woman with a joyous smile and glossy black hair."
Primary,Main,WH,No,0,Neferi,Neferi,Neferi,,Neferi,N/A,F,Human,Current,Soe'feia,N/A,Unassigned,N/A,Seanchan,Unknown,"Tuon’s Soe’feia, who was killed in a fall down stairs."
Primary,Main,KoD,Yes,1,Negaine,Negaine,Negaine,,Negaine,N/A,F,Human,Current,Aes Sedai,Brown,No,Unknown,Unknown,Unknown,An Aes Sedai of the Brown Ajah and the loyalist contingent. She and Felaana found a disguised Beonin.
Primary,Main,LoC,Yes,1,"Negara, Lady",Lady Negara,Lady,Negara,Negara,N/A,F,Human,Current,Andoran Noble,N/A,Unassigned,N/A,Andor,Unknown,An Andoran noblewoman of a minor House who had opposed Gaebril. She was sharp-faced.
Primary,Main,WH,Yes,1,Neilyn,Neilyn,Neilyn,,Neilyn,N/A,F,Human,Current,Luca's Circus,N/A,Unassigned,N/A,Unknown,Unknown,"A woman in Valan Luca’s show. She had the prettiest eyes, according to Olver."
Primary,Main,TGH,Yes,1,Nela al'Caar,Nela al'Caar,Nela,al'Caar,Nela,N/A,F,Human,Current,Uncertain,N/A,Unassigned,N/A,Andor,Unknown,A Two Rivers woman. She was married to Paet and they had two daughters and two sons.
Primary,Main,TFoH,No,0,Nela Thane,Nela Thane,Nela,Thane,Nela,N/A,F,Human,Current,Uncertain,N/A,Unassigned,N/A,Andor,Unknown,"An Emond’s Field woman. When Nynaeve was sixteen, Nela dared her to steal a plum pie from Mistress Ayellin."
Primary,Main,TGS,No,0,Nelavaire Demasiellin,Nelavaire Demasiellin,Nelavaire,Demasiellin,Nelavaire,N/A,F,Human,Current,Aes Sedai,Green,No,28(16),Cairhien,850 NE,"A Cairhienin Aes Sedai of the Green Ajah and a loyalist. 5'2"" tall, she was slim, wiry and whipcord tough."
Primary,Main,CoT,No,0,Nelein Matherin,Nelein Matherin,Nelein,Matherin,Lady Nelein,N/A,F,Human,Current,Andoran Noble,N/A,Unassigned,N/A,Andor,Unknown,"The grandmother of Aedmun, High Seat of House Matherin in Andor. She had a temper."
Primary,Main,CoT,Yes,1,Nelsa,Nelsa,Nelsa,,Nelsa,N/A,F,Human,Current,Store Worker,N/A,Unassigned,N/A,Altara,Unknown,"A slim and pretty shopgirl at a fabric store in Jurador, Altara."
Primary,World,World,No,0,Nemaira Eldros,Nemaira Eldros,Nemaira,Eldros,Nemaira,N/A,F,Human,Historic,Aes Sedai,Unknown,No,Unknown,Unknown,Unknown,An Aes Sedai who lived at the time of the formation of the White Tower.
Primary,Main,KoD,No,0,Nemaris,Nemaris,Nemaris,,Nemaris,N/A,F,Human,Current,Uncertain,N/A,Unassigned,N/A,Unknown,Unknown,"The wife of a horse handler in Bryne’s army camp; on the delicate side, she did not like horses that were too frisky."
Alias,World,World,N/A,N/A,Nemene Damendar Boann,Nemene Damendar Boann,Nemene,Damendar Boann,Nemene,Semirhage,N/A,N/A,N/A,N/A,N/A,N/A,N/A,N/A,N/A,Semirhage’s name before she became Forsaken.
Primary,Main,TGS,Yes,1,Nenci,Nenci,Nenci,,Nenci,N/A,F,Human,Current,Damane,N/A,Unassigned,Unknown,Unknown,Unknown,A damane who accompanied Anath/Semirhage when she posed as the Daughter of the Nine Moons.
Primary,Main,TFoH,Yes,1,Nengar,Nengar,Nengar,,Nengar,N/A,M,Human,Current,Soldier,N/A,Unassigned,N/A,Shienar,Unknown,A Shienaran soldier. He followed Ingtar when he and Perrin pursued the Horn of Valere to Falme.
Primary,Main,TFoH,No,0,Nerein,Nerein,Nerein,,Nerein,N/A,F,Human,Unknown,Heroine,N/A,Unassigned,N/A,Unknown,Unknown,"A heroine in The Flame, the Blade and the Heart. She was a strong woman."
Primary,Main,ACoS,Yes,2,Nerilea,Nerilea,Nerilea,,Nerilea,N/A,F,Human,Current,Maiden of the Spear,N/A,Unassigned,N/A,Aiel,Unknown,An Aiel woman who was Far Dareis Mai. She had white hair and a square face.
Primary,Main,LoC,Yes,17,Nerim,Nerim,Nerim,,Nerim,N/A,M,Human,Current,Servant,N/A,Unassigned,N/A,Cairhien,Unknown,"Talmanes’ skinny Cairhienin manservant, who was on loan to Mat for a time. About 5'6"" tall, he had a long narrow face."
Primary,Main,TFoH,Yes,2,Nerin,Nerin,Nerin,,Nerin,N/A,U,S'redit,Current,Luca's Circus,N/A,Unassigned,N/A,Seanchan,Unknown,A s’redit calf handled by the Seanchan woman Cerandin in Valan Luca’s circus. Luca called it a “boar-horse”.
Primary,Main,CoT,Yes,1,Nerion Torelvin,Nerion Torelvin,Nerion,Torelvin,Nerion,N/A,M,Human,Current,Cha Faile,N/A,Unassigned,N/A,Cairhien,Unknown,A young Cairhienin man who was a member of Cha Faile. Balwer sent him and Haviar to spy on Masema.
Primary,Main,TPoD,Yes,2,Nerith,Nerith,Nerith,,Nerith,N/A,F,Human,Current,Sul'dam,N/A,Unassigned,Unknown,Seanchan,Unknown,A Seanchan sul’dam. She was captured by Asha’man in the first battle against the Seanchan.
Primary,Main,TSR,Yes,1,Nerrine,Nerrine,Nerrine,,Nerrine,N/A,F,Human,Historic,Da'shain Aiel,N/A,Unassigned,N/A,Unknown,Unknown,"A Da’shain Aiel woman from a time after the Breaking. Nerrine had three children; Charlin, Alijha, and Colline."
Primary,Main,TPoD,Yes,1,Nesair,Nesair,Nesair,,Nesair,N/A,F,Human,Current,Maiden of the Spear,N/A,Unassigned,N/A,Aiel,Unknown,"A woman of the Shaido Aiel and Far Dareis Mai, who left the Shaido because of Rand. Fiery-haired and beautiful."
Primary,World,World,No,0,"Nesaline, Queen",Queen Nesaline,Nesaline,,Nesaline,N/A,F,Human,Historic,Queen,N/A,Unassigned,N/A,Caembarin,Unknown,"A queen of Caembarin, one of the nations that arose after the Trolloc Wars."
Primary,Main,KoD,Yes,1,Nesita,Nesita,Nesita,,Nesita,N/A,F,Human,Current,Aes Sedai,Red,Yes,Unknown,Unknown,Unknown,"An Aes Sedai of the Red Ajah, but actually Black Ajah. A loyalist, she was plump, blue-eyed and mean."
Primary,Main,ACoS,Yes,1,Nesta din Reas Two Moons,Nesta din Reas Two Moons,Nesta,din Reas Two Moons,Nesta din Reas,N/A,F,Human,Current,Mistress of the Ships,N/A,Unassigned,N/A,Sea Folk,Unknown,"The Mistress of the Ships to the Atha’an Miere. About 5'4"" tall and going from stocky to fat, she had white hair."
Primary,Main,WH,Yes,1,Nestelle din Sakura South Star,Nestelle din Sakura South Star,Nestelle,din Sakura South Star,Nestelle,N/A,F,Human,Current,Windfinder,N/A,Unassigned,Unknown,Sea Folk,Unknown,A Sea Folk Windfinder captured by the Seanchan and made damane.
Primary,Main,LoC,Yes,11,Nesune Bihara,Nesune Bihara,Nesune,Bihara,Nesune,N/A,F,Human,Current,Aes Sedai,Brown,No,15(3),Kandor,826 NE,"A Kandori Aes Sedai of the Brown Ajah and a loyalist. About 5'4"" tall, slender, with dark hair and almost black eyes."
Primary,Main,WH,Yes,2,Nethan Conwy,Nethan Conwy,Nethan,Conwy,Nethan,N/A,M,Human,Current,Warder,N/A,Unassigned,N/A,Andor,Unknown,"One of Merise’s Warders. An Andoran, Nethan was 6'1"" tall, with a lean, muscular build and piercing blue eyes."
Primary,Main,TPoD,Yes,8,Nevarin,Nevarin,Nevarin,,Nevarin,N/A,F,Human,Current,Wise One,N/A,Unassigned,23(11),Aiel,Unknown,A Wise One of the Codarra Aiel with the ability to channel. She was slim with sandy yellow hair and green eyes.
Primary,Main,ACoS,No,0,Nevin,Nevin,Nevin,,Nevin,N/A,M,Human,Current,Uncertain,N/A,Unassigned,N/A,Altara,Unknown,An Ebou Dari man killed in a duel with Beslan.
Primary,Main,TSR,Yes,4,Neysa Ayellin,Neysa Ayellin,Neysa,Ayellin,Neysa,N/A,F,Human,Current,Uncertain,N/A,Unassigned,N/A,Andor,Unknown,"A horse-faced woman of Emond’s Field. When Nynaeve was sixteen, she threw a pitcher of water at Neysa."
Primary,Main,ToM,No,0,Niach Okatomo,Niach Okatomo,Niach,Okatomo,Lord Niach,N/A,M,Human,Current,Kandori Noble,N/A,Unassigned,N/A,Kandor,Unknown,The commander of Rena Tower in Kandor. He was Malenarin Rai’s distant cousin and good friend.
Primary,Main,TGS,Yes,1,Niagen,Niagen,Niagen,,Niagen,N/A,M,Human,Current,Aiel Warrior,N/A,Unassigned,N/A,Aiel,Unknown,A Brotherless taken by Sulin as gai’shain after Malden.
Primary,Main,LoC,Yes,1,Niande Moorwyn,Niande Moorwyn,Niande,Moorwyn,Niande,N/A,F,Human,Current,Aes Sedai,Gray,No,27(15),Unknown,851 NE,"An Aes Sedai of the Gray Ajah. She was plump, with a sharp nose, inquisitive gray eyes and pale hair."
Primary,Main,TPoD,No,0,Nianh,Nianh,Nianh,,Nianh,N/A,F,Human,Current,Aes Sedai,Unknown,No,Unknown,Unknown,Unknown,An Aes Sedai who acted as the advisor to Ethenielle of Kandor. She vanished from Chachin with no message.
Primary,Main,AMoL,Yes,1,Nichil,Nichil,Nichil,,Nichil,N/A,M,Human,Current,Aiel Warrior,N/A,Unassigned,N/A,Aiel,Unknown,An algai’d’siswai Aiel who worked with Birgitte to kill Trollocs in Braem Wood in the Last Battle.
Primary,Main,TDR,Yes,1,Nico,Nico,Nico,,Nico,N/A,M,Human,Current,Stablehand,N/A,Unassigned,N/A,Ghealdan,Unknown,"A stableboy with hay in his hair at Harilin’s Leap in Jarra, Ghealdan."
Primary,Main,TFoH,Yes,16,Nicola Treehill,Nicola Treehill,Nicola,Treehill,Nicola,N/A,F,Human,Current,Accepted,N/A,Unassigned,9(+4),Ghealdan,975 NE,"A Ghealdanin accepted. Standing 5'4"" tall, and slender, with dark hair and big black eyes, she was ambitious."
Primary,Main,TGH,Yes,1,Nidao,Nidao,Nidao,,Nidao,N/A,M,Human,Current,Soldier,N/A,Yes,N/A,Shienar,Unknown,A Darkfriend Shienaran soldier. He was one of the guards of Fain’s dungeon prison in Fal Dara.
Primary,Main,TGH,Yes,4,Nieda Sidoro,Nieda Sidoro,Nieda,Sidoro,Nieda,N/A,F,Human,Current,Innkeeper,N/A,Unassigned,N/A,Illian,Unknown,"An Illianer who was the innkeeper at Easing the Badger in Illian. A large, round woman with her hair in a thick roll."
Primary,Main,TFoH,Yes,1,Niella,Niella,Niella,,Niella,N/A,F,Human,Current,Uncertain,N/A,Unassigned,N/A,Aiel,Unknown,"A woman of the Nine Valleys sept of the Taardad Aiel. Aviendha’s first-sister, she looked like her, but a little older."
Primary,Main,ToM,No,0,Niere,Niere,Niere,,Niere,N/A,F,Human,Current,Aes Sedai,Yellow,No,Unknown,Unknown,Unknown,An Aes Sedai of the Yellow Ajah who welcomed Nynaeve into the Yellow Ajah when she returned to the Tower.
Primary,Main,KoD,Yes,1,Nightlily,Nightlily,Nightlily,,Nightlily,N/A,F,Horse,Current,Horse,N/A,Unassigned,N/A,Unknown,Unknown,"A dark mare that belonging to Nemaris, the wife of a horse handler in Bryne’s camp. Siuan borrowed her."
Primary,Main,ToM,No,0,Nikiol Dianatkhah,Nikiol Dianatkhah,Nikiol,Dianatkhah,Nikiol,N/A,M,Human,Historic,King,N/A,Unassigned,N/A,Saldaea,Unknown,A former king of Saldaea who had a drinking problem. Faile used him as an example to Perrin.
Primary,Main,WH,No,0,Niko Tokama,Niko Tokama,Niko,Tokama,Niko,N/A,F,Human,Current,Uncertain,N/A,Unassigned,N/A,Unknown,Unknown,"A female member of the Academy of Cairhien, whose undescribed project Idrien thought was silly."
Primary,Main,LoC,Yes,3,Nildra,Nildra,Nildra,,Nildra,N/A,F,Human,Current,Servant,N/A,Unassigned,N/A,Unknown,Unknown,"A servant to the rebel Aes Sedai, in charge of washing pots. Moghedien, posing as Marigan, had to work for her."
Primary,Main,ToM,Yes,1,"Nils, Lieutenant",Lieutenant Nils,Lieutenant,Nils,Lieutenant Nils,N/A,M,Human,Current,Soldier,N/A,Unassigned,N/A,Unknown,Unknown,"A lieutenant in Ituralde’s army. Ituralde ordered him to gather damage assessments, to prepare the archers, etc."
Primary,Main,ToM,Yes,1,Nimri,Nimri,Nimri,,Nimri,N/A,F,Human,Current,Aes Sedai,Green,No,Unknown,Unknown,Unknown,"An Aes Sedai of the Green Ajah. Petite and drowsy-eyed, she opened a gateway for Gawyn to go to Caemlyn."
Primary,Main,KoD,Yes,1,Niolle din Lembar,Niolle din Lembar,Niolle,din Lembar,Niolle,N/A,F,Human,Current,Wavemistress,N/A,Unassigned,N/A,Sea Folk,Unknown,A Sea Folk Wavemistress who was one of the First Twelve of the Atha’an Miere.
Primary,Main,TPoD,No,0,Nip,Nip,Nip,,Nip,N/A,M,Dog,Current,Dog,N/A,Unassigned,N/A,Seanchan,Unknown,Seanchan Captain Bakuun’s favorite wolfhound. Bakuun talked to him sometimes.
Primary,World,World,No,0,Nirelle Coidevwin,Nirelle Coidevwin,Nirelle,Coidevwin,Nirelle,N/A,F,Human,Historic,Aes Sedai,Green,No,Unknown,Unknown,Unknown,An Aes Sedai of the Green Ajah who served as Amyrlin from 396 to 419 NE. Nirelle was a strong Amyrlin.
Primary,Main,WH,Yes,1,Nisa,Nisa,Nisa,,Nisa,N/A,F,Horse,Current,Horse,N/A,Unassigned,N/A,Unknown,Unknown,"A carthorse belonging to a Cairhienin brandy merchant, Barmellin, who saw the sphere near Tremonsien glow."
Primary,Main,CoT,Yes,1,Nisain a'Cowel,Nisain a'Cowel,Nisain,a'Cowel,Nisain,N/A,F,Human,Current,Aes Sedai,Gray,No,37(25),Murandy,873 NE,"A Murandian Aes Sedai of the Gray Ajah and of the rebels. She was gangly with dark reddish hair, and blue eyes."
Primary,Main,TFoH,Yes,11,Nisao Dachen,Nisao Dachen,Nisao,Dachen,Nisao,N/A,F,Human,Current,Aes Sedai,Yellow,No,16(4),Kandor,821 NE,"An Aes Sedai of the Yellow Ajah and the rebels. She was under five feet, and had dark hair and dark brown eyes."
Primary,Main,ToM,Yes,1,Nissa,Nissa,Nissa,,Nissa,N/A,F,Human,Current,Accepted,N/A,Unassigned,Unknown,Unknown,Unknown,An Accepted in the White Tower.
Primary,Main,TGH,Yes,1,Nisura,Nisura,Nisura,,Nisura,N/A,F,Human,Current,Attendant,N/A,Unassigned,N/A,Shienar,Unknown,A round-faced Shienaran noblewoman who was an attendant to Lady Amalisa in Fal Dara.
Alias,Main,WH,N/A,N/A,Noal Charin,Noal Charin,Noal,Charin,Noal,Jain Farstrider,N/A,N/A,N/A,N/A,N/A,N/A,N/A,N/A,N/A,The name that Jain Farstrider uses while traveling with Mat.
Primary,Main,TDR,Yes,6,Noam,Noam,Noam,,Noam,N/A,M,Human,Current,Wolfbrother,N/A,Unassigned,N/A,Ghealdan,Unknown,"A wolfbrother in Jarra, Ghealdan, who lost his humanity; his brother was Simion. Later became ""Boundless""."
Primary,World,World,No,0,Noane Masadim,Noane Masadim,Noane,Masadim,Noane,N/A,F,Human,Historic,Aes Sedai,Blue,No,Unknown,Unknown,Unknown,An Aes Sedai of the Blue Ajah who served as Amyrlin from 950 to 973 NE. Noane was a weak Amyrlin.
Primary,Main,ToM,No,0,Noram,Noram,Noram,,Noram,N/A,M,Human,Current,Band of the Red Hand,N/A,Unassigned,N/A,Unknown,Unknown,The chief cook with the Band of the Red Hand.
Primary,Main,TGS,Yes,1,Noreladim,Noreladim,Noreladim,,Noreladim,N/A,M,Human,Current,Functionary,N/A,Unassigned,N/A,Arad Doman,Unknown,A Domani functionary. He was stumpy and large-bellied.
Primary,Main,KoD,Yes,1,Noren,Noren,Noren,,Noren,N/A,M,Human,Current,Horse Handler,N/A,Unassigned,N/A,Cairhien,Unknown,A Cairhienin horse handler with Perrin’s group. He led Galina’s horse away after she was captured outside of Malden.
Primary,Main,KoD,Yes,1,Norie,Norie,Norie,,Norie,N/A,F,Human,Current,Damane,N/A,Unassigned,Unknown,Unknown,Unknown,A damane with Banner-General Khirgan’s party. She was at the first meeting between Perrin and Tylee.
Primary,Main,ACoS,Yes,3,Norine Dovarna,Norine Dovarna,Norine,Dovarna,Norine,N/A,F,Human,Current,Aes Sedai,White,No,Unknown,Unknown,Unknown,"An Aes Sedai of the White Ajah and a loyalist. Lovely, with large liquid eyes, she was almost as dreamy as Danelle."
Primary,Main,CoT,No,0,Norla,Norla,Norla,,Norla,N/A,F,Human,Historic,Wilder,N/A,Unassigned,Unknown,Black Hills,Unknown,A near-toothless wilder who lived at a farm in the heart of the Black Hills. She taught Cadsuane important lessons.
Primary,Main,ACoS,Yes,2,Norlea,Norlea,Norlea,,Norlea,N/A,F,Human,Current,Wise One,N/A,Unassigned,Unknown,Aiel,Unknown,"A Wise One of the Shaido Aiel with the ability to channel. About 5'7"" tall, sharp-nosed and almost as hard as Therava."
Primary,Main,ToM,Yes,1,Norlesh,Norlesh,Norlesh,,Norlesh,N/A,F,Human,Future,Uncertain,N/A,Unassigned,N/A,Aiel,Unknown,An Aiel woman who was the wife of Metalan; they had five children; three had died earlier.
Primary,World,World,No,0,Norodim Nosokawa,Norodim Nosokawa,Norodim,Nosokawa,Norodim,N/A,M,Human,Historic,Leader,N/A,Unassigned,N/A,Unknown,Unknown,A leader who tried to seize Hawkwing’s empire after his death.
Primary,Main,LoC,Yes,1,Norowhin,Norowhin,Norowhin,,Norowhin,N/A,M,Human,Current,Whitecloak,N/A,Unassigned,N/A,Unknown,Unknown,A young officer in the Children of the Light who commanded Morgase’s Whitecloak guards in Amadicia.
Primary,WoTC,WoTC,No,0,Nosinda,Nosinda,Nosinda,,Nosinda,N/A,F,Human,Current,Wise One,N/A,Unassigned,N/A,Aiel,Unknown,A Wise One of the Shaido Aiel. One of Sevanna’s inner circle of plotters.
Primary,Main,TGS,Yes,1,Notasha,Notasha,Notasha,,Notasha,N/A,F,Human,Current,Aes Sedai,Red,No,Unknown,Unknown,Unknown,An Aes Sedai of the Red Ajah and the loyalist contingent who wanted to wrest control from Saerin during the attack.
Primary,Main,ToM,No,0,Notori,Notori,Notori,,Notori,N/A,F,Human,Current,Aes Sedai,Unknown,Yes,Unknown,Unknown,Unknown,A member of the Black Ajah who was killed by Nynaeve in the battle at the White Tower in Tel’aran’rhiod.
Primary,Main,TFoH,No,0,Noy Torvald,Noy Torvald,Noy,Torvald,Noy,N/A,M,Human,Current,Uncertain,N/A,Unassigned,N/A,Unknown,Unknown,"A man in Mardecin, Amadicia, who lost everything in the collapse of trade with Tarabon and ended up doing odd jobs."
Primary,WoTC,WoTC,No,0,Nubei Peldovni,Nubei Peldovni,Nubei,Peldovni,Nubei,N/A,F,Human,Current,Aes Sedai,White,No,Unknown,Arafel,Unknown,An Arafellin Aes Sedai of the White Ajah and the loyalist contingent. Part of the expedition to kidnap Rand.
Primary,Main,TFoH,Yes,6,Nuhel Dromand,Nuhel Dromand,Nuhel,Dromand,Nuhel,N/A,M,Human,Current,Warder,N/A,Unassigned,N/A,Illian,Unknown,"One of Myrelle’s Warders, an Illianer with a thick Illianer accent. A dark bear of a man, tall and wide."
Alias,Main,WH,N/A,N/A,Nuli,Nuli,Nuli,,Nuli,Rand al'Thor,N/A,N/A,N/A,N/A,N/A,N/A,N/A,N/A,N/A,Rand’s alias when he visited the Royal Palace of Andor with Min.
Primary,Main,CoT,No,0,Nyein Kalede,Nyein Kalede,Nyein,Kalede,Nyein,N/A,F,Human,Current,Aes Sedai,Brown,No,Unknown,Sea Folk,Unknown,"An Atha’an Miere Aes Sedai of the Brown Ajah and the loyalist contingent. Outwardly, she was a shy and withdrawn."
Primary,Main,TEotW,Yes,178,Nynaeve al'Meara,Nynaeve al'Meara,Nynaeve,al'Meara,Nynaeve,N/A,F,Human,Current,Aes Sedai,Yellow,No,4(+9),Andor,974 NE,"The Wisdom of Emond’s Field who became Aes Sedai. About 5'4"" tall, with dark eyes and dark hair."
Alias,Main,KoD,N/A,N/A,Nynaeve ti al'Meara Mandragoran,Nynaeve ti al'Meara Mandragoran,Nynaeve,ti al'Meara Mandragoran,Nynaeve,Nynaeve al'Meara,N/A,N/A,N/A,N/A,N/A,N/A,N/A,N/A,N/A,Nynaeve’s name after she marries Lan.
Primary,Main,ToM,Yes,5,Oak Dancer,Oak Dancer,Oak Dancer,,Oak Dancer,N/A,F,Wolf,Current,Wolf,N/A,Unassigned,N/A,Unknown,Unknown,A female wolf in the wolf dream that led a pack of about twelve.
Primary,Main,ACoS,No,0,Old Cully,Old Cully,Old Cully,,Old Cully,N/A,M,Human,Current,Darkfriend,N/A,Yes,N/A,Unknown,Unknown,"A gnarled beggar in Ebou Dar with one eye, no teeth and a habit of bathing only once a year."
Primary,Main,LoC,No,0,Old Deer,Old Deer,Old Deer,,Old Deer,N/A,U,Wolf,Current,Wolf,N/A,Unassigned,N/A,Unknown,Unknown,A wolf that Perrin talked to after he and others set out to find the kidnapped Rand.
Alias,Main,TDR,N/A,N/A,Old Grim,Old Grim,Old Grim,,Old Grim,Dark One,N/A,N/A,N/A,N/A,N/A,N/A,N/A,N/A,N/A,Name for the Dark One.
Alias,Main,KoD,N/A,N/A,Old Hob,Old Hob,Old Hob,,Old Hob,Dark One,N/A,N/A,N/A,N/A,N/A,N/A,N/A,N/A,N/A,Name for the Dark One.
Primary,Main,TGH,No,0,Old Jak,Old Jak,Old Jak,,Old Jak,N/A,M,Human,Unknown,Song Character,N/A,Unassigned,N/A,Unknown,Unknown,A man up a tree in the song “Old Jak’s Up a Tree.”
Primary,Main,LoC,Yes,32,Olver,Olver,Olver,,Olver,N/A,M,Human,Current,Band of the Red Hand,N/A,Unassigned,N/A,Cairhien,Unknown,"A Cairhienin orphan adopted by Mat and the Band of the Red Hand. About ten years old, with dark hair and dark eyes."
Primary,Main,ToM,Yes,1,Oncala,Oncala,Oncala,,Oncala,N/A,F,Human,Future,Maiden of the Spear,N/A,Unassigned,N/A,Unknown,Unknown,"The granddaughter of Rand and Aviendha, seen in Aviendha’s viewings of the future in Rhuidean."
Title,Main,ToM,N/A,N/A,One-Eyed Fool,One-Eyed Fool,One-Eyed Fool,,One-Eyed Fool,Matrim Cauthon,N/A,N/A,N/A,N/A,N/A,N/A,N/A,N/A,N/A,Name used for Mat in the Prophecies of the Shadow.
Primary,Main,TDR,No,0,"Orander, King",King Orander,Orander,,Orander,N/A,M,Human,Unknown,Story Character,N/A,Unassigned,N/A,Unknown,Unknown,One of the kings in the gleeman tale “Mara and the Three Foolish Kings.”
Primary,Main,ToM,Yes,1,"Oratar, Child",Child Oratar,Oratar,,Child Oratar,N/A,M,Human,Current,Whitecloak,N/A,Unassigned,N/A,Unknown,Unknown,A bald member of the Children of the Light who was present when Perrin first met the Whitecloaks in the stedding.
Primary,Main,TDR,Yes,3,"Orban, Lord",Lord Orban,Orban,,Orban,N/A,M,Human,Current,Hunter of the Horn,N/A,Unassigned,N/A,Unknown,Unknown,A braggart Hunter of the Horn whom Moiraine and her company encountered at Wayland’s Forge Inn in Remen.
Alias,Main,TDR,N/A,N/A,Ordeith,Ordeith,Ordeith,,Ordeith,Padan Fain,N/A,N/A,N/A,N/A,N/A,N/A,N/A,N/A,N/A,Old Tongue for “Wormwood”; it was one of the names adopted by Padan Fain.
Primary,Main,TEotW,Yes,1,Oren Dautry,Oren Dautry,Oren,Dautry,Oren,N/A,M,Human,Current,Farmer,N/A,Unassigned,N/A,Andor,Unknown,"A Westwood farmer who was Rand and Tam’s nearest neighbor. Lean and tall, he was a shameless borrower."
Primary,Main,TPoD,Yes,1,Ortis,Ortis,Ortis,,Ortis,N/A,M,Human,Current,Soldier,N/A,Unassigned,N/A,Mayene,Unknown,"A gravelly-voiced squadman in the Mayener Winged Guards. Ortis was in his middle years, with one cheek burned."
Alias,Main,LoC,N/A,N/A,Osan'gar,Osan'gar,Osan'gar,,Osan'gar,Aginor,N/A,N/A,N/A,N/A,N/A,N/A,N/A,N/A,N/A,The name given to Aginor when he was resurrected. He joined the Asha’man under the name Corlan Dashiva.
Primary,Main,LoC,Yes,1,"Osana, Lady",Lady Osana,Osana,Osana,Osana,N/A,F,Human,Current,Domani Noble,N/A,Unassigned,N/A,Arad Doman,Unknown,"A Domani noblewoman. She was not young, but had a pale beauty and elegance that would last all her life."
Alias,Main,TGH,N/A,N/A,Oscar,Oscar,Oscar,,Oscar,Otarin,N/A,N/A,N/A,N/A,N/A,N/A,N/A,N/A,N/A,Alternative name for Otarin that Mat remembers.
Primary,Main,TSR,Yes,1,Oselle,Oselle,Oselle,,Oselle,N/A,F,Human,AoL,Ancient Aes Sedai,N/A,Unassigned,Unknown,Unknown,Unknown,An Aes Sedai during the Breaking who had long black hair; she helped make the Eye of the World.
Primary,Main,TGH,Yes,1,Otarin,Otarin,Otarin,,Otarin,N/A,M,Human,Current,Hero of the Horn,N/A,Unassigned,N/A,Unknown,Unknown,"A Hero of the Horn who appeared at Falme. When Rand saw him, he remembered ""Oscar"" as one of his past names."
Primary,Main,TSR,No,0,Owein,Owein,Owein,,Owein,N/A,M,Human,Current,Warder,N/A,Unassigned,N/A,Unknown,Unknown,One of Alanna’s Warders. He was killed by Whitecloaks in the Two Rivers; they caught him crossing an open field.
Primary,Main,TEotW,No,0,Owyn,Owyn,Owyn,,Owyn,N/A,M,Human,Current,Uncertain,N/A,Unassigned,Unknown,Andor,Unknown,"Thom Merrilin’s nephew from eastern Andor, near Aringill, the last of Thom’s blood kin. Owyn could channel."
Primary,Main,TEotW,Yes,26,Padan Fain,Padan Fain,Padan,Fain,Fain,N/A,M,Human,Current,Darkfriend,N/A,Yes,N/A,Murandy,Unknown,A skinny little Lugarder peddler with a big nose and wide ears. Merged with Mordeth and went by a variety of names.
Primary,Main,ToM,Yes,1,Padra,Padra,Padra,,Padra,N/A,F,Human,Future,Maiden of the Spear,N/A,Unassigned,N/A,Unknown,Unknown,"One of Rand and Aviendha’s quadruplets, she was seen in Aviendha’s viewings of the future in Rhuidean."
Primary,Main,LoC,Yes,1,Padry,Padry,Padry,,Padry,N/A,M,Human,Current,Servant,N/A,Unassigned,N/A,Unknown,Unknown,"A servant to Lord Culen and Lord Paers, Murandian Hunters of the Horn. A skinny man wearing a Murandian coat."
Primary,Main,TGH,Yes,1,Paedrig,Paedrig,Paedrig,,Paedrig,N/A,M,Human,Current,Hero of the Horn,N/A,Unassigned,N/A,Unknown,Unknown,"A Hero of the Horn who was called the golden-tongued peacemaker. Rand remembed ""Patrick"" being one of his names."
Primary,Main,LoC,Yes,1,"Paers, Lord",Lord Paers,Paers,,Paers,N/A,M,Human,Current,Hunter of the Horn,N/A,Unassigned,N/A,Murandy,Unknown,A Murandian nobleman who was a Hunter of the Horn. He spoke with a Mindean accent.
Primary,Main,TEotW,Yes,2,Paet al'Caar,Paet al'Caar,Paet,al'Caar,Paet,N/A,M,Human,Current,Uncertain,N/A,Unassigned,N/A,Andor,Unknown,A Two Rivers man. His wife was Nela and his son Wil; he had another son and two daughters.
Primary,Main,TSR,Yes,1,Paetram,Paetram,Paetram,,Paetram,N/A,M,Human,Current,Merchant,N/A,Unassigned,N/A,Kandor,Unknown,A fork-bearded Kandori master merchant whom Mat encountered drinking at an inn in Tear.
Primary,Main,TEotW,Yes,1,Paetram Aybara,Paetram Aybara,Paetram,Aybara,Paetram,N/A,M,Human,Current,Uncertain,N/A,Unassigned,N/A,Andor,Unknown,"Perrin’s younger brother; at nine years old, he, along with the rest of his family was murdered by Padan Fain."
Primary,Main,ACoS,Yes,5,Paitar Nachiman,Paitar Nachiman,Paitar,Nachiman,Paitar,N/A,M,Human,Current,King,N/A,Unassigned,N/A,Arafel,937 NE,"King of Arafel. About 6'2"" to 6'3"" tall, Paitar was straight-backed and broad-shouldered. He looked strong."
Primary,Main,TEotW,Yes,4,Paitr Conel,Paitr Conel,Paitr,Conel,Paitr,N/A,M,Human,Current,Darkfriend,N/A,Yes,N/A,Andor,Unknown,"A young man and Darkfriend from Market Sheran, Andor."
Primary,Main,TPoD,Yes,2,Paitr do Fearna a'Conn,Paitr do Fearna a'Conn,Paitr,do Fearna a'Conn,Paitr,N/A,M,Human,Current,Murandian Noble,N/A,Unassigned,N/A,Murandy,Unknown,"A Murandian lord. About 5'11"" tall, with a medium build, he had dark hair, dark eyes and curled mustaches."
Alias,Main,AMoL,N/A,N/A,Pansai,Pansai,Pansai,,Pansai,Aravine Carnel,N/A,N/A,N/A,N/A,N/A,N/A,N/A,N/A,N/A,The name Aravine assumed when posing as the head of a supply caravan transporting captives to a Trolloc camp.
Primary,Main,AMoL,No,0,Pappil,Pappil,Pappil,,Pappil,N/A,M,Human,Current,Stoneworker,N/A,Unassigned,N/A,Unknown,Unknown,"Bayrd's paternal grandfather, a stoneworker."
Primary,Main,TPoD,Yes,3,Parelean,Parelean,Parelean,,Parelean,N/A,M,Human,Current,Cha Faile,N/A,Unassigned,N/A,Tear,Unknown,A Tairen man who was a member of Cha Faile. He had a square jaw and wore fat-sleeved Tairen coats.
Primary,World,World,No,0,Parenia Demalle,Parenia Demalle,Parenia,Demalle,Parenia,N/A,F,Human,Historic,Aes Sedai,Gray,No,Unknown,Unknown,Unknown,An Aes Sedai of the Gray Ajah who served as Amyrlin from 817 to 866 NE.
Alias,Main,TGH,N/A,N/A,Patrick,Patrick,Patrick,,Patrick,Paedrig,N/A,N/A,N/A,N/A,N/A,N/A,N/A,N/A,N/A,Alternative name for Paedrig that Mat remembers.
Primary,Main,TDR,Yes,1,Patrim,Patrim,Patrim,,Patrim,N/A,M,Human,Current,Stablehand,N/A,Unassigned,N/A,Ghealdan,Unknown,"A stableboy at Harilin’s Leap in Jarra, Ghealdan. He had hay in his hair."
Primary,Main,TGS,Yes,1,Patrinda,Patrinda,Patrinda,,Patrinda,N/A,F,Human,Current,Aes Sedai,Red,No,Unknown,Unknown,Unknown,An Aes Sedai of the Red Ajah who guarded Egwene when she was imprisoned by Elaida and visited by Seaine.
Primary,Main,KoD,Yes,1,Pavil Geraneos,Pavil Geraneos,Pavil,Geraneos,Geraneos,N/A,M,Human,Current,Merchant,N/A,Unassigned,N/A,Illian,Unknown,"An Illianer buying gems in Saldaea. He was young, clean-shaven and dark-eyed."
Primary,Main,TGH,Yes,3,Pedra,Pedra,Pedra,,Pedra,N/A,F,Human,Current,Accepted,N/A,Unassigned,Unknown,Unknown,Unknown,"An Accepted who remained in the White Tower when the Tower split. About 5'1"" to 5'2"" tall, she was a wiry woman."
Primary,Main,TGH,Yes,4,Pedron Niall,Pedron Niall,Pedron,Niall,Niall,N/A,M,Human,Current,Whitecloak,N/A,Unassigned,N/A,Murandy,911 NE,"The Lord Captain Commander of the Children of the Light, he was considered one of the five great captains."
Primary,Main,TFoH,Yes,1,Pel,Pel,Pel,,Pel,N/A,M,Human,Current,Wagon Driver,N/A,Unassigned,N/A,Unknown,Unknown,"A gap-toothed wagon driver drinking at The Good Night’s Ride in Lugard, Murandy."
Primary,Main,TSR,Yes,1,Pel Aydaer,Pel Aydaer,Pel,Aydaer,Pel,N/A,M,Human,Current,Cabinetmaker,N/A,Unassigned,N/A,Andor,Unknown,A bald cabinetmaker in Emond’s Field who smoked a pipe.
Primary,Main,KoD,Yes,1,Pelanna,Pelanna,Pelanna,,Pelanna,N/A,F,Human,Current,Wavemistress,N/A,Unassigned,N/A,Sea Folk,Unknown,A Sea Folk Wavemistress and one of the First Twelve. A pink scar ran down the right side of her face.
Primary,Main,TGS,No,0,Pelateos,Pelateos,Pelateos,,Pelateos,N/A,U,Human,Historic,Author,N/A,Unassigned,N/A,Unknown,Unknown,"The author of Ponderings, one of the books that Min read."
Primary,Main,TFoH,Yes,5,Pelivar Coelan,Pelivar Coelan,Pelivar,Coelan,Pelivar,N/A,M,Human,Current,Andoran Noble,N/A,Unassigned,N/A,Andor,Unknown,"An Andoran man who was High Seat of House Coelan. He was 6'3"" tall, and lean, with dark hair, which he was losing."
Primary,Main,LoC,Yes,5,Peral Torval,Peral Torval,Peral,Torval,Torval,N/A,M,Human,Current,Asha'man,N/A,Yes,Unknown,Tarabon,Unknown,"A Taraboner Asha’man who was a crony of Taim, and a Darkfriend. About thirty, he was 6'1"" tall, with dark eyes."
Primary,Main,CoT,Yes,6,Perival Mantear,Perival Mantear,Perival,Mantear,Perival,N/A,M,Human,Current,Andoran Noble,N/A,Unassigned,N/A,Andor,988 NE,"A very young Andoran who was High Seat of House Mantear. About 5'4"" tall, and pretty, with golden hair."
Primary,Main,TEotW,Yes,185,Perrin Aybara,Perrin Aybara,Perrin,Aybara,Perrin,N/A,M,Human,Current,Ta'veren,N/A,Unassigned,N/A,Andor,978 NE,"A young ta’veren Emond’s Field man.The son of Con and Joslyn. He had a younger brother, and two younger sisters."
Alias,Main,TSR,N/A,N/A,Perrin Goldeneyes,Perrin Goldeneyes,Perrin,Goldeneyes,Perrin,Perrin Aybara,N/A,N/A,N/A,N/A,N/A,N/A,N/A,N/A,N/A,"The name that some called Perrin Aybara, inspired by his wolf-like eyes."
Alias,Main,LoC,N/A,N/A,Perrin t'Bashere Aybara,Perrin t'Bashere Aybara,Perrin,t'Bashere Aybara,Perrin,Perrin Aybara,N/A,N/A,N/A,N/A,N/A,N/A,N/A,N/A,N/A,Name for Perrin after he is married to Faile.
Primary,Main,LoC,Yes,1,Perwyn Belman,Perwyn Belman,Perwyn,Belman,Perwyn,N/A,M,Human,Current,Uncertain,N/A,Unassigned,N/A,Andor,Unknown,"The son of Nan, in Caemlyn. He reported to Fain that a Gray Man had tried to kill Rand."
Primary,Main,TFoH,Yes,12,Petra Anhill,Petra Anhill,Petra,Anhill,Petra,N/A,M,Human,Current,Luca's Circus,N/A,Unassigned,N/A,Unknown,Unknown,"The strongman in Valan Luca’s circus. He was married to Clarine, the dog trainer. About 5'10"" tall and very wide."
Primary,Main,ACoS,Yes,20,Pevara Tazanovni,Pevara Tazanovni,Pevara,Tazanovni,Pevara,N/A,F,Human,Current,Aes Sedai,Red,No,14(2),Kandor,839 NE,"A Kandori Aes Sedai of the Red Ajah and a loyalist. About 5'4"" tall, and pleasingly plump, with short black hair."
Primary,Main,TFoH,Yes,3,Pevin,Pevin,Pevin,,Pevin,N/A,M,Human,Current,Bannerman,N/A,Unassigned,N/A,Cairhien,Unknown,A Cairhienin refugee who became Rand’s bannerman. An expressionless man with thinning hair.
Primary,Main,TFoH,Yes,2,Phaedrine,Phaedrine,Phaedrine,,Phaedrine,N/A,F,Human,Current,Aes Sedai,Brown,No,35(23),Unknown,Unknown,"An Aes Sedai of the Brown Ajah and the rebels. About 5'3"" tall, she was lean and small-boned, with brown eyes."
Primary,Main,AMoL,No,1,Piava,Piava,Piava,,Piava,N/A,F,Human,Current,Aes Sedai,Unknown,No,Unknown,Unknown,Unknown,An Aes Sedai who served with Egwene at the Last Battle.
Primary,Main,TDR,Yes,2,Piesa,Piesa,Piesa,,Piesa,N/A,F,Horse,Current,Horse,N/A,Unassigned,N/A,Unknown,Unknown,"Leya’s shaggy brown and white mare, which she rode to her meeting with Moiraine in the Mountains of Mist."
Primary,Main,TSR,Yes,34,Pips,Pips,Pips,,Pips,N/A,M,Horse,Current,Horse,N/A,Unassigned,N/A,Unknown,Unknown,Mat’s dark chestnut gelding with a blunt nose. A sharp eye could notice his deep chest and strong withers.
Primary,Main,TGS,Yes,3,Piqor Ramshalan,Piqor Ramshalan,Piqor,Ramshalan,Ramshalan,N/A,M,Human,Current,Domani Noble,N/A,Unassigned,N/A,Arad Doman,Unknown,"A Domani nobleman who was obsequious and something of a fop. Lanky, with a prominent nose."
Primary,Main,ACoS,Yes,4,Pol,Pol,Pol,,Pol,N/A,F,Human,Current,Servant,N/A,Unassigned,N/A,Unknown,Unknown,"Merilille’s servant in Ebou Dar, who traveled with Elayne’s party to Caemlyn. A slender, gray-haired woman.."
Primary,Main,WH,Yes,1,"Posavina, Master",Master Posavina,Master,Posavina,Master Posavina,N/A,M,Human,Current,Merchant,N/A,Unassigned,N/A,Kandor,Unknown,A Kandori trader with a pearl in his ear and a gray-streaked forked beard.
Primary,Main,WH,Yes,1,Powl,Powl,Powl,,Powl,N/A,M,Human,Current,Warder,N/A,Yes,N/A,Unknown,Unknown,One of Asne’s four Warders. He was the only one who was a Darkfriend.
Alias,Main,KoD,N/A,N/A,Precious,Precious,Precious,,Precious,Tuon Athaem Kore Paendrag,N/A,N/A,N/A,N/A,N/A,N/A,N/A,N/A,N/A,Pet name that Mat made up for Tuon.
Primary,Main,TGH,No,0,"Priket, Goodman",Goodman Priket,Goodman Priket,,Goodman Priket,N/A,M,Human,Unknown,Song Character,N/A,Unassigned,N/A,Unknown,Unknown,A goodman in the song “Goodman Priket’s Pipe.”
Title,Main,LoC,N/A,N/A,Prince of the Dawn,Prince of the Dawn,Prince of the Dawn,,Prince of the Dawn,Rand al'Thor,N/A,N/A,N/A,N/A,N/A,N/A,N/A,N/A,N/A,"Another name for The Dragon, applied to both Lews Therin and Rand al'Thor."
Title,Main,TEotW,N/A,N/A,Prince of the Morning,Prince of the Morning,Prince of the Morning,,Prince of the Morning,Rand al'Thor,N/A,N/A,N/A,N/A,N/A,N/A,N/A,N/A,N/A,"Another name for The Dragon, applied to both Lews Therin and Rand al'Thor."
Title,Main,KoD,N/A,N/A,"Prince of the Ravens, the",Prince of the Ravens,Prince of the Ravens,,Prince of the Ravens,Matrim Cauthon,N/A,N/A,N/A,N/A,N/A,N/A,N/A,N/A,N/A,Mat’s title after marrying Tuon.
Primary,Main,CoT,Yes,3,Pritalle Nerbaijan,Pritalle Nerbaijan,Pritalle,Nerbaijan,Pritalle,N/A,F,Human,Current,Aes Sedai,Yellow,No,Unknown,Saldaea,Unknown,A Saldaean Aes Sedai of the Yellow Ajah and the loyalist contingent. She had green eyes and a small nose.
Title,Main,TEotW,N/A,N/A,Promised One,Promised One,Promised One,,Promised One,Rand al'Thor,N/A,N/A,N/A,N/A,N/A,N/A,N/A,N/A,N/A,"Name used in prophecies to refer to the Dragon Reborn, Rand al'Thor."
Title,Main,TSR,N/A,N/A,"Prophet, The",The Prophet,The Prophet,,The Prophet,Masema Dagar,N/A,N/A,N/A,N/A,N/A,N/A,N/A,N/A,N/A,"A man named Masema Dagar, a former soldier who became an unauthorized, militant evangelist for the Dragon Reborn."
Alias,Main,TGH,N/A,N/A,Pura,Pura,Pura,,Pura,Ryma Galfrey,N/A,N/A,N/A,N/A,N/A,N/A,N/A,N/A,N/A,A damane whose real name was Ryma Galfrey; an Aes Sedai of the Yellow Ajah who was captured by the Seanchan.
Primary,Main,AMoL,Yes,1,Pylar,Pylar,Pylar,,Pylar,N/A,F,Human,Current,Aes Sedai,Brown,No,Unknown,Unknown,Unknown,An Aes Sedai of the Brown Ajah who was adept with weaves of Earth; she fought in the Last Battle with Egwene.
Primary,Main,ToM,Yes,1,Qi,Qi,Qi,,Qi,N/A,M,Human,Current,Soldier,N/A,Unassigned,N/A,Shienar,Unknown,One of the group of Shienaran soldiers who joined Lan in eastern Kandor as he traveled toward Tarwin’s Gap.
Primary,Main,TPoD,Yes,2,Quick,Quick,Quick,,Quick,N/A,U,Horse,Current,Horse,N/A,Unassigned,N/A,Unknown,Unknown,"Bashere’s horse, a bay."
Primary,Main,TGS,Yes,1,Quillin Tasil,Quillin Tasil,Quillin,Tasil,Quillin,N/A,M,Human,Current,Innkeeper,N/A,Unassigned,N/A,Andor,Unknown,"The Andoran innkeeper of The Wind’s Favor in Bandar Eban. Tall and slender with an oval face, and a full gray beard."
Primary,Main,TDR,Yes,1,Raab,Raab,Raab,,Raab,N/A,M,Human,Current,Gambler,N/A,Unassigned,N/A,Sea Folk,Unknown,A Sea Folk sailor and gambler whom Mat encountered in Tar Valon. He won a lot of money by betting on Mat.
Primary,World,World,No,0,Rabayn Marushta,Rabayn Marushta,Rabayn,Marushta,Rabayn,N/A,F,Human,Historic,Aes Sedai,White,No,Unknown,Unknown,Unknown,An Aes Sedai of the White Ajah who served as Amyrlin Seat from 5 to 36 NE. Rabayn was a weak Amyrlin.
Primary,Main,LoC,No,0,Rabbit Nose,Rabbit Nose,Rabbit Nose,,Rabbit Nose,N/A,M,Wolf,Current,Wolf,N/A,Unassigned,N/A,Unknown,Unknown,"A young, very fierce male wolf. Perrin contacted him for information after he and others set out to find Rand."
Primary,NS,NS,Yes,1,Racelle Arovni,Racelle Arovni,Racelle,Arovni,Racelle,N/A,F,Human,Current,Innkeeper,N/A,Unassigned,N/A,Kandor,Unknown,"A Kandori woman who was the innkeeper of The Blue Rose in Canluum. She was graying, tall and handsome."
Primary,Main,ACoS,Yes,1,Rad al'Dai,Rad al'Dai,Rad,al'Dai,Rad,N/A,M,Human,Current,Bannerman,N/A,Unassigned,N/A,Andor,Unknown,A Two Rivers man who sometimes acted as Perrin’s bannerman.
Primary,Main,KoD,No,0,Radhanan,Radhanan,Radhanan,,Radhanan,N/A,F,Human,Current,Empress,N/A,Unassigned,N/A,Seanchan,Unknown,"The Empress of the Seanchan. She had a number of children, including Aurana, Chimal, Ravashi and Tuon."
Primary,Main,LoC,No,0,Radlin,Radlin,Radlin,,Radlin,N/A,M,Ogier,Historic,Uncertain,N/A,Unassigned,N/A,Unknown,Unknown,"Father of Kolom father of Serden, the last being an Ogier who developed a theory about the Ways."
Primary,Main,ToM,Yes,2,Raechin Connoral,Raechin Connoral,Raechin,Connoral,Raechin,N/A,F,Human,Current,Aes Sedai,Red,No,Unknown,Unknown,Unknown,An Aes Sedai of the Red Ajah and the loyalist contingent. She and her sister Viria became Sitters in the Tower.
Primary,Main,LoC,Yes,2,Raefar Kisman,Raefar Kisman,Raefar,Kisman,Kisman,N/A,M,Human,Current,Asha'man,N/A,Yes,Unknown,Tear,980 NE,"A Tairen Asha’man, a crony of Taim, and a Darkfriend. He was in Far Madding with Rochaid to trap and kill Rand."
Primary,Main,AMoL,Yes,1,Raemassa,Raemassa,Raemassa,,Raemassa,N/A,F,Human,Current,Aes Sedai,Unknown,No,Unknown,Unknown,Unknown,An Aes Sedai who was with Egwene in Kandor when the Sharans appeared in the Last Battle.
Primary,Main,TEotW,Yes,7,Raen,Raen,Raen,,Raen,N/A,M,Human,Current,Tinker,N/A,Unassigned,N/A,Tinker,Unknown,"The Mahdi (Seeker) of a Tinker caravan. Husband of Ila and grandfather of Aram, he was short and wiry with gray hair."
Primary,Main,LoC,Yes,6,Rafela Cindal,Rafela Cindal,Rafela,Cindal,Rafela,N/A,F,Human,Current,Aes Sedai,Blue,No,16(4),Tear,948 NE,"A Tairen Aes Sedai of the Blue Ajah and the rebels. About 5'5"" tall, and plump, she had a round face."
Primary,Main,TEotW,Yes,15,Ragan,Ragan,Ragan,,Ragan,N/A,M,Human,Current,Soldier,N/A,Unassigned,N/A,Shienar,Unknown,"A Shienaran soldier. He had a white triangular scar on his dark right cheek, which almost mirrored Masema’s scar."
Primary,Main,AMoL,No,0,Ragon,Ragon,Ragon,,Ragon,N/A,M,Human,Current,Soldier,N/A,Unassigned,N/A,Unknown,Unknown,A soldier in Lan’s army in the Last Battle who died when he charged his horse at a group of thirty Trollocs.
Primary,Main,CoT,Yes,1,Rahema Arnon,Rahema Arnon,Rahema,Arnon,Mistress Arnon,N/A,F,Human,Current,Merchant,N/A,Unassigned,N/A,Unknown,Unknown,"A grain merchant whom Perrin dealt with in So Habor, Altara. She was haggard and dirty, with sunken eyes."
Primary,NS,NS,No,0,Rahien Demain,Rahien Demain,Rahien,Demain,Rahien,N/A,M,Human,Current,Uncertain,N/A,Unassigned,N/A,Kandor,Unknown,A child in Chachin whose name meant “dawn.” He was on Moiraine’s list of potential Dragon Reborn infants.
Primary,Main,CoT,No,0,Rahman,Rahman,Rahman,,Rahman,N/A,M,Human,Current,Domani Noble,N/A,Unassigned,N/A,Arad Doman,Unknown,A powerful Domani nobleman who was supposed to be following Ituralde.
Primary,Main,TSR,Yes,8,Rahvin,Rahvin,Rahvin,,Rahvin,N/A,M,Human,Current,Forsaken,N/A,Yes,"""++1""",Unknown,Unknown,"Originally named Ared Mosinel. He was dark and extremely handsome, with gray at his temples and very dark eyes."
Primary,Main,TFoH,No,0,Raidhen of Hol Cuchone,Raidhen of Hol Cuchone,Raidhen,,Raidhen,N/A,U,Human,Historic,Ruler,N/A,Unassigned,N/A,Unknown,Unknown,A ruler of a country that existed four hundred years after the Breaking.
Primary,Main,TEotW,Yes,1,Raimun Holdwin,Raimun Holdwin,Raimun,Holdwin,Holdwin,N/A,M,Human,Current,Innkeeper,N/A,Yes,N/A,Unknown,Unknown,The Darkfriend innkeeper at The Goose and Crown in Andor. He met with a Fade who was looking for Rand and Mat.
Primary,Main,TPoD,Yes,5,Rainyn din Burun,Rainyn din Burun,Rainyn,din Burun,Rainyn,N/A,F,Human,Current,Windfinder,N/A,Unassigned,13(1),Sea Folk,Unknown,A Sea Folk Windfinder on a darter. She took part in using the Bowl of the Winds.
Primary,Main,CoT,Yes,3,"Rajabi, Lord",Lord Rajabi,Rajabi,,Rajabi,N/A,M,Human,Current,Domani Noble,N/A,Unassigned,N/A,Arad Doman,Unknown,Powerful Domani nobleman who joined Ituralde’s forces. Bull-necked and with a bull’s temperament.
Primary,Main,LoC,Yes,3,Rajar,Rajar,Rajar,,Rajar,N/A,M,Human,Current,Youngling,N/A,Unassigned,N/A,Arad Doman,Unknown,A Domani who trained at the White Tower for six years; he joined the Younglings.
Primary,Main,NS,Yes,3,Rakim,Rakim,Rakim,,Rakim,N/A,M,Human,Current,Soldier,N/A,Unassigned,N/A,Saldaea,Unknown,A Saldaean soldier who served with Lan in the Aiel War. Hoarse-voiced from being taken in the throat by an Aiel arrow.
Primary,Main,KoD,Yes,1,Ramesa,Ramesa,Ramesa,,Ramesa,N/A,F,Human,Current,Aes Sedai,White,No,Unknown,Arafel,Unknown,An Arafellin Aes Sedai of the White Ajah and the loyalist contingent. She was tall and slender.
Primary,Main,TEotW,Yes,2,Ramey,Ramey,Ramey,,Ramey,N/A,M,Human,Current,Stablehand,N/A,Unassigned,N/A,Unknown,Unknown,"The head groom at The Queen’s Blessing, Basel Gill’s inn in Caemlyn. Horse-faced with leathery skin."
Primary,Main,ToM,Yes,1,Ramola,Ramola,Ramola,,Ramola,N/A,F,Human,Current,Aes Sedai,Unknown,Yes,Unknown,Unknown,Unknown,An Aes Sedai of the Black Ajah. She and Alviarin fought back-to-back as bait to lure Egwene to Mesaana.
Primary,Main,LoC,Yes,1,Ramsid,Ramsid,Ramsid,,Ramsid,N/A,M,Human,Current,Domani Noble,N/A,Unassigned,N/A,Arad Doman,Unknown,The dark-haired brother of Domani King Alsalam. He was taken by Graendal and became one of her acrobats.
Primary,Main,LoC,No,0,Rana,Rana,Rana,,Rana,N/A,F,Human,Current,Seamstress,N/A,Unassigned,N/A,Andor,Unknown,"One of Min’s aunts. Rana worked as a seamstress, and never married. She was very proper."
Primary,Main,TEotW,Yes,256,Rand al'Thor,Rand al'Thor,Rand,al'Thor,Rand,N/A,M,Human,Current,Ta'veren,N/A,Unassigned,"""++1""",Andor,978 NE,"The Dragon Reborn. About 6'6"" tall and 235 pounds. He was good-looking with dark reddish hair, and blue/gray eyes."
Primary,Main,ToM,Yes,1,Ranun Sinah,Ranun Sinah,Ranun,Sinah,Ranun,N/A,M,Human,Current,Whitecloak,N/A,Unassigned,N/A,Unknown,Unknown,A Whitecloak soldier killed in battle with Shadowspawn on the Jehannah Road.
Primary,Main,TEotW,No,0,Raolin Darksbane,Raolin Darksbane,Raolin,Darksbane,Raolin Darksbane,N/A,M,Human,Historic,False Dragon,N/A,Unassigned,Unknown,Far Madding,Unknown,"A false Dragon. He supposedly declared himself very early in 335 AB, and fell in 336 AB."
Primary,Main,LoC,Yes,1,Rashan (1),Rashan,Rashan,,Rashan,N/A,M,Human,Current,Servant,N/A,Unassigned,N/A,Unknown,Unknown,A muscular young man who was one of Graendal’s pets. Sammael sliced him in half with a gateway.
Primary,Main,LoC,No,0,Rashan (2),Rashan,Rashan,,Rashan,N/A,M,Human,Current,Warder,N/A,Unassigned,N/A,Unknown,Unknown,"Erian’s Warder, one of two who survived Rand’s rage when he tried to escape from the Tower Aes Sedai."
Primary,Main,LoC,No,0,Rashima Kerenmosa,Rashima Kerenmosa,Rashima,Kerenmosa,Rashima,N/A,F,Human,Historic,Aes Sedai,Green,No,Unknown,Unknown,1150 AB,An Aes Sedai of the Green Ajah who was known as the Soldier Amyrlin.
Primary,Main,WH,Yes,5,Rasoria Domanche,Rasoria Domanche,Rasoria,Domanche,Rasoria,N/A,F,Human,Current,Queen's Guard,N/A,Unassigned,N/A,Tear,Unknown,A Tairen woman who was part of Elayne’s bodyguard. She was stocky with blue eyes and short yellow hair.
Primary,Main,KoD,No,0,Ravashi,Ravashi,Ravashi,,Ravashi,N/A,F,Human,Current,Seanchan Noble,N/A,Unassigned,N/A,Seanchan,Unknown,Tuon’s ambitious older sister who Tuon thought might have plotted against her.
Primary,Main,ToM,No,0,Raven Empress,Raven Empress,Raven Empress,,Raven Empress,N/A,F,Human,Future,Empress,N/A,Unassigned,N/A,Seanchan,Unknown,Name used by the Aiel for the Seanchan Empress during Aviendha’s visions of the future.
Primary,WoTC,WoTC,No,0,Razina Hazzan,Razina Hazzan,Razina,Hazzan,Razina,N/A,F,Human,Current,Aes Sedai,Brown,No,28(16),Saldaea,870 NE,"A Saldaean Aes Sedai of the Brown Ajah and the loyalist contingent, with a strength level of 28(16)."
Primary,Main,ACoS,Yes,1,Reale,Reale,Reale,,Reale,N/A,F,Human,Current,Servant,N/A,Unassigned,N/A,Unknown,Unknown,An attendant of Colavaere in Cairhien. She replaced Maire.
Primary,Main,ACoS,Yes,18,Reanne Corly,Reanne Corly,Reanne,Corly,Reanne,N/A,F,Human,Current,Kinswoman,N/A,Unassigned,14(2),Unknown,588 NE,"A Kin and a member of the Knitting Circle in Ebou Dar. About 5'5"" tall, with blue eyes and mostly gray hair."
Primary,Main,ToM,No,0,Rebek,Rebek,Rebek,,Rebek,N/A,U,Human,Current,Uncertain,N/A,Unassigned,N/A,Unknown,Unknown,Someone to whom the merchant Barriga thought he should have listened.
Primary,Main,TEotW,Yes,20,Red,Red,Red,,Red,N/A,M,Horse,Current,Horse,N/A,Unassigned,N/A,Unknown,Unknown,A tall bay stallion with a deep chest. Basel Gill gave Rand the horse in Caemlyn.
Primary,Main,ToM,Yes,1,Redbord,Redbord,Redbord,,Redbord,N/A,M,Human,Current,Tough,N/A,Unassigned,N/A,Unknown,Unknown,A street tough in Bandar Eban whom Rand and Durnham convinced to help clean up the city.
Primary,Main,WH,No,0,Redwing,Redwing,Redwing,,Redwing,N/A,F,Horse,Current,Horse,N/A,Unassigned,N/A,Unknown,Unknown,Medore Damara’s favorite mare.
Primary,Main,ToM,Yes,2,Reed Soalen,Reed Soalen,Reed,Soalen,Reed,N/A,M,Human,Current,Soldier,N/A,Unassigned,N/A,Andor,Unknown,A Two Rivers man with Perrin. He guarded Perrin after Aram’s death.
Primary,Main,LoC,Yes,15,Reene Harfor,Reene Harfor,Reene,Harfor,Mistress Harfor,N/A,F,Human,Current,Maid,N/A,Unassigned,N/A,Unknown,Unknown,The First Maid of the Royal Palace in Caemlyn. A slightly plump woman with graying hair worn in a bun atop her head.
Primary,Main,CoT,Yes,1,Reiko Kerevon,Reiko Kerevon,Reiko,Kerevon,Reiko,N/A,F,Human,Current,Aes Sedai,Blue,No,38(26),Arafel,827 NE,An Arafellin Aes Sedai of the Blue Ajah and the rebels. She was stout and had long dark hair that had silver bells.
Primary,Main,TSR,Yes,3,Reimon,Reimon,Reimon,,Reimon,N/A,M,Human,Current,Tairen Noble,N/A,Unassigned,N/A,Tear,Unknown,A Tairen nobleman. Broad-shouldered with an oiled dark beard trimmed to a neat point.
Primary,World,World,No,0,Remedan the Goldentongued,Remedan the Goldentongued,Remedan,,Remedan,N/A,M,Human,Historic,King,N/A,Unassigned,N/A,Aelgar,Unknown,"A king of Aelgar, one of the Ten Nations."
Primary,Main,TSR,Yes,1,Ren Chandin,Ren Chandin,Ren,Chandin,Ren,N/A,M,Human,Current,Uncertain,N/A,Unassigned,N/A,Andor,Unknown,A Two Rivers man who joined Perrin’s band in the Two Rivers. He was killed in a Trolloc ambush.
Primary,Main,ACoS,Yes,11,Renaile din Calon Blue Star,Renaile din Calon Blue Star,Renaile,din Calon Blue Star,Renaile,N/A,F,Human,Current,Windfinder,N/A,Unassigned,18(6),Sea Folk,Unknown,"The Windfinder to Nesta din Reas. About 5'6"" tall, and dignified, with a cool, deep voice and large dark eyes."
Primary,Main,TGS,No,0,Renala Merlon,Renala Merlon,Renala,Merlon,Renala,N/A,F,Human,Historic,Uncertain,N/A,Unassigned,N/A,Unknown,Unknown,A historical figure whom Egwene hoped the Brown Ajah would come across in their studies.
Primary,Main,TGS,Yes,2,Renald Fanwar,Renald Fanwar,Renald,Fanwar,Renald,N/A,M,Human,Current,Farmer,N/A,Unassigned,N/A,Borderlands,Unknown,"A prosperous Borderlands farmer. His wife was Auaine, and they had a number of sons."
Primary,Main,ToM,Yes,1,Renald Macer,Renald Macer,Renald,Macer,Renald,N/A,M,Human,Current,Queen's Guard,N/A,Unassigned,N/A,Unknown,Unknown,A sergeant in the Queen’s Guard in Caemlyn. Stout and bald with wide hands and a mustache.
Primary,Main,TSR,Yes,4,Rendra,Rendra,Rendra,,Rendra,N/A,F,Human,Current,Innkeeper,N/A,Unassigned,N/A,Tarabon,Unknown,A woman who was the innkeeper of The Three Plums Court in Tanchico. She looked a good bit like Liandrin.
Primary,Main,AMoL,Yes,1,Renel,Renel,Renel,,Renel,N/A,F,Human,Future,Fruit Seller,N/A,Unassigned,N/A,Unknown,Unknown,Woman present in the Dark One’s second vision of the future. She sells fruit in Caemlyn from around the world.
Primary,Main,TGH,Yes,9,Renna Emain,Renna Emain,Renna,Emain,Renna,N/A,F,Human,Current,Sul'dam,N/A,Unassigned,Unknown,Seanchan,Unknown,A Seanchan sul’dam. She first put the a’dam on Egwene and worked Egwene as a damane.
Primary,Main,ToM,No,0,Reo Myershi,Reo Myershi,Reo,Myershi,Reo,N/A,M,Human,Historic,Arafellin Noble,N/A,Unassigned,N/A,Arafel,Unknown,Ancestor of King Paitar of Arafel who heard a Foretelling of importance about the Dragon Reborn and passed it down.
Primary,Main,TFoH,No,0,Resara,Resara,Resara,,Resara,N/A,F,Human,Current,Uncertain,N/A,Unassigned,N/A,Arad Doman,Unknown,Leane’s aunt in Arad Doman.
Primary,Main,ToM,No,0,Rett,Rett,Rett,,Rett,N/A,U,Human,Current,Soldier,N/A,Unassigned,N/A,Unknown,Unknown,A soldier who died defending Ituralde at Maradon in Saldaea.
Primary,Main,LoC,Yes,5,Rhadam Asunawa,Rhadam Asunawa,Rhadam,Asunawa,Asunawa,N/A,M,Human,Current,Whitecloak,N/A,Unassigned,N/A,Unknown,Unknown,"The High Inquisitor of the Hand of the Light. Tall and gaunt with deep-set dark eyes, gray hair and thick gray eyebrows."
Primary,Main,TSR,Yes,1,Rhea (1),Rhea,Rhea,,Rhea,N/A,F,Human,Historic,Jenn Aiel,N/A,Unassigned,N/A,Jenn Aiel,Unknown,A woman of the Jenn Aiel after the Breaking who was kidnapped by bandits after a raid.
Primary,Main,TEotW,No,0,Rhea (2),Rhea,Rhea,,Rhea,N/A,F,Human,Unknown,Song Character,N/A,Unassigned,N/A,Unknown,Unknown,"A woman in a gleeman’s song, “Rhea’s Fling.”"
Primary,Main,TEotW,No,0,Rhea (3),Rhea,Rhea,,Rhea,N/A,F,Human,Historic,Uncertain,N/A,Unassigned,N/A,Unknown,Unknown,The wife and killer of Caar al Thorin of Manetheren.
Primary,Main,LoC,Yes,1,Rhea Avin,Rhea Avin,Rhea,Avin,Rhea,N/A,F,Human,Current,Uncertain,N/A,Unassigned,N/A,Andor,Unknown,An Emond’s Field woman. She and Sharmad Zeffar were both interested in Wil al’Seen.
Primary,Main,ACoS,Yes,4,Rhiale,Rhiale,Rhiale,,Rhiale,N/A,F,Human,Current,Wise One,N/A,Unassigned,19(7),Aiel,Unknown,"Wise One of the Shaido Aiel (not a Jumai) able to channel. About 5'9"" tall, with flame-colored hair and blue eyes."
Primary,Main,TGH,Yes,1,Rhian,Rhian,Rhian,,Rhian,N/A,F,Human,Current,Maiden of the Spear,N/A,Unassigned,N/A,Aiel,Unknown,An Aiel of Far Dareis Mai. She had gray eyes and reddish-brown hair.
Primary,Main,ACoS,No,0,"Rhiannon, Queen",Queen Rhiannon,Rhiannon,,Rhiannon,N/A,F,Human,Historic,Queen,N/A,Unassigned,N/A,Unknown,Unknown,A queen from history who went to the White Tower and tried to dominate its inhabitants; she wound up being humbled.
Primary,Main,TSR,Yes,1,Rhodric,Rhodric,Rhodric,,Rhodric,N/A,M,Human,Historic,Aiel Warrior,N/A,Unassigned,N/A,Aiel,Unknown,An Aiel after the Breaking. He and his greatfather Jeordam followed the Jenn Aiel across the Spine of the World.
Primary,Main,TDR,Yes,43,Rhuarc,Rhuarc,Rhuarc,,Rhuarc,N/A,M,Human,Current,Aiel Clan Chief,N/A,Unassigned,N/A,Aiel,Unknown,A man of the Nine Valleys sept of the Taardad Aiel and of the Aethan Dor society who was clan chief of the Taardad.
Primary,Main,KoD,Yes,1,Rhys a'Balaman,Rhys a'Balaman,Rhys,a'Balaman,a'Balaman,N/A,M,Human,Current,Mercenary,N/A,Unassigned,N/A,Murandy,Unknown,"A Murandian mercenary working for Elayne who turned traitor, and was executed. He was tall and lean-faced."
Primary,Main,ACoS,Yes,3,Riallin,Riallin,Riallin,,Riallin,N/A,F,Human,Current,Maiden of the Spear,N/A,Unassigned,N/A,Aiel,Unknown,An Aiel woman of Far Dareis Mai with vivid yellow-red hair. She actually managed to appear plump for a Maiden.
Primary,Main,TDR,Yes,5,Rianna Andomeran,Rianna Andomeran,Rianna,Andomeran,Rianna,N/A,F,Human,Current,Aes Sedai,White,Yes,21(9),Kandor,924 NE,"A Kandori Aes Sedai of the White Ajah, but actually Black. She was 5'4"" and had black hair with a white streak."
Primary,Main,ToM,Yes,1,Riddem,Riddem,Riddem,,Riddem,N/A,M,Human,Current,Band of the Red Hand,N/A,Unassigned,N/A,Unknown,Unknown,A Redarm who fell victim to the gholam while guarding Mat’s tent in the camp outside Caemlyn.
Primary,NS,NS,Yes,1,Ries Gorthanes,Ries Gorthanes,Ries,Gorthanes,Gorthanes,N/A,M,Human,Current,Uncertain,N/A,Unassigned,N/A,Cairhien,Unknown,A suspicious Cairhienin man who was trying to obtain information about Moiraine.
Primary,Main,TDR,No,0,Rilith,Rilith,Rilith,,Rilith,N/A,F,Human,Current,Uncertain,N/A,Unassigned,N/A,Ghealdan,Unknown,"A weaver’s daughter in Jarra, Ghealdan, who asked Jon, who was old enough to be her father and more, to marry her."
Primary,Main,TPoD,Yes,2,Rina Hafden,Rina Hafden,Rina,Hafden,Rina,N/A,F,Human,Current,Aes Sedai,Green,No,22(10),Amadicia,923 NE,"An Amadician Aes Sedai of the Green Ajah and a loyalist. Lovely despite being stocky, with a square face."
Primary,Main,TGS,Yes,1,Rinnin,Rinnin,Rinnin,,Rinnin,N/A,M,Human,Current,Farmhand,N/A,Unassigned,N/A,Borderlands,Unknown,One of Renald Fanwar’s farmhands.
Primary,Main,ACoS,Yes,3,Riselle,Riselle,Riselle,,Riselle,N/A,F,Human,Current,Altaran Noble,N/A,Unassigned,N/A,Altara,Unknown,An Altaran noblewoman with an impressive bosom. Tylin gave her the task of caring for Olver.
Primary,Main,ToM,Yes,1,Rising,Rising,Rising,,Rising,N/A,M,Horse,Current,Horse,N/A,Unassigned,N/A,Unknown,Unknown,A tall dun gelding that Birgitte rode to Elayne’s Cairhienin coronation. It was one of the fastest horses in the stables.
Primary,Main,LoC,No,0,Rissen,Rissen,Rissen,,Rissen,N/A,M,Human,Current,Soldier,N/A,Unassigned,N/A,Saldaea,Unknown,"A Saldaean soldier under Bashere in Caemlyn. He had odd ideas about Aes Sedai, as did his friends Vilnar and Jidar."
Primary,Main,ToM,Yes,1,Rittle,Rittle,Rittle,,Rittle,N/A,M,Human,Current,Gambler,N/A,Unassigned,N/A,Unknown,Unknown,"A man in Caemlyn with a fondness for garlic; he attempted to cheat Mat at Koronko’s Spit, a dicing game."
Primary,Main,ToM,Yes,1,Robb Solter,Robb Solter,Robb,Solter,Robb,N/A,M,Human,Current,Soldier,N/A,Unassigned,N/A,Andor,Unknown,A Two Rivers man sent to fetch a pavilion for Perrin’s meeting with the Children of the Light.
Primary,Main,TFoH,Yes,17,Rodel Ituralde,Rodel Ituralde,Rodel,Ituralde,Ituralde,N/A,M,Human,Current,General,N/A,Unassigned,N/A,Arad Doman,Unknown,"A great Domani general, sometimes called the Little Wolf; he was considered to be one of the five great captains."
Primary,Main,LoC,Yes,2,Rodera,Rodera,Rodera,,Rodera,N/A,F,Human,Current,Maiden of the Spear,N/A,Unassigned,N/A,Aiel,Unknown,A woman of the Shaido Aiel and Far Dareis Mai who was taken gai’shain at the battle for Cairhien.
Primary,Main,TGS,No,0,Rodic,Rodic,Rodic,,Rodic,N/A,M,Human,Current,Youngling,N/A,Unassigned,N/A,Unknown,Unknown,A squadleader in the Younglings. He went on patrols out of Dorlan to harry Bryne’s forces.
Primary,Main,TPoD,Yes,5,Rodrivar Tihera,Rodrivar Tihera,Rodrivar,Tihera,Tihera,N/A,M,Human,Current,Defender of the Stone,N/A,Unassigned,N/A,Tear,Unknown,"Commander of the Defenders of the Stone in Tear. A lean fellow, dark even for a Tairen, with a short beard."
Primary,Main,LoC,Yes,2,Roedran Almaric do Arreloa a'Naloy,Roedran Almaric do Arreloa a'Naloy,Roedran,Almaric do Arreloa a'Naloy,Roedran,N/A,M,Human,Current,King,N/A,Unassigned,N/A,Murandy,Unknown,"King of Murandy. About 5'10"" tall, and fat, with puffy dark eyes and thinning hair more white than black."
Primary,Main,TEotW,Yes,2,Rogosh Eagle-eye,Rogosh Eagle-eye,Rogosh,Eagle-eye,Rogosh,N/A,M,Human,Current,Hero of the Horn,N/A,Unassigned,N/A,Unknown,Unknown,"One of the Heroes of the Horn. Also known as Rogosh of Talmour, he was a fatherly-looking man with white hair."
Alias,Main,TEotW,N/A,N/A,Rogosh of Talmour,Rogosh of Talmour,Rogosh,,Rogosh,Rogosh Eagle-eye,N/A,N/A,N/A,N/A,N/A,N/A,N/A,N/A,N/A,Another name of Rogosh Eagle-eye.
Primary,Main,TFoH,Yes,2,Roidan,Roidan,Roidan,,Roidan,N/A,M,Human,Current,Aiel Warrior,N/A,Unassigned,N/A,Aiel,Unknown,A man of the Salt Flat sept of the Nakai Aiel and of Sha’mad Conde. He had more gray than yellow in his hair.
Primary,Main,KoD,Yes,1,"Roidelle, Master",Master Roidelle,Master,Roidelle,Master Roidelle,N/A,M,Human,Current,Mapmaker,N/A,Unassigned,N/A,Unknown,Unknown,"The very stout, graying mapmaker for the Band of the Red Hand. He had six fit young assistants."
Primary,Main,TPoD,Yes,8,Rolan,Rolan,Rolan,,Rolan,N/A,M,Human,Current,Aiel Warrior,N/A,Unassigned,N/A,Aiel,Unknown,"A Mera’din who joined the Shaido. As wide as Perrin, he was 6'8"" tall, with blue eyes."
Primary,Main,LoC,Yes,28,Romanda Cassin,Romanda Cassin,Romanda,Cassin,Romanda,N/A,F,Human,Current,Aes Sedai,Yellow,No,13(1),Far Madding,726 NE,"An Aes Sedai of the Yellow Ajah from Far Madding and a rebel. About 5'4"" tall with gray hair, and brown eyes."
Primary,NS,NS,Yes,2,"Romera, Mistress",Mistress Romera,Mistress,Romera,Mistress Romera,N/A,F,Human,Current,Shatayan,N/A,Unassigned,N/A,Unknown,Unknown,"The shatayan of Aesdaishar Palace in Chachin. A stately, straight-backed woman with hazel eyes and graying hair."
Primary,Main,WH,No,0,Ronaille Vevanios,Ronaille Vevanios,Ronaille,Vevanios,Ronaille,N/A,F,Human,Current,Aes Sedai,White,No,27(15),Illian,Unknown,An Illianer Aes Sedai of the White Ajah and a loyalist. She was a member of the expedition to kidnap Rand.
Primary,Main,ToM,Yes,1,Ronam,Ronam,Ronam,,Ronam,N/A,M,Human,Future,Aiel Clan Chief,N/A,Unassigned,N/A,Unknown,Unknown,"Rhuarc’s son and the chief of the Taardad Aiel after the Last Battle, seen in Aviendha’s visions of the future in Rhuidean."
Primary,Main,TGH,Yes,1,Ronan,Ronan,Ronan,,Ronan,N/A,M,Human,Current,Shambayan,N/A,Unassigned,N/A,Unknown,Unknown,Agelmar’s shambayan in Fal Dara. He once held Jehaan Tower with twenty men against a thousand Trollocs.
Primary,Main,TFoH,Yes,3,Ronde Macura,Ronde Macura,Ronde,Macura,Mistress Macura,N/A,F,Human,Current,Dressmaker,N/A,Unassigned,N/A,Unknown,Unknown,"A dressmaker in Mardecin, Amadicia, who served as an eyes-and-ears for the Yellow Ajah."
Primary,Main,LoC,Yes,1,Ronelle,Ronelle,Ronelle,,Ronelle,N/A,F,Human,Current,Accepted,N/A,Unassigned,22(10),Unknown,969 NE,An Accepted with the rebel contingent.
Primary,Main,AMoL,Yes,1,Ronja,Ronja,Ronja,,Ronja,N/A,M,Human,Current,Aiel Warrior,N/A,Unassigned,N/A,Aiel,Unknown,An Aiel blinded in the Last Battle.
Primary,Main,TDR,No,0,"Roon, Mother",Mother Roon,Mother,Roon,Mother Roon,N/A,F,Human,Current,Healer,N/A,Unassigned,N/A,Unknown,Unknown,"The Wisdom-equivalent in Jarra, Ghealdan. Noam bit her when she tried to help him."
Primary,Main,TGS,Yes,1,Rorik,Rorik,Rorik,,Rorik,N/A,M,Human,Current,Warder,N/A,Unassigned,N/A,Unknown,Unknown,Magla Daronos’ broad-shouldered Warder.
Primary,Main,KoD,No,0,Rosala,Rosala,Rosala,,Rosala,N/A,F,Human,Current,Uncertain,N/A,Unassigned,N/A,Seanchan,Unknown,A Seanchan with the duty of disciplining da’covale. Suroth told Liandrin to go to Rosala and ask her to beat her.
Primary,Main,TPoD,Yes,2,Rosana Emares,Rosana Emares,Rosana,Emares,Rosana,N/A,F,Human,Current,Tairen Noble,N/A,Unassigned,N/A,Tear,Unknown,"A Lady of the Land of Tear who was raised to High Lady. About 5'6"" tall, and lanky, with a wide nose and blue eyes."
Primary,Main,CoT,Yes,1,Rosara Medrano,Rosara Medrano,Rosara,Medrano,Rosara,N/A,F,Human,Current,Aes Sedai,Brown,No,32(20),Tear,Unknown,"A Tairen Aes Sedai of the Brown Ajah. About 5'7"" tall, with black hair, dark eyes and brown skin, she liked to cook."
Primary,Main,KoD,Yes,1,Rosebud,Rosebud,Rosebud,,Rosebud,N/A,F,Horse,Current,Horse,N/A,Unassigned,N/A,Unknown,Unknown,A dun mare ridden by Selucia.
Primary,Main,TDR,No,0,Rosel of Essam,Rosel of Essam,Rosel,,Rosel,N/A,F,Human,Historic,Author,N/A,Unassigned,N/A,Unknown,Unknown,A historic woman who wrote about a ciphered document that held secrets the world could not face.
Primary,Main,WH,Yes,1,Rosene,Rosene,Rosene,,Rosene,N/A,F,Human,Current,Servant,N/A,Unassigned,N/A,Unknown,Unknown,"One of Berelain’s serving women. Plump, plain-faced and dark-eyed, she looked like the other serving woman, Nana."
Primary,Main,ACoS,No,0,Roshan,Roshan,Roshan,,Roshan,N/A,M,Human,Current,Warder,N/A,Unassigned,N/A,Unknown,Unknown,Samitsu’s Warder. He had not wanted to be a Warder until she decided she wanted him for one.
Alias,Main,KoD,N/A,N/A,Rosi,Rosi,Rosi,,Rosi,Joline Maza,N/A,N/A,N/A,N/A,N/A,N/A,N/A,N/A,N/A,The name that Tuon intended to give Joline as a damane.
Primary,Main,ToM,Yes,2,Rosil,Rosil,Rosil,,Rosil,N/A,F,Human,Current,Aes Sedai,Yellow,No,Unknown,Unknown,Unknown,An Aes Sedai of the Yellow Ajah who replaced Tiana as Mistress of Novices under Egwene.
Primary,Main,WH,Yes,1,Ross Anan,Ross Anan,Ross,Anan,Ross,N/A,M,Human,Current,Uncertain,N/A,Unassigned,N/A,Altara,Unknown,The youngest son of Setalle Anan. He was fourteen years old when Mat stayed at his mother’s inn.
Primary,Main,AMoL,Yes,1,Rosse,Rosse,Rosse,,Rosse,N/A,M,Human,Current,Soldier,N/A,Unassigned,N/A,Unknown,Unknown,A member of Jarid Sarand’s personal guard.
Primary,Main,ToM,No,0,Rossin,Rossin,Rossin,,Rossin,N/A,M,Human,Current,Soldier,N/A,Unassigned,N/A,Unknown,Unknown,An officer under Rodel Ituralde in Maradon. Ituralde directed him to find out why a trumpet sounded an early retreat.
Primary,Main,ACoS,Yes,1,Rovair,Rovair,Rovair,,Rovair,N/A,M,Human,Current,Uncertain,N/A,Unassigned,N/A,Unknown,Unknown,A stout follower of the High Lord Darlin in the rebel camp below Cairhien.
Primary,Main,TPoD,Yes,5,Rovair Kirklin,Rovair Kirklin,Rovair,Kirklin,Rovair,N/A,M,Human,Current,Warder,N/A,Unassigned,N/A,Unknown,Unknown,"Masuri Sokawa’s Warder. A compact man with receding dark hair, he usually had a ready grin. Also called ""Kirklin""."
Primary,Main,ToM,Yes,1,Rowahn,Rowahn,Rowahn,,Rowahn,N/A,M,Human,Future,Aiel Leader,N/A,Unassigned,N/A,Aiel,Unknown,"An Aiel leader after the Last Battle, seen in Aviendha’s viewings of the future in Rhuidean. Tall and red-haired."
Primary,Main,TEotW,Yes,2,Rowan Hurn,Rowan Hurn,Rowan,Hurn,Rowan,N/A,M,Human,Current,Soldier,N/A,Unassigned,N/A,Andor,Unknown,"A member of the Village Council in Emond’s Field. He joined Perrin’s army at Malden. Misspelled ""Hum"" in TEotW."
Primary,Main,TPoD,Yes,6,Rubinde Acedone,Rubinde Acedone,Rubinde,Acedone,Rubinde,N/A,F,Human,Current,Aes Sedai,Green,No,19(7),Mayene,853 NE,"A Mayener Aes Sedai of the Green Ajah and a loyalist. About 5'5"" tall and sturdy, she had raven hair and blue eyes."
Primary,Main,TEotW,Yes,1,Rulan Allwine,Rulan Allwine,Rulan,Allwine,Master Allwine,N/A,M,Human,Current,Innkeeper,N/A,Unassigned,N/A,Unknown,Unknown,"The stout innkeeper at the only inn in Market Sheran, Andor. His inn was clean and warm, with no drunkenness."
Primary,Main,CoT,No,0,Rumann,Rumann,Rumann,,Rumann,N/A,M,Human,Current,Luca's Circus,N/A,Unassigned,N/A,Unknown,Unknown,"A sword-juggler with Luca’s show. He was about six feet tall, and handsome."
Primary,Main,KoD,Yes,1,Ruthan,Ruthan,Ruthan,,Ruthan,N/A,M,Human,Current,Clerk,N/A,Unassigned,N/A,Saldaea,Unknown,"Aldragoran’s Saldaean clerk. He was hard-eyed, but didn’t know one end of a sword from the other."
Primary,Main,AMoL,Yes,1,Ryden,Ryden,Ryden,,Ryden,N/A,M,Human,Current,Band of the Red Hand,N/A,Unassigned,N/A,Unknown,Unknown,A dragon squadleader in the Band of the Red Hand. His squad blasted through part of Caemlyn’s wall.
Primary,Main,TGH,Yes,5,Ryma Galfrey,Ryma Galfrey,Ryma,Galfrey,Ryma,N/A,F,Human,Current,Aes Sedai,Yellow,No,29(17),Unknown,902 NE,"An Aes Sedai of the Yellow Ajah. She was captured by the Seanchan, made damane, and given the name ""Pura""."
Primary,Main,WH,No,0,Ryn Anhara,Ryn Anhara,Ryn,Anhara,Ryn,N/A,M,Human,Current,Inventor,N/A,Unassigned,N/A,Unknown,Unknown,"A male inventor at the Academy of Cairhien who trapped lightning in jars, using wire and wheels and big clay jars."
Primary,NS,NS,Yes,8,Ryne Venamar,Ryne Venamar,Ryne,Venamar,Ryne,N/A,M,Human,Current,Darkfriend,N/A,Yes,N/A,Malkier,Unknown,"A Malkieri man. Five years older than Lan, he was Lan’s oldest friend besides Bukama. He turned out to be a darkfriend."
Primary,Main,TPoD,Yes,2,Rysael din Yulan,Rysael din Yulan,Rysael,din Yulan,Rysael,N/A,F,Human,Current,Windfinder,N/A,Unassigned,16(4),Sea Folk,Unknown,A relatively high-ranking Sea Folk Windfinder. She took part in using the Bowl because of her srength in the one power.
Primary,Main,TDR,Yes,1,Saal,Saal,Saal,,Saal,N/A,F,Human,Current,Serving Woman,N/A,Unassigned,N/A,Unknown,Unknown,"A serving woman at The Woman of Tanchico in Tar Valon. She was pretty, with brown eyes."
Primary,Main,CoT,No,0,Sabeine Ocalin,Sabeine Ocalin,Sabeine,Ocalin,Sabeine,N/A,F,Human,Current,Kinswoman,N/A,Unassigned,Unknown,Unknown,Unknown,A Kinswoman who spent twenty years as a peddler. She accompanied Elayne to Caemlyn.
Primary,Main,ToM,Yes,1,Saddler,Saddler,Saddler,,Saddler,N/A,M,Human,Current,Gambler,N/A,Unassigned,N/A,Unknown,Unknown,A dirty man in Caemlyn who smelled of a tannery and tried to cheat Mat at a game of Koronko’s Spit.
Primary,WoTC,WoTC,No,0,Saera Deosin,Saera Deosin,Saera,Deosin,Saera,N/A,F,Human,Current,Uncertain,N/A,Unassigned,N/A,Murandy,Unknown,A Murandian woman who was on Moiraine’s list as a possible mother of the Dragon Reborn.
Primary,Main,LoC,Yes,1,Saeric,Saeric,Saeric,,Saeric,N/A,M,Human,Current,Aiel Warrior,N/A,Unassigned,N/A,Aiel,Unknown,A man of the Red Water sept of the Goshien Aiel. Gray-haired and missing his right hand.
Primary,Main,TPoD,Yes,18,Saerin Asnobar,Saerin Asnobar,Saerin,Asnobar,Saerin,N/A,F,Human,Current,Aes Sedai,Brown,No,14(2),Altara,781 NE,"An Altaran Aes Sedai of the Brown Ajah and a loyalist. About 5'6"" tall with olive skin, straight black hair and dark eyes."
Primary,Main,TSR,Yes,2,Sahra Covenry,Sahra Covenry,Sahra,Covenry,Sahra,N/A,F,Human,Current,Novice,N/A,Unassigned,Unknown,Unknown,Unknown,"A novice in the White Tower, sent to Moria Elward’s farm to do penance to prevent her from talking about Min."
Alias,World,World,N/A,N/A,Saine Tarasind,Saine Tarasind,Saine,Tarasind,Saine,Mesaana,N/A,N/A,N/A,N/A,N/A,N/A,N/A,N/A,N/A,Mesaana’s name before becoming Forsaken.
Primary,Main,TGS,No,0,Sajius,Sajius,Sajius,,Sajius,N/A,M,Human,Historic,Author,N/A,Unassigned,N/A,Unknown,Unknown,"The author of Commentary on the Dragon, a book studied by Min."
Primary,Main,TFoH,No,0,Sakaru,Sakaru,Sakaru,,Sakaru,N/A,M,Human,Current,Soldier,N/A,Unassigned,N/A,Shienar,Unknown,A Shienaran soldier. He was one of those following Ingtar when he and Perrin pursued the Horn of Valere to Falme.
Primary,NS,NS,No,0,Salia Pomfrey,Salia Pomfrey,Salia,Pomfrey,Salia,N/A,F,Human,Current,Uncertain,N/A,Unassigned,N/A,Andor,Unknown,An Andoran widow who gave birth to a boy near Dragonmount close to the time that Rand was born.
Primary,World,World,No,0,Salindi Casolan,Salindi Casolan,Salindi,Casolan,Salindi,N/A,F,Human,Historic,Aes Sedai,Unknown,No,Unknown,Unknown,Unknown,An Aes Sedai Sitter who lived at the time of the formation of the White Tower.
Primary,Main,LoC,Yes,6,Salita Toranes,Salita Toranes,Salita,Toranes,Salita,N/A,F,Human,Current,Aes Sedai,Yellow,No,27(15),Tear,933 NE,"A Tairen Aes Sedai of the Yellow Ajah and the rebels. Almost as dark as one of the Sea Folk, she was round-faced."
Primary,Main,TEotW,No,0,Salya,Salya,Salya,,Salya,N/A,F,Human,Historic,Uncertain,N/A,Unassigned,N/A,Unknown,Unknown,"From a gleeman’s tale, Lenn’s daughter, who walked among the stars."
Primary,Main,LoC,Yes,4,Samalin Naerodan,Samalin Naerodan,Samalin,Naerodan,Samalin,N/A,F,Human,Current,Aes Sedai,Green,No,22(10),Murandy,935 NE,"A Murandian Aes Sedai of the Green Ajah and the rebels. Sharp-faced, she had a surprising sense of humor."
Primary,Main,TEotW,Yes,3,Samel Crawe,Samel Crawe,Samel,Crawe,Samel,N/A,M,Human,Current,Village Council,N/A,Unassigned,N/A,Andor,Unknown,"A Village Councilman in Emond’s Field. Horse-faced, with a long nose, he was the father of Ban."
Primary,Main,ACoS,Yes,5,Samitsu Tamagowa,Samitsu Tamagowa,Samitsu,Tamagowa,Samitsu,N/A,F,Human,Current,Aes Sedai,Yellow,No,20(8),Arafel,856 NE,"An Arafellin Aes Sedai of the Yellow Ajah. She was 5'5"" tall, and slim, with dark hazel eyes and dark hair with bells."
Primary,Main,KoD,Yes,1,Saml al'Seen,Saml al'Seen,Saml,al'Seen,Saml,N/A,M,Human,Current,Asha'man,N/A,Unassigned,Unknown,Andor,Unknown,"A Two Rivers man at the Black Tower with the rank of soldier. He was young, little more than a child, with dark hair."
Primary,Main,TEotW,Yes,1,Saml Hake,Saml Hake,Saml,Hake,Hake,N/A,M,Human,Current,Innkeeper,N/A,Unassigned,N/A,Unknown,Unknown,"The innkeeper at The Dancing Cartman in Four Kings. Bony, with long stringy hair. He planned to rob Rand and Mat."
Primary,Main,TDR,Yes,8,Sammael,Sammael,Sammael,,Sammael,N/A,M,Human,Current,Forsaken,N/A,Yes,"""++2""",Unknown,Unknown,"Also known as the Destroyer of Hope. His previous name was Tel Janin Aellinsar. About six feet tall, with blue eyes."
Primary,Main,ToM,No,0,Sammana,Sammana,Sammana,,Sammana,N/A,F,Human,Historic,Wise One,N/A,Unassigned,N/A,Aiel,Unknown,"A Wise One dreamer whom Bair mentioned. She encountered something in Tel’aran’rhiod that broke her mind,"
Primary,Main,TGS,No,0,Sammrie,Sammrie,Sammrie,,Sammrie,N/A,M,Human,Current,Cooper,N/A,Unassigned,N/A,Unknown,Unknown,The cooper in Hinderstap. His sister and her family were the first outsiders caught in Hinderstap.
Alias,Main,TDR,N/A,N/A,"Samon, High Lord",High Lord Samon,Samon,,High Lord Samon,Be'lal,N/A,N/A,N/A,N/A,N/A,N/A,N/A,N/A,N/A,A High Lord in Tear who was really Be’lal. He used Compulsion on the other High Lords.
Primary,Main,KoD,Yes,3,Samwil Hark,Samwil Hark,Samwil,Hark,Hark,N/A,M,Human,Current,Cutpurse,N/A,Unassigned,N/A,Unknown,Unknown,"A cutpurse in Andor. He was perfectly ordinary-looking in every way, with brown hair and eyes, medium height."
Primary,Main,AMoL,No,0,Sana Ashraf,Sana Ashraf,Sana,Ashraf,Sana,N/A,M,Human,Historic,General,N/A,Unassigned,N/A,Unknown,Unknown,A man whom Mat fought at the falls of Pena in one of the memories received from the Eelfinn.
Primary,WoTC,WoTC,No,0,Sanaiye Asaheen,Sanaiye Asaheen,Sanaiye,Asaheen,Sanaiye,N/A,F,Human,Current,Aes Sedai,Green,No,Unknown,Arad Doman,Unknown,A Domani Aes Sedai of the Green Ajah and the loyalist contingent. Part of the group that kidnapped Rand.
Primary,Main,AMoL,Yes,3,Sandip,Sandip,Sandip,,Sandip,N/A,M,Human,Current,Band of the Red Hand,N/A,Unassigned,N/A,Unknown,Unknown,A lieutenant in the Band of the Red Hand. He was also an accomplished hedge-doctor.
Primary,Main,LoC,No,0,Sanduin,Sanduin,Sanduin,,Sanduin,N/A,M,Human,Current,Aiel Warrior,N/A,Unassigned,N/A,Aiel,Unknown,"An Aiel man of the Tain Shari society. He had a scar that only made his face more handsome, according to Sorilea."
Primary,Main,KoD,Yes,1,Sanetre,Sanetre,Sanetre,,Sanetre,N/A,F,Human,Current,Queen's Guard,N/A,Unassigned,N/A,Unknown,Unknown,"A Guardswoman in Caemlyn whom Birgitte sent to fetch Guybon, after Elayne had been kidnapped by Black sisters."
Primary,Main,TFoH,Yes,2,Sanit,Sanit,Sanit,,Sanit,N/A,F,S'redit,Current,Luca's Circus,N/A,Unassigned,N/A,Seanchan,Unknown,The cow s’redit tended by Cerandin in Valan Luca’s circus. Luca called it a “boar-horse” to deflect from its true identity.
Primary,Main,TDR,Yes,2,Sanor,Sanor,Sanor,,Sanor,N/A,M,Human,Current,Sailor,N/A,Unassigned,N/A,Unknown,Unknown,"A sailor on the crew of Mallia’s ship, the Gray Gull, out of Tar Valon, which transported Mat and Thom to Aringill."
Primary,Main,WH,Yes,1,Santes,Santes,Santes,,Santes,N/A,M,Human,Current,Thief Catcher,N/A,Unassigned,N/A,Mayene,Unknown,"One of Berelain’s thief-catchers from Mayene. About 5'9"" tall, with dark hair and dark eyes, he was ordinary-looking."
Primary,Main,TGH,No,0,Santhra,Santhra,Santhra,,Santhra,N/A,U,Human,Historic,Author,N/A,Unassigned,N/A,Unknown,Unknown,"Author of a book on the Forsaken, found in Adeleas and Vandene’s home in Tifan’s Well, Arafel."
Primary,Main,TFoH,No,0,Sar,Sar,Sar,,Sar,N/A,M,Human,Current,Soldier,N/A,Unassigned,N/A,Shienar,Unknown,A Shienaran soldier. He was one of those following Ingtar when he and Perrin pursued the Horn of Valere to Falme.
Primary,Main,TEotW,Yes,1,Sara (1),Sara,Sara,,Sara,N/A,F,Human,Current,Cook,N/A,Unassigned,N/A,Unknown,Unknown,The cook at The Stag and Lion in Baerlon. She was plump and had a cat named Cirri.
Primary,Main,TEotW,No,0,Sara (2),Sara,Sara,,Sara,N/A,F,Human,Unknown,Song Character,N/A,Unassigned,N/A,Unknown,Unknown,The subject of the song “Darling Sara.”
Primary,Main,ACoS,Yes,2,Sarainya Vostovan,Sarainya Vostovan,Sarainya,Vostovan,Sarainya,N/A,F,Human,Current,Kinswoman,N/A,Unassigned,46(34),Arafel,924 NE,"An Arafellin Kinswoman who was born of a noble House. She had a husky, forceful voice and was strikingly handsome."
Primary,Main,TSR,Yes,2,Saralin,Saralin,Saralin,,Saralin,N/A,F,Human,Historic,Da'shain Aiel,N/A,Unassigned,N/A,Unknown,Unknown,"A Da’shain Aiel after the Breaking. Her husband was Marind; they had a son, Lewin, and a daughter, Maigran."
Primary,World,World,No,0,Saraline Amerano,Saraline Amerano,Saraline,Amerano,Saraline,N/A,F,Human,Historic,Aes Sedai,Unknown,No,Unknown,Unknown,Unknown,An Aes Sedai who lived at the time of the formation of the White Tower.
Primary,Main,ToM,Yes,1,Sarasia,Sarasia,Sarasia,,Sarasia,N/A,F,Human,Current,Kinswoman,N/A,Unassigned,Unknown,Unknown,Unknown,"A Kinswoman who accompanied Elayne to her Cairhienin coronation. She was plump, with a grandmotherly air."
Primary,Main,ACoS,Yes,15,Sareitha Tomares,Sareitha Tomares,Sareitha,Tomares,Sareitha,N/A,F,Human,Current,Aes Sedai,Brown,No,26(14),Tear,965 NE,"A Tairen Aes Sedai of the Brown Ajah and the rebels. A dark, stocky woman with inquisitive eyes and a square face."
Primary,Main,TFoH,No,0,Sarek,Sarek,Sarek,,Sarek,N/A,M,Human,Current,Seanchan Noble,N/A,Unassigned,N/A,Seanchan,Unknown,A Seanchan nobleman who looked above his station and had designs on the regions of Tuel and Serengada Dai.
Primary,Main,LoC,Yes,1,"Sarena, Lady",Lady Sarena,Sarena,,Sarena,N/A,F,Human,Current,Altaran Noble,N/A,Unassigned,N/A,Altara,Unknown,A powerful Altaran noblewoman visiting Salidar who listened to Logain’s story about the Red Ajah.
Primary,Main,KoD,Yes,1,Sarendhra,Sarendhra,Sarendhra,,Sarendhra,N/A,F,Human,Current,Maiden of the Spear,N/A,Unassigned,N/A,Aiel,Unknown,A Shaido Maiden of the Spear with blue eyes. She accompanied Rand to the Stone of Tear when he met with Darlin.
Primary,Main,LoC,Yes,17,Sarene Nemdahl,Sarene Nemdahl,Sarene,Nemdahl,Sarene,N/A,F,Human,Current,Aes Sedai,White,No,18(6),Tarabon,955 NE,"A Taraboner Aes Sedai of the White Ajah and a loyalist. About 5'4"" tall, and slender, with dark hair in beaded braids."
Primary,Main,TFoH,No,0,Sari Ayellin,Sari Ayellin,Sari,Ayellin,Sari,N/A,F,Human,Current,Uncertain,N/A,Unassigned,N/A,Andor,Unknown,"A Two Rivers woman. After her father died, Sari tried to capture the interest of the man her mother intended to marry."
Primary,Main,TDR,No,0,Sarien,Sarien,Sarien,,Sarien,N/A,M,Human,Current,Aiel Warrior,N/A,Unassigned,N/A,Aiel,Unknown,An Aiel warrior who was with Gaul searching for He Who Comes With the Dawn. He died when Gaul was captured.
Primary,Main,ACoS,Yes,4,Sarin Hoigan,Sarin Hoigan,Sarin,Hoigan,Sarin,N/A,M,Human,Current,Warder,N/A,Unassigned,N/A,Unknown,Unknown,"Nisao Dachen’s Warder. Bald-headed, with a black beard, he was about 5'9"" tall and wide."
Primary,Main,ACoS,Yes,1,Sarinde,Sarinde,Sarinde,,Sarinde,N/A,F,Human,Current,Wise One,N/A,Unassigned,N/A,Aiel,Unknown,"A Wise One of the Codarra Aiel from Red Springs Hold. She served as Wise One for Indirian, the clan chief."
Primary,Main,TFoH,Yes,7,Saroiya Farseen,Saroiya Farseen,Saroiya,Farseen,Saroiya,N/A,F,Human,Current,Aes Sedai,White,No,24(12),Arad Doman,857 NE,"A Domani Aes Sedai of the White Ajah and the rebels. She was about 5'4"" tall, brown-haired, brown-eyed, and stocky."
Primary,Main,WH,Yes,3,Sashalle Anderly,Sashalle Anderly,Sashalle,Anderly,Sashalle,N/A,F,Human,Current,Aes Sedai,Red,No,14(2),Unknown,816 NE,"An Aes Sedai of the Red Ajah and a loyalist. She wore her hair in ringlets, and had blue eyes and a stubborn jaw."
Primary,Main,LoC,Yes,1,Satina,Satina,Satina,,Satina,N/A,F,Human,Current,Servant,N/A,Unassigned,N/A,Unknown,Unknown,A plump serving woman at the Little Tower in Salidar.
Primary,Main,AMoL,Yes,1,Savara,Savara,Savara,,Savara,N/A,F,Human,Current,Soldier,N/A,Unassigned,N/A,Seanchan,Unknown,A female officer who led a squadron unit of the Seanchan cavalry in the Last Battle.
Primary,Main,WH,No,0,Savion Amhara,Savion Amhara,Savion,Amhara,Savion,N/A,F,Human,Historic,Counsel,N/A,Unassigned,N/A,Far Madding,Unknown,One of the three most famous First Counsels in Far Madding history. A statue of her stood in Amhara Market.
Primary,World,World,No,0,Sawyn Maculhene,Sawyn Maculhene,Sawyn,Maculhene,Sawyn,N/A,M,Human,Historic,General,N/A,Unassigned,N/A,Unknown,Unknown,A supporter of Amalasan who tried to free Amalasan from the White Tower. 
Primary,Main,AMoL,No,0,Sayer,Sayer,Sayer,,Sayer,N/A,U,Human,Current,Uncertain,N/A,Unassigned,N/A,Unknown,Unknown,A friend of Androl who died of the fevers during a silverpike run out of Mayene.
Primary,Main,ToM,Yes,1,Scouter,Scouter,Scouter,,Scouter,N/A,U,Horse,Current,Horse,N/A,Unassigned,N/A,Unknown,Unknown,Bulen’s packhorse when he rode with Lan for Tarwin’s Gap.
Primary,Main,TEotW,Yes,3,Scratch,Scratch,Scratch,,Scratch,N/A,M,Cat,Current,Cat,N/A,Unassigned,N/A,Unknown,Unknown,The cat at The Winespring Inn in Emond’s Field. He was a yellow tomcat with six toes on each foot.
Primary,Main,TGH,No,0,Seaghan,Seaghan,Seaghan,,Seaghan,N/A,M,Human,Current,Entertainer,N/A,Unassigned,N/A,Cairhien,Unknown,A Cairhienin man who ran an entertainment hall. He wanted to have players pretend to be characters in The Great Hunt.
Primary,Main,ACoS,Yes,12,Seaine Herimon,Seaine Herimon,Seaine,Herimon,Seaine,N/A,F,Human,Current,Aes Sedai,White,No,17(5),Murandy,841 NE,"A Murandian Aes Sedai of the White Ajah and a loyalist. She was 5'6"" tall, and had blue eyes and thick black eyebrows."
Title,Main,AMoL,N/A,N/A,Sealbreaker,Sealbreaker,Sealbreaker,,Sealbreaker,Logain Ablar,N/A,N/A,N/A,N/A,N/A,N/A,N/A,N/A,N/A,"The name Gabrelle gave Logain, because he broke the seals on the Dark One’s prison during the Last Battle."
Primary,Main,TSR,Yes,1,Sealdre,Sealdre,Sealdre,,Sealdre,N/A,F,Human,Historic,Wise One,N/A,Unassigned,N/A,Aiel,Unknown,An Aiel Wise One and dreamwalker at the time of the building of Rhuidean. She was married to Mandein.
Primary,Main,TDR,Yes,7,Seana,Seana,Seana,,Seana,N/A,F,Human,Current,Wise One,N/A,Unassigned,N/A,Aiel,Unknown,A Wise One of the Black Cliff sept of the Nakai Aiel. She had gray-streaked dark hair and bluish-gray eyes.
Primary,Main,LoC,Yes,19,Sebban Balwer,Sebban Balwer,Sebban,Balwer,Balwer,N/A,M,Human,Current,Spymaster,N/A,Unassigned,N/A,Amadicia,Unknown,An Amadician who was once publicly secretary to Pedron Niall and truly the spymaster of the Children of the Light.
Primary,Main,TPoD,Yes,2,Sedore Dajenna,Sedore Dajenna,Sedore,Dajenna,Sedore,N/A,F,Human,Current,Aes Sedai,Yellow,Yes,19(7),Tear,813 NE,"A Tairen Aes Sedai of the Yellow Ajah publicly, but actually Black. About 5'5"" tall, and plump but elegant."
Primary,Main,TFoH,No,0,Sedrin (1),Sedrin,Sedrin,,Sedrin,N/A,M,Human,Current,Luca's Circus,N/A,Unassigned,N/A,Unknown,Unknown,A highwalker in Valan Luca’s circus. He got drunk and died in a fall.
Primary,NS,NS,Yes,1,Sedrin (2),Sedrin,Sedrin,,Sedrin,N/A,M,Human,Current,Uncertain,N/A,Unassigned,N/A,Unknown,978 NE,"An infant born near Dragonmount, the son of Lady Meri do Ahlan a’Conlin of Murandy."
Primary,Main,TSR,No,0,Sefela,Sefela,Sefela,,Sefela,N/A,F,Human,Current,Maiden of the Spear,N/A,Unassigned,N/A,Aiel,Unknown,An Aiel woman of Far Dareis Mai who went to the Stone of Tear.
Primary,Main,TPoD,Yes,2,Segan do Avharin a'Roos,Segan do Avharin a'Roos,Segan,do Avharin a'Roos,Segan,N/A,F,Human,Current,Murandian Noble,N/A,Unassigned,N/A,Murandy,Unknown,A Murandian noblewoman. She had full lips and dark eyes; she was slender and had long dark hair.
Primary,Main,TPoD,Yes,1,Segani,Segani,Segani,,Segani,N/A,M,Raken,Current,Soldier,N/A,Unassigned,N/A,Seanchan,Unknown,The raken Chulein was flying over the Kin’s farm when Elayne’s gateway exploded.
Alias,Main,ACoS,N/A,N/A,Sei'cair,Sei'cair,Sei'cair,,Sei'cair,Perrin Aybara,N/A,N/A,N/A,N/A,N/A,N/A,N/A,N/A,N/A,Old Tongue for “golden eyes.” The Aiel used it as a title for Perrin.
Primary,Main,ACoS,Yes,1,Seiera,Seiera,Seiera,,Seiera,N/A,F,Horse,Current,Horse,N/A,Unassigned,N/A,Unknown,Unknown,"The mouse-colored mare that Min rode from Dumai’s Wells to Cairhien; Min liked her, so Rand bought the horse for her."
Primary,Main,TFoH,Yes,1,Seirin,Seirin,Seirin,,Seirin,N/A,M,Human,Current,Aiel Warrior,N/A,Unassigned,N/A,Aiel,Unknown,"A calm man of the Shorara sept of the Tomanelle Aiel. About Rand’s age, he acted as a messenger."
Primary,Main,TFoH,No,0,Sela,Sela,Sela,,Sela,N/A,F,Human,Current,Maid,N/A,Unassigned,N/A,Unknown,Unknown,"An elderly woman who worked as a chambermaid at Gareth Bryne’s manor in Kore Springs, Andor."
Primary,Main,ACoS,Yes,2,Selame,Selame,Selame,,Selame,N/A,F,Human,Current,Maid,N/A,Unassigned,N/A,Unknown,Unknown,"Egwene’s maid in Salidar who, along with Meri and Chesa, helped dress and undress her, and attended her."
Primary,World,World,No,0,Selame Necoine,Selame Necoine,Selame,Necoine,Selame,N/A,F,Human,Historic,Aes Sedai,Green,No,Unknown,Unknown,Unknown,An Aes Sedai of the Green Ajah who served as Amyrlin Seat from approximately FY 1084 to approximately 5 NE.
Primary,Main,TFoH,Yes,14,Selande Darengil,Selande Darengil,Selande,Darengil,Selande,N/A,F,Human,Current,Cha Faile,N/A,Unassigned,N/A,Cairhien,Unknown,"A Cairhienin minor noblewoman. About 5'3"" tall, with dark hair, dark eyes and pale skin, she was young and pretty."
Alias,Main,TGH,N/A,N/A,Selene,Selene,Selene,,Selene,Lanfear,N/A,N/A,N/A,N/A,N/A,N/A,N/A,N/A,N/A,Name that Lanfear used when she first met Rand.
Primary,Main,AMoL,Yes,1,Selfar,Selfar,Selfar,,Selfar,N/A,M,Horse,Current,Horse,N/A,Unassigned,N/A,Unknown,Unknown,A roan gelding belonging to Talmanes.
Primary,Main,TSR,Yes,1,Selindrin,Selindrin,Selindrin,,Selindrin,N/A,F,Human,Current,Proprietor,N/A,Unassigned,N/A,Unknown,Unknown,"The proprietor of The Garden of Silver Breezes in Tanchico. She was a sleek, dark-haired woman."
Primary,Main,WH,Yes,26,Selucia,Selucia,Selucia,,Selucia,N/A,F,Human,Current,So'jhin,N/A,Unassigned,N/A,Seanchan,956 NE,"A Seanchan woman who was so’jhin to Tuon. About 5'4"" tall and slim of build, but was noticeably full-breasted."
Primary,Main,LoC,Yes,7,Semaradrid Maravin,Semaradrid Maravin,Semaradrid,Maravin,Semaradrid,N/A,M,Human,Current,Cairhienin Noble,N/A,Unassigned,N/A,Cairhien,Unknown,"A Cairhienin nobleman who was High Seat of House Maravin. He was almost 5'9"" tall, with a long face."
Primary,Main,TEotW,Yes,13,Semirhage,Semirhage,Semirhage,,Semirhage,N/A,F,Human,Current,Forsaken,N/A,Yes,1(+12),Unknown,Unknown,"A Forsaken. As an Aes Sedai, her name was Nemene Damendar Boann. 6'1½"" tall, and beautiful, with dark skin."
Primary,World,World,No,0,Senar,Senar,Senar,,Senar,N/A,M,Ogier,Historic,Uncertain,N/A,Unassigned,N/A,Unknown,Unknown,An Ogier who was father of Malan father of Aran.
Primary,Main,KoD,No,0,Sendara,Sendara,Sendara,,Sendara,N/A,F,Human,Current,Maiden of the Spear,N/A,Unassigned,N/A,Aiel,Unknown,A woman of the Iron Mountain sept of the Taardad Aiel and Far Dareis Mai. Her name was on Rand’s list.
Primary,Main,TPoD,Yes,3,Senine din Ryal,Senine din Ryal,Senine,din Ryal,Senine,N/A,F,Human,Current,Windfinder,N/A,Unassigned,19(7),Sea Folk,Unknown,"A Sea Folk Windfinder. More than five hundred years old, she had weathered, creased cheeks and thickly graying hair."
Primary,Main,LoC,Yes,20,Seonid Traighan,Seonid Traighan,Seonid,Traighan,Seonid,N/A,F,Human,Current,Aes Sedai,Green,No,17(5),Cairhien,928 NE,"A Cairhienin Aes Sedai of the Green Ajah and the rebels. 5'1"" tall with a pale complexion, dark hair and big dark eyes."
Primary,Main,CoT,Yes,6,Sephanie Pelden,Sephanie Pelden,Sephanie,Pelden,Sephanie,N/A,F,Human,Current,Maid,N/A,Unassigned,N/A,Andor,Unknown,A young Andoran woman. She and her sister Naris were training as maids at the Royal Palace and served Elayne.
Primary,Main,WH,Yes,1,Sera,Sera,Sera,,Sera,N/A,F,Human,Current,Damane,N/A,Unassigned,Unknown,Seanchan,Unknown,"A Seanchan damane belonging to Tuon. She had a dark complexion, large black eyes, and tightly curled black hair."
Primary,Main,TGH,Yes,3,Serafelle Tanisloe,Serafelle Tanisloe,Serafelle,Tanisloe,Serafelle,N/A,F,Human,Current,Aes Sedai,Brown,No,23(11),Murandy,862 NE,"A Murandian Aes Sedai of the Brown Ajah and a loyalist. 5'4"" tall and pretty in a plump fashion, with brown hair."
Primary,Main,TPoD,Yes,2,Serailla,Serailla,Serailla,,Serailla,N/A,F,Human,Current,Kandori Noble,N/A,Unassigned,N/A,Kandor,Unknown,A Kandori noblewoman who served Ethenielle as First Councilor to the Throne of the Clouds.
Primary,WoTC,WoTC,No,0,Seralin,Seralin,Seralin,,Seralin,N/A,F,Human,Current,Wise One,N/A,Unassigned,N/A,Aiel,Unknown,A Wise One of the Shaido Aiel. One of Sevanna’s inner circle of plotters.
Primary,Main,ACoS,Yes,2,Serancha Colvine,Serancha Colvine,Serancha,Colvine,Serancha,N/A,F,Human,Current,Aes Sedai,Gray,No,Unknown,Unknown,835 NE,An Aes Sedai of the Gray Ajah and a loyalist. She had a pinched mouth and a pinched nose with pale blue eyes.
Primary,Main,LoC,No,0,Serden,Serden,Serden,,Serden,N/A,M,Ogier,Historic,Author,N/A,Unassigned,N/A,Unknown,Unknown,"The son of Kolom son of Radlin, an Ogier author from about 400 NE who developed a theory about the Ways."
Primary,Main,ACoS,No,0,Sereille Bagand,Sereille Bagand,Sereille,Bagand,Sereille,N/A,F,Human,Historic,Aes Sedai,White,No,21(9),Far Madding,586 NE,"An Aes Sedai of the White Ajah. In 866 NE, she was raised Amyrlin. She died in 890 NE."
Primary,Main,TSR,No,0,Sereine dar Shamelle Motara,Sereine dar Shamelle Motara,Sereine,dar Shamelle Motara,Sereine,N/A,F,Human,Historic,Author,N/A,Unassigned,N/A,Unknown,Unknown,"The author of Commentaries on the Karaethon Cycle. She was Counsel-Sister to Comaelle, High Queen of Jaramide."
Primary,Main,LoC,No,0,Serenia Latar,Serenia Latar,Serenia,Latar,Serenia,N/A,F,Human,Historic,Aes Sedai,Gray,No,Unknown,Unknown,Unknown,An Aes Sedai of the Gray Ajah who served as Amyrlin from 276 to 306 NE. Serenia was a strong Amyrlin.
Alias,Main,TFoH,N/A,N/A,Serenla,Serenla,Serenla,,Serenla,Elmindreda Farshaw,N/A,N/A,N/A,N/A,N/A,N/A,N/A,N/A,N/A,The name used by Min after escaping the Tower with Siuan and Leane; it was Old Tongue for “stubborn daughter.”
Primary,Main,LoC,Yes,2,Sergase Gilbearn,Sergase Gilbearn,Sergase,Gilbearn,Sergase,N/A,F,Human,Current,Andoran Noble,N/A,Unassigned,N/A,Andor,Unknown,"An Andoran noblewoman of a minor House. Small and slim with dark hair touched with white, she was loyal to Elayne."
Primary,Main,TFoH,Yes,1,Seri,Seri,Seri,,Seri,N/A,F,Human,Current,Damane,N/A,Unassigned,Unknown,Seanchan,Unknown,A Seanchan damane who belonged to Lady Morsa. She was pale-faced and appeared to be a teenager.
Primary,Main,KoD,Yes,1,Serile,Serile,Serile,,Serile,N/A,F,Human,Current,Windfinder,N/A,Unassigned,Unknown,Sea Folk,Unknown,A Sea Folk Windfinder to Turane.
Primary,Main,AMoL,Yes,1,Serinia,Serinia,Serinia,,Serinia,N/A,F,Human,Current,Aes Sedai,Unknown,No,Unknown,Unknown,Unknown,An Aes Sedai assisting in creating gateways for refugees from Caemlyn at the beginning of the Last Battle.
Primary,Main,CoT,Yes,1,Serrisa,Serrisa,Serrisa,,Serrisa,N/A,F,Human,Current,Damane,N/A,Unassigned,Unknown,Seanchan,Unknown,"A well-trained, responsive damane that Egeanin had owned and left behind in Cantorin."
Primary,Main,TGH,Yes,14,Seta Zarbey,Seta Zarbey,Seta,Zarbey,Seta,N/A,F,Human,Current,Sul'dam,N/A,Unassigned,Unknown,Seanchan,Unknown,"A Seanchan sul’dam. About 5'6"" tall, with shoulder-length yellow hair, blue eyes and a fair complexion."
Primary,Main,CoT,Yes,1,Setagana,Setagana,Setagana,,Setagana,N/A,F,Human,Current,Warder,N/A,Unassigned,N/A,Unknown,Unknown,"Anaiya’s Warder. He was tall, lean and beautiful. He and Anaiya were murdered with the use of saidin."
Primary,Main,LoC,Yes,23,Setalle Anan,Setalle Anan,Setalle,Anan,Setalle,N/A,F,Human,Current,Innkeeper,N/A,Unassigned,N/A,Borderlands,902 NE,The innkeeper of The Wandering Woman in Ebou Dar. She was once the Aes Sedai Martine Janata.
Primary,NS,NS,Yes,1,Setsuko,Setsuko,Setsuko,,Setsuko,N/A,F,Human,Current,Novice,N/A,Unassigned,Unknown,Arafel,Unknown,An Arafellin novice who was in the Tower at the time of the Aiel War. She was too weak to test for Accepted.
Primary,Main,TSR,Yes,13,Sevanna,Sevanna,Sevanna,,Sevanna,N/A,F,Human,Current,Aiel Clan Chief,N/A,Unassigned,N/A,Aiel,Unknown,"A woman of the Jumai sept of the Shaido Aiel. Late twenties to early thirties. About 5'8"" tall, green eyes, and golden hair."
Primary,Main,TFoH,Yes,4,Seve,Seve,Seve,,Seve,N/A,M,Human,Current,Uncertain,N/A,Unassigned,N/A,Unknown,Unknown,A seven-year-old boy taken to Salidar as a child of Marigan (Moghedien in disguise); Jaril was his brother.
Primary,Main,ACoS,No,0,Sevlana Meseau,Sevlana Meseau,Sevlana,Meseau,Sevlana,N/A,F,Human,Historic,Aes Sedai,Gray,No,Unknown,Unknown,Unknown,A historical and legendary Gray sister who Merana thought of as impressive.
Alias,World,World,N/A,N/A,Shadar Nor,Shadar Nor,Shadar Nor,,Shadar Nor,Latra Posae,N/A,N/A,N/A,N/A,N/A,N/A,N/A,N/A,N/A,"The name given to Latra Posae, meaning “Cutter (or Slicer) of the Shadow.”"
Title,Main,TGH,N/A,N/A,Shadowkiller,Shadowkiller,Shadowkiller,,Shadowkiller,Rand al'Thor,N/A,N/A,N/A,N/A,N/A,N/A,N/A,N/A,N/A,The wolves’ title for Rand.
Primary,Main,AMoL,Yes,1,Shaen,Shaen,Shaen,,Shaen,N/A,M,Human,Current,Aiel Warrior,N/A,Unassigned,N/A,Aiel,Unknown,An Aiel of the Stone Dog society who wore the red headband of the siswai’aman.
Primary,WoTC,WoTC,No,0,Shahal Comanli,Shahal Comanli,Shahal,Comanli,Shahal,N/A,F,Human,Current,Aes Sedai,Gray,No,34(22),Unknown,Unknown,A Domani Aes Sedai of the Gray Ajah who was uncommitted to either contingent.
Alias,Main,TEotW,N/A,N/A,Shai'tan,Shai'tan,Shai'tan,,Shai'tan,Dark One,N/A,N/A,N/A,N/A,N/A,N/A,N/A,N/A,N/A,"The true name of the Dark One. Saying it was thought to draw his attention, inevitably bringing ill fortune at best."
Primary,Main,LoC,Yes,12,Shaidar Haran,Shaidar Haran,Shaidar Haran,,Shaidar Haran,N/A,M,Myrddraal,Current,Hand of the Dark,N/A,Yes,N/A,Unknown,Unknown,"Old Tongue for “Hand of the Dark,” it was the name given a Myrddraal unlike all others."
Alias,Main,TSR,N/A,N/A,Shaiel,Shaiel,Shaiel,,Shaiel,Tigraine Mantear,N/A,N/A,N/A,N/A,N/A,N/A,N/A,N/A,N/A,"Old Tongue for “the Woman Who Is Dedicated,” it was the name that Tigraine took when she was adopted as an Aiel."
Alias,Main,AMoL,N/A,N/A,Shaisam,Shaisam,Shaisam,,Shaisam,Padan Fain,N/A,N/A,N/A,N/A,N/A,N/A,N/A,N/A,N/A,A name taken by Padan Fain during the Last Battle.
Primary,Main,ACoS,Yes,6,Shalon din Togara Morning Tide,Shalon din Togara Morning Tide,Shalon,din Togara Morning Tide,Shalon,N/A,F,Human,Current,Windfinder,N/A,Unassigned,Unknown,Sea Folk,Unknown,"Sea Folk Windfinder to Clan Shodein; her Wavemistress, Harine din Togara, was her sister."
Primary,Main,LoC,Yes,2,Shana Goridien,Shana Goridien,Shana,Goridien,Shana,N/A,F,Human,Current,Aes Sedai,White,No,35(23),Unknown,882 NE,"An Aes Sedai of the White Ajah and the rebel contingent. Pop-eyed, she always looked startled."
Primary,Main,TGS,Yes,1,Shanal,Shanal,Shanal,,Shanal,N/A,F,Human,Current,Novice,N/A,Unassigned,Unknown,Unknown,Unknown,A novice in the White Tower who assisted Egwene during the Seanchan attack.
Primary,Main,AMoL,Yes,1,Shanan,Shanan,Shanan,,Shanan,N/A,F,Human,Current,Sul'dam,N/A,Unassigned,Unknown,Seanchan,Unknown,The sul’dam who captured Moghedien during the Last Battle.
Primary,Main,LoC,No,0,Shandin,Shandin,Shandin,,Shandin,N/A,M,Ogier,Historic,Uncertain,N/A,Unassigned,N/A,Unknown,Unknown,"Father of Ledar son of Koimal, Ledar being an Ogier author."
Primary,Main,LoC,Yes,1,Shanelle,Shanelle,Shanelle,,Shanelle,N/A,F,Human,Current,Aes Sedai,Yellow,No,32(20),Altara,Unknown,"An Altaran Aes Sedai of the Yellow Ajah and the rebels. She was slender, pretty and dark, with pale blue eyes."
Primary,Main,AMoL,No,0,Shanni,Shanni,Shanni,,Shanni,N/A,F,Human,Current,Wise One,N/A,Unassigned,N/A,Aiel,Unknown,An Aiel Wise One.
Primary,Main,LoC,Yes,1,Shaofan,Shaofan,Shaofan,,Shaofan,N/A,M,Human,Current,Graendal's Pet,N/A,Unassigned,N/A,Shara,Unknown,"The future intended Sh’botay of Shara, handsome, with very dark skin. Graendal made him one of her pets."
Primary,Main,TDR,Yes,1,Sharbon,Sharbon,Sharbon,,Sharbon,N/A,M,Human,Current,Servant,N/A,Unassigned,N/A,Unknown,Unknown,Carridin’s plump bodyservant in Amador. Carridin treated him badly.
Primary,Main,TGH,No,0,Sharina,Sharina,Sharina,,Sharina,N/A,F,Human,Current,Aes Sedai,Unknown,Unknown,Unknown,Unknown,Unknown,"An Aes Sedai, and counselor to Lan (as King) in Nynaeve’s Accepted test. Possibly connected to Sharina Melloy?"
Primary,Main,TPoD,Yes,3,Sharina Melloy,Sharina Melloy,Sharina,Melloy,Sharina,N/A,F,Human,Current,Novice,N/A,Unassigned,2(+11),Murandy,938 NE,"A Murandian novice with the rebel Aes Sedai. She was 5'5"" tall and had broad hips, a creased face and gray hair."
Primary,Main,LoC,Yes,1,Sharmad Zeffar,Sharmad Zeffar,Sharmad,Zeffar,Sharmad,N/A,F,Human,Current,Uncertain,N/A,Unassigned,N/A,Arad Doman,Unknown,A Domani woman. She was one of the refugees who went to the Two Rivers.
Title,Main,ToM,N/A,N/A,She Whose Eyes Look Upward,She Whose Eyes Look Upward,She Whose Eyes Look Upward,,She Whose Eyes Look Upward,Tuon Athaem Kore Paendrag,N/A,N/A,N/A,N/A,N/A,N/A,N/A,N/A,N/A,A name for the Empress of Seanchan (Tuon).
Primary,Main,ToM,Yes,1,Shedren,Shedren,Shedren,,Shedren,N/A,M,Human,Future,Aiel Clan Chief,N/A,Unassigned,N/A,Aiel,Unknown,"The clan chief of the Daryne Aiel after the Last Battle, seen in Aviendha’s visions of the future in Rhuidean."
Primary,Main,TPoD,No,0,Shein Chunla,Shein Chunla,Shein,Chunla,Shein,N/A,F,Human,Historic,Aes Sedai,Green,No,Unknown,Unknown,Unknown,An Aes Sedai of the Green Ajah who served as Amyrlin from 578 to 601 NE.
Primary,NS,NS,No,0,Shemaen,Shemaen,Shemaen,,Shemaen,N/A,F,Human,Current,Aes Sedai,Unknown,No,Unknown,Unknown,Unknown,An Aes Sedai. Adelorna reportedly told Shemaen that Gitara had had a Foretelling about the Last Battle.
Primary,Main,CoT,Yes,1,Shemari,Shemari,Shemari,,Shemari,N/A,F,Human,Current,Aes Sedai,Brown,No,Unknown,Unknown,Unknown,"An Aes Sedai of the Brown Ajah and the rebel contingent. A librarian, she was square-faced and vigorous."
Primary,Main,TSR,Yes,4,Shemerin,Shemerin,Shemerin,,Shemerin,N/A,F,Human,Current,Aes Sedai,Yellow,No,15(3),Unknown,828 NE,A plump Aes Sedai of the Yellow Ajah and the loyalist contingent. Elaida demoted her to Accepted.
Primary,Main,AMoL,Yes,2,Shendla,Shendla,Shendla,,Shendla,N/A,F,Human,Current,Leader,N/A,Unassigned,N/A,Shara,Unknown,"A beautiful Sharan who was one of the leaders at the Last Battle. She was not a Darkfriend, but supported Demandred."
Title,Main,TEotW,N/A,N/A,Shepherd of the Night,Shepherd of the Night,Shepherd of the Night,,Shepherd of the Night,Dark One,N/A,N/A,N/A,N/A,N/A,N/A,N/A,N/A,N/A,A title for the Dark One.
Primary,Main,WH,Yes,4,Sheraine Caminelle,Sheraine Caminelle,Sheraine,Caminelle,Sheraine,N/A,F,Human,Current,Aes Sedai,Blue,No,Unknown,Cairhien,Unknown,"An Aes Sedai of the Blue Ajah who was captured at Falme, made damane, and given the name Mylen."
Primary,Main,TEotW,Yes,46,Sheriam Bayanar,Sheriam Bayanar,Sheriam,Bayanar,Sheriam,N/A,F,Human,Current,Aes Sedai,Blue,Yes,14(2),Saldaea,953 NE,"A Saldaean Aes Sedai of the Blue Ajah, but actually Black. Fire-haired, with green eyes and tilted cheekbones."
Primary,Main,TPoD,Yes,3,Shevan Gadarin,Shevan Gadarin,Shevan,Gadarin,Shevan,N/A,F,Human,Current,Aes Sedai,Brown,No,18(6),Kandor,843 NE,"A Kandori Aes Sedai of the Brown Ajah and a loyalist. About 5'10"" tall, with an angular face, long chin, and dark hair."
Alias,Main,ACoS,N/A,N/A,"Shiaine Avarhin, Lady",Lady Shiaine Avarhin,Shiaine,Avarhin,Shiaine,Mili Skane,N/A,N/A,N/A,N/A,N/A,N/A,N/A,N/A,N/A,A woman of a minor noble family which had a lineage back to the founding of Andor.
Primary,Main,WH,Yes,5,Shielyn din Sabura Night Waters,Shielyn din Sabura Night Waters,Shielyn,din Sabura Night Waters,Shielyn,N/A,F,Human,Current,Windfinder,N/A,Unassigned,23(11),Sea Folk,Unknown,"Zaida’s Sea Folk Windfinder. She was 5'8"" tall, slim and pretty, though not beautiful."
Primary,Main,WH,Yes,1,"Shimel, Mistress",Mistress Shimel,Mistress,Shimel,Mistress Shimel,N/A,F,Human,Current,Merchant,N/A,Unassigned,N/A,Unknown,Unknown,A fur merchant in Far Madding. Rand saw her while gathering intelligence at an inn called The Golden Wheel.
Primary,Main,LoC,Yes,1,Shimoku,Shimoku,Shimoku,,Shimoku,N/A,F,Human,Current,Accepted,N/A,Unassigned,34(22),Kandor,973 NE,"A Kandori Accepted with the rebels. Pretty, with dark eyes, she shared a house in Salidar with Elayne and Nynaeve."
Primary,Main,CoT,Yes,1,"Shimron, Lord",Lord Shimron,Shimron,,Shimron,N/A,M,Human,Current,Domani Noble,N/A,Unassigned,N/A,Arad Doman,Unknown,"A Domani nobleman, former advisor to Alsalam, and a Dragonsworn. A gaunt, white-haired man."
Primary,Main,AMoL,Yes,1,Shiv,Shiv,Shiv,,Shiv,N/A,M,Human,Current,Soldier,N/A,Unassigned,N/A,Unknown,Unknown,"One of Jarid Sarand’s soldiers, most likely a scout."
Primary,Main,ACoS,No,0,Shivan the Hunter,Shivan the Hunter,Shivan,,Shivan,N/A,M,Human,Current,Hero of the Horn,N/A,Unassigned,N/A,Unknown,Unknown,A Hero of the Horn and brother of Calian the Chooser. He wore a black mask and was said to herald the end of Ages.
Primary,NS,NS,No,0,Shivena Kayenzi,Shivena Kayenzi,Shivena,Kayenzi,Shivena,N/A,F,Human,Historic,Philosopher,N/A,Unassigned,N/A,Saldaea,Unknown,A Saldaean philosopher who was influenced by Willim of Manaches.
Alias,Main,TGS,N/A,N/A,"Shore, Mistress",Mistress Shore,Mistress,Shore,Mistress Shore,Cadsuane Melaidhrin,N/A,N/A,N/A,N/A,N/A,N/A,N/A,N/A,N/A,"The name used by Cadsuane in her dealings with Quillin Tasil, an innkeeper in Bandar Eban."
Primary,Main,WH,Yes,1,Shyanda,Shyanda,Shyanda,,Shyanda,N/A,F,Human,Current,Wise One,N/A,Unassigned,N/A,Aiel,Unknown,A Wise One of the Goshien Aiel with fiery red hair. Shyanda was at Elayne and Aviendha’s first-sister ceremony.
Primary,Main,ACoS,Yes,4,Sibella,Sibella,Sibella,,Sibella,N/A,F,Human,Current,Kinswoman,N/A,Unassigned,22(10),Unknown,613 NE,"A Kin and a member of the Knitting Circle. Yellow-haired and thin, with no gray or white in her hair."
Primary,Main,AMoL,Yes,1,Sidama,Sidama,Sidama,,Sidama,N/A,U,Horse,Current,Horse,N/A,Unassigned,N/A,Unknown,Unknown,Galad’s horse in the Last Battle.
Primary,Main,TSR,Yes,1,Siedre,Siedre,Siedre,,Siedre,N/A,F,Human,Historic,Jenn Aiel,N/A,Unassigned,N/A,Jenn Aiel,Unknown,"A Jenn Aiel woman shortly after the Breaking. She married Adan, and they had five children."
Primary,Main,TFoH,Yes,1,Sierin Vayu,Sierin Vayu,Sierin,Vayu,Sierin,N/A,F,Human,Current,Aes Sedai,Gray,No,18(6),Unknown,736 NE,"An Aes Sedai of the Gray Ajah who became Amyrlin in 979 NE. She was plump, with a grim face and hard eyes."
Primary,Main,AMoL,Yes,1,Sifter,Sifter,Sifter,,Sifter,N/A,M,Horse,Current,Horse,N/A,Unassigned,N/A,Unknown,Unknown,"Egwene’s horse, a testy dapple gelding."
Title,Main,TEotW,N/A,N/A,Sightblinder,Sightblinder,Sightblinder,,Sightblinder,Dark One,N/A,N/A,N/A,N/A,N/A,N/A,N/A,N/A,N/A,An Aiel name for the Dark One.
Title,Main,TEotW,N/A,N/A,Sightburner,Sightburner,Sightburner,,Sightburner,Dark One,N/A,N/A,N/A,N/A,N/A,N/A,N/A,N/A,N/A,An Aiel name for the Dark One.
Primary,Main,AMoL,Yes,1,Sigmont,Sigmont,Sigmont,,Sigmont,N/A,M,Human,Current,Uncertain,N/A,Unassigned,N/A,Unknown,Unknown,A young man who participated in the Last Battle. Mat taught him how to use a quarterstaff.
Primary,Main,ToM,No,0,Sigril,Sigril,Sigril,,Sigril,N/A,F,Human,Current,Soldier,N/A,Unassigned,N/A,Unknown,Unknown,Yoeli’s sister; she was the leader of the Lastriders in Maradon.
Primary,NS,NS,Yes,1,Silene Dorelmin,Silene Dorelmin,Silene,Dorelmin,Silene,N/A,F,Human,Current,Seamstress,N/A,Unassigned,N/A,Unknown,Unknown,"The best seamstress in Chachin, Kandor. Slim, with a haughty air and a cool voice, she made dresses for Moiraine."
Primary,Main,TFoH,No,0,Sillia Cerano,Sillia Cerano,Sillia,Cerano,Sillia,N/A,F,Human,Current,Circus Owner,N/A,Unassigned,N/A,Unknown,Unknown,"A woman who owned a touring circus, competition for Valan Luca’s circus near Samara in Ghealdan."
Primary,WoTC,WoTC,No,0,Silvane Redfor,Silvane Redfor,Silvane,Redfor,Silvane,N/A,F,Human,Current,Aes Sedai,Green,No,33(21),Andor,Unknown,"An Andoran Aes Sedai of the Green Ajah, uncommitted to any contingent, with a strength level of 33(21)."
Primary,Main,TFoH,Yes,19,Silviana Brehon,Silviana Brehon,Silviana,Brehon,Silviana,N/A,F,Human,Current,Aes Sedai,Red,No,15(3),Amadicia,849 NE,"An Amadician Aes Sedai of the Red Ajah and a loyalist. She was 5'6½"" tall, and stocky, with a square face."
Primary,Main,AMoL,No,0,Silvic,Silvic,Silvic,,Silvic,N/A,M,Human,Current,Band of the Red Hand,N/A,Unassigned,N/A,Unknown,Unknown,A member of the Band of the Red Hand who taught Olver how to use his knife.
Alias,Main,TDR,N/A,N/A,Silvie,Silvie,Silvie,,Silvie,Lanfear,N/A,N/A,N/A,N/A,N/A,N/A,N/A,N/A,N/A,"A crone met in the Heart of the Stone in Tel’aran’rhiod, Lanfear in disguise, who told Egwene about Callandor."
Primary,Main,TFoH,No,0,Sim,Sim,Sim,,Sim,N/A,M,Human,Current,Innkeeper,N/A,Unassigned,N/A,Unknown,Unknown,"The innkeeper of The King’s Lancer in Sienda, Amadicia. One of Valan Luca’s boar-horses damaged his inn."
Primary,Main,TSR,Yes,3,"Simaan, High Lord",High Lord Simaan,Simaan,,Simaan,N/A,M,Human,Current,Tairen Noble,N/A,Unassigned,N/A,Tear,Unknown,A Tairen High Lord. He had sharp eyes and a sharp nose. One of the most active plotters against Rand in the Stone.
Primary,Main,TDR,Yes,2,Simion,Simion,Simion,,Simion,N/A,M,Human,Current,Serving Man,N/A,Unassigned,N/A,Ghealdan,Unknown,"A servant/workman at the inn Harilin’s Leap in Jarra, Ghealdan. His brother Noam was a wolfbrother."
Primary,Main,CoT,Yes,2,Siswai,Siswai,Siswai,,Siswai,N/A,F,Horse,Current,Horse,N/A,Unassigned,N/A,Unknown,Unknown,Aviendha’s leggy arch-necked gray mare.
Primary,Main,TGH,Yes,96,Siuan Sanche,Siuan Sanche,Siuan,Sanche,Siuan,N/A,F,Human,Current,Aes Sedai,Blue,No,13(1),Tear,957 NE,"A Tairen Aes Sedai of the Blue Ajah, and Amyrlin from 988 NE to 999 NE. Strength reduced to 35(23) after being stilled."
Alias,Main,TGS,N/A,N/A,Sivi,Sivi,Sivi,,Sivi,Adelorna Bastine,N/A,N/A,N/A,N/A,N/A,N/A,N/A,N/A,N/A,The name given to Adelorna Bastine by the sul’dam who leashed her for a very short time.
Primary,Main,TFoH,Yes,4,Skulker,Skulker,Skulker,,Skulker,N/A,M,Horse,Current,Horse,N/A,Unassigned,N/A,Unknown,Unknown,Juilin’s lanky brown gelding.
Primary,Main,TSR,Yes,21,Slayer,Slayer,Slayer,,Slayer,N/A,M,Human,Current,Darkfriend,N/A,Yes,N/A,Unknown,Unknown,Wolf name for Isam/Luc. A hybrid human created by the Dark One. He could also switch from Luc to Isam at will.
Primary,Main,TGS,Yes,4,Sleete,Sleete,Sleete,,Sleete,N/A,M,Human,Current,Warder,N/A,Unassigned,N/A,Unknown,Unknown,"Hattori’s Warder. Limber and long-armed, he had rough-hewn features, long black hair and a cleft in his chin."
Primary,Main,ToM,Yes,1,Slone Maddow,Slone Maddow,Slone,Maddow,Slone,N/A,M,Human,Current,Band of the Red Hand,N/A,Unassigned,N/A,Unknown,Unknown,A wide-eared Redarm with the Band of the Red Hand.
Primary,Main,TGH,No,0,Smoke,Smoke,Smoke,,Smoke,N/A,U,Wolf,Current,Wolf,N/A,Unassigned,N/A,Unknown,Unknown,A wolf that Perrin spoke with when he and Ingtar were searching for Fain and the Horn of Valere.
Primary,Main,ToM,Yes,1,Snelle,Snelle,Snelle,,Snelle,N/A,M,Human,Current,Gambler,N/A,Unassigned,N/A,Unknown,Unknown,A dirty man at the Dusty Wheel in Caemlyn who attempted to cheat Mat at the dice game Koronko’s Spit.
Primary,Main,ToM,Yes,1,Snert,Snert,Snert,,Snert,N/A,M,Human,Current,Innkeeper,N/A,Unassigned,N/A,Unknown,Unknown,"The innkeeper of The Grand Hike in Caemlyn. He was missing several teeth, one eye and most of his hair."
Primary,Main,KoD,No,0,Snowy Dawn,Snowy Dawn,Snowy Dawn,,Snowy Dawn,N/A,M,Wolf,Current,Wolf,N/A,Unassigned,N/A,Unknown,Unknown,A wolf with whom Perrin communicated outside of Malden. He was an irascible old male who once killed a leopard.
Primary,Main,TSR,No,0,Soferra,Soferra,Soferra,,Soferra,N/A,F,Ogier,Historic,Uncertain,N/A,Unassigned,N/A,Unknown,Unknown,"An Ogier woman who was the mother of Ala and the grandmother of Damelle, the last of whom wrote about the Ways."
Primary,Main,ToM,No,0,Soffi Moraton,Soffi Moraton,Soffi,Moraton,Soffi,N/A,F,Human,Current,Uncertain,N/A,Unassigned,N/A,Unknown,Unknown,A woman with Perrin’s army who tore her tent during a stream crossing and had no trouble getting it repaired.
Primary,Main,ACoS,Yes,2,Solain Morgeillin,Solain Morgeillin,Solain,Morgeillin,Solain,N/A,F,Human,Current,Kinswoman,N/A,Unassigned,40(28),Unknown,818 NE,A Kin in Ebou Dar. She was put out of the White Tower for being a kleptomaniac.
Primary,Main,TSR,Yes,1,Solinda,Solinda,Solinda,,Solinda,N/A,F,Human,AoL,Ancient Aes Sedai,N/A,Unassigned,Unknown,Unknown,Unknown,An Aes Sedai during the Breaking who helped make the Eye of the World. Her hair was very long and sun-red.
Primary,Main,TFoH,Yes,14,Somara,Somara,Somara,,Somara,N/A,F,Human,Current,Maiden of the Spear,N/A,Unassigned,N/A,Aiel,Unknown,"A woman of the Bent Peak sept of the Daryne Aiel and Far Dareis Mai. She had flaxen hair and was very tall, 6'2""-6'3""."
Primary,Main,ACoS,Yes,5,Someryn,Someryn,Someryn,,Someryn,N/A,F,Human,Current,Wise One,N/A,Unassigned,4(+9),Aiel,Unknown,"A Wise One of the Shaido Aiel (not a Jumai) with the ability to channel. She was over 6'4"" tall, with sun-dark skin."
Primary,Main,TEotW,Yes,3,Someshta,Someshta,Someshta,,Someshta,N/A,M,Nym,Current,Green Man,N/A,Unassigned,N/A,Unknown,Unknown,"Also called ""Green Man"". He was the last of the Nym who guarded the Eye of the World."
Primary,Main,ToM,Yes,1,Somma,Somma,Somma,,Somma,N/A,F,Human,Current,Maiden of the Spear,N/A,Unassigned,N/A,Aiel,Unknown,A Maiden of the Spear who guarded Rand in the city of Tear.
Primary,Main,LoC,No,0,Soong,Soong,Soong,,Soong,N/A,F,Ogier,Historic,Uncertain,N/A,Unassigned,N/A,Unknown,Unknown,"An Ogier woman who was the mother of Ella mother of Covril; i.e., Loial’s great-grandmother."
Primary,Main,LoC,Yes,3,Sora Grady,Sora Grady,Sora,Grady,Sora,N/A,F,Human,Current,Uncertain,N/A,Unassigned,N/A,Unknown,Unknown,"Jur’s wife, who lived at the Black Tower. She was a plump, pale-haired woman; they had a son, Gadren, who was four."
Primary,Main,TSR,No,0,Soran Milo,Soran Milo,Soran,Milo,Milo,N/A,M,Human,Historic,Author,N/A,Unassigned,N/A,Unknown,Unknown,The author of The Killers of the Black Veil. Milo was a man who lived about six hundred years before the Last Battle.
Primary,Main,CoT,No,0,Sorelana Alsahhan,Sorelana Alsahhan,Sorelana,Alsahhan,Sorelana,N/A,U,Human,Historic,Author,N/A,Unassigned,N/A,Unknown,Unknown,A scholar in the time of the Trolloc Wars who wrote about Darkhounds.
Primary,Main,TSR,No,0,Sorelle,Sorelle,Sorelle,,Sorelle,N/A,F,Human,Historic,Jenn Aiel,N/A,Unassigned,N/A,Jenn Aiel,Unknown,"A Jenn Aiel woman who lived after the Breaking. The daughter of Adan and Siedre, she was a dreamer."
Primary,World,World,No,0,Sorelle ay Marena,Sorelle ay Marena,Sorelle,ay Marena,Sorelle,N/A,F,Human,Historic,Queen,N/A,Unassigned,N/A,Manetheren,Unknown,The Queen of Manetheren at the signing of the Compact of the Ten Nations.
Primary,Main,TFoH,Yes,33,Sorilea,Sorilea,Sorilea,,Sorilea,N/A,F,Human,Current,Wise One,N/A,Unassigned,57(45),Aiel,Unknown,A Wise One of the Jarra sept of the Chareen Aiel and of Shende Hold. A bony woman over two hundred years old.
Primary,Main,AMoL,Yes,1,Soro,Soro,Soro,,Soro,N/A,M,Human,Current,Red Veiled Aiel,N/A,Unassigned,N/A,Aiel,Unknown,An Aiel with the ability to channel. He became a Samma N’Sei and was killed by Aviendha in the Last Battle.
Primary,Main,ToM,Yes,1,Sorrentin,Sorrentin,Sorrentin,,Sorrentin,N/A,M,Human,Current,Soldier,N/A,Unassigned,N/A,Unknown,Unknown,A soldier in Ituralde’s army at Maradon.
Primary,Main,ACoS,Yes,1,Sotarin,Sotarin,Sotarin,,Sotarin,N/A,F,Human,Current,Wise One,N/A,Unassigned,N/A,Aiel,Unknown,An Aiel Wise One.
Title,Main,WH,N/A,N/A,Soulblinder,Soulblinder,Soulblinder,,Soulblinder,Dark One,N/A,N/A,N/A,N/A,N/A,N/A,N/A,N/A,N/A,A Seanchan name for the Dark One.
Title,Main,TDR,N/A,N/A,Soulsbane,Soulsbane,Soulsbane,,Soulsbane,Dark One,N/A,N/A,N/A,N/A,N/A,N/A,N/A,N/A,N/A,Another name for the Dark One.
Primary,Main,LoC,No,0,Souran Maravaile,Souran Maravaile,Souran,Maravaile,Souran,N/A,M,Human,Historic,General,N/A,Unassigned,N/A,Unknown,Unknown,Artur Hawkwing’s greatest general and husband to Ishara.
Primary,Main,ACoS,Yes,1,Spar,Spar,Spar,,Spar,N/A,M,Human,Current,Thug,N/A,Yes,N/A,Unknown,Unknown,"A thug and Darkfriend who worked for Old Cully in Ebou Dar. A rat-faced man, he still had several teeth."
Primary,Main,ToM,Yes,4,Sparks,Sparks,Sparks,,Sparks,N/A,M,Wolf,Current,Wolf,N/A,Unassigned,N/A,Unknown,Unknown,A male wolf in Oak Dancer’s pack. Sparks helped Hopper to train Perrin in the wolf dream.
Primary,Main,TPoD,Yes,1,Sparrow,Sparrow,Sparrow,,Sparrow,N/A,F,Horse,Current,Horse,N/A,Unassigned,N/A,Unknown,Unknown,The mare Toveine rode to the Black Tower.
Primary,Main,CoT,No,0,Speral,Speral,Speral,,Speral,N/A,M,Human,Current,Merchant Worker,N/A,Unassigned,N/A,Unknown,Unknown,A worker for the Merchants’ Guild in So Habor. Mycal Crossin called for him to fetch grain samples.
Title,Main,TSR,N/A,N/A,"Spider, The",The Spider,The Spider,,The Spider,Moghedien,N/A,N/A,N/A,N/A,N/A,N/A,N/A,N/A,N/A,Name often used for Moghedien. A moghedien was a particularly poisonous type of spider in the Age of Legends.
Primary,Main,TPoD,Yes,1,Spiron Narettin,Spiron Narettin,Spiron,Narettin,Spiron,N/A,M,Human,Current,Illianer Noble,N/A,Unassigned,N/A,Illian,Unknown,An Illianer nobleman who was a member of the Council of Nine.
Primary,Main,WH,No,0,Springhorn,Springhorn,Springhorn,,Springhorn,N/A,U,Wolf,Current,Wolf,N/A,Unassigned,N/A,Unknown,Unknown,"The leader of a wolfpack that Perrin consulted, seeking information about Faile after she was abducted."
Primary,Main,ToM,No,0,Staven,Staven,Staven,,Staven,N/A,U,Human,Current,Soldier,N/A,Unassigned,N/A,Unknown,Unknown,A soldier who died defending Ituralde at Maradon in Saldaea.
Primary,Main,LoC,Yes,12,Stayer,Stayer,Stayer,,Stayer,N/A,M,Horse,Current,Horse,N/A,Unassigned,N/A,Cairhien,Unknown,"Perrin’s horse from Cairhien. A bay stallion from the Sun Palace stables, he was reddish with a black mane and tail."
Primary,Main,KoD,Yes,1,Steady,Steady,Steady,,Steady,N/A,M,Horse,Current,Horse,N/A,Unassigned,N/A,Unknown,Unknown,A roan gelding belonging to Rodel Ituralde.
Primary,NS,NS,Yes,2,Steler,Steler,Steler,,Steler,N/A,M,Human,Current,Tower Guard,N/A,Unassigned,N/A,Unknown,Unknown,"A bannerman in the Tower Guard. Tall and grizzled, with a deep gravelly voice."
Primary,NS,NS,Yes,1,Stepin,Stepin,Stepin,,Stepin,N/A,M,Human,Current,Warder,N/A,Unassigned,N/A,Unknown,Unknown,One of Kerene’s Warders. He had narrow shoulders and sad brown eyes that made him look like a clerk.
Primary,Main,TDR,Yes,40,Stepper,Stepper,Stepper,,Stepper,N/A,M,Horse,Current,Horse,N/A,Unassigned,N/A,Unknown,Unknown,Perrin’s dun stallion. He had a yellowish hide and a black mane and tail.
Primary,Main,AMoL,No,0,Steps,Steps,Steps,,Steps,N/A,U,Wolf,Current,Wolf,N/A,Unassigned,N/A,Unknown,Unknown,A young black-furred wolf that Perrin met in the wolf dream while searching for Slayer during the Last Battle.
Primary,Main,LoC,Yes,1,Stevan Gedarien,Stevan Gedarien,Stevan,Gedarien,Stevan,N/A,M,Human,Current,Warder,N/A,Unassigned,N/A,Cairhien,Unknown,"Demira Eriff’s Cairhienin Warder. He was 5'6"" tall, and slender, with gray at his temples."
Primary,Main,AMoL,Yes,1,Stinger,Stinger,Stinger,,Stinger,N/A,M,Horse,Current,Horse,N/A,Unassigned,N/A,Unknown,Unknown,Silviana’s gelding that she rode during the Last Battle. She had trained Stinger not to be skittish around channeling.
Title,Main,ACoS,N/A,N/A,Stormbringer,Stormbringer,Stormbringer,,Stormbringer,Dark One,N/A,N/A,N/A,N/A,N/A,N/A,N/A,N/A,N/A,An old Sea Folk name for the Dark One; it was used by Birgitte.
Primary,Main,ToM,Yes,3,Stout,Stout,Stout,,Stout,N/A,M,Horse,Current,Horse,N/A,Unassigned,N/A,Unknown,Unknown,Galad’s bay gelding. He was killed when the Trollocs attacked the Whitecloaks on the Jehannah Road.
Primary,Main,TEotW,Yes,1,Strom,Strom,Strom,,Strom,N/A,M,Human,Current,Strongarm,N/A,Unassigned,N/A,Unknown,Unknown,"A strongarm at The Dancing Cartman in Four Kings, Andor. Strom was hard-faced, big and had thick arms."
Primary,Main,TPoD,Yes,4,Suana Dragand,Suana Dragand,Suana,Dragand,Suana,N/A,F,Human,Current,Aes Sedai,Yellow,No,22(10),Shienar,784 NE,"A Shienaran Aes Sedai of the Yellow Ajah and a loyalist. Beefy, with too much chin, blue eyes, and a square face."
Alias,Main,TGS,N/A,N/A,Suffa,Suffa,Suffa,,Suffa,Elaida do Avriny a'Roihan,N/A,N/A,N/A,N/A,N/A,N/A,N/A,N/A,N/A,The name given to Elaida as a damane.
Primary,World,World,No,0,Suilin Escanda,Suilin Escanda,Suilin,Escanda,Suilin,N/A,F,Human,Historic,Aes Sedai,Blue,No,Unknown,Unknown,Unknown,An Aes Sedai of the Blue Ajah who served as Amyrlin from 355 to 396 NE.
Alias,NS,NS,N/A,N/A,Suki,Suki,Suki,,Suki,Siuan Sanche,N/A,N/A,N/A,N/A,N/A,N/A,N/A,N/A,N/A,Siuan’s alias as Moiraine’s maid in Chachin.
Primary,Main,AMoL,Yes,1,Sulaan,Sulaan,Sulaan,,Sulaan,N/A,F,Human,Current,Morat'to'raken,N/A,Unassigned,N/A,Seanchan,Unknown,A morat’to’raken who flew Mat and Olver to Thakan’dar in the Last Battle. Mat thought Sulaan pretty but insane.
Primary,Main,TSR,No,0,Suladric,Suladric,Suladric,,Suladric,N/A,M,Human,Current,Aiel Clan Chief,N/A,Unassigned,N/A,Aiel,Unknown,The clan chief of the Shaido Aiel who died shortly before Rand went to the Waste.
Primary,Main,TSR,No,0,Sulamein so Bhagad,Sulamein so Bhagad,Sulamein,so Bhagad,Sulamein,N/A,U,Human,Historic,Author,N/A,Unassigned,N/A,Unknown,Unknown,"The author of The Wheel of Time; Chief Historian at the Court of the Sun, the Fourth Age."
Primary,Main,TFoH,Yes,57,Sulin,Sulin,Sulin,,Sulin,N/A,F,Human,Current,Maiden of the Spear,N/A,Unassigned,N/A,Aiel,Unknown,"A woman of the Goshien Aiel and Far Dareis Mai. White-haired, blue-eyed, leathery-faced, wiry and about 5'7"" tall."
Primary,World,World,No,0,"Sulmara, Queen",Queen Sulmara,Sulmara,,Sulmara,N/A,F,Human,Historic,Queen,N/A,Unassigned,N/A,Masenashar,Unknown,"The Queen of Masenashar, circa 450 AB, who was a renegade Aes Sedai."
Primary,Main,TSR,Yes,1,Sulwin,Sulwin,Sulwin,,Sulwin,N/A,M,Human,Historic,Jenn Aiel,N/A,Unassigned,N/A,Jenn Aiel,Unknown,"An Aiel after the Breaking. A tall man who let his hair grow long, he led a group that decided to leave the Jenn Aiel."
Primary,Main,ACoS,Yes,16,Sumeko Karistovan,Sumeko Karistovan,Sumeko,Karistovan,Sumeko,N/A,F,Human,Current,Kinswoman,N/A,Unassigned,18(6),Unknown,598 NE,"A Kin and member of the Knitting Circle. About 5'5"" tall, and quite stout, with a round face and straight black hair."
Primary,Main,CoT,No,0,"Sumi, Great Aunt",Great Aunt Sumi,Sumi,,Great Aunt Sumi,N/A,F,Human,Current,Uncertain,N/A,Unassigned,N/A,Unknown,Unknown,A hypothetical person in Yukiri’s thoughts whose relatives fought over her pewter.
Primary,Main,ACoS,No,0,Sun King,Sun King,Sun King,,Sun King,N/A,M,Human,Unknown,Story Character,N/A,Unassigned,N/A,Unknown,Unknown,A character from myth who awakened Talia with a kiss.
Primary,NS,NS,Yes,2,Sun Lance,Sun Lance,Sun Lance,,Sun Lance,N/A,M,Horse,Current,Horse,N/A,Unassigned,N/A,Unknown,Unknown,Bukama’s yellow roan gelding that he rode in the Aiel War and to Kandor afterward.
Primary,Main,TSR,Yes,8,Sunamon Haellin,Sunamon Haellin,Sunamon,Haellin,Sunamon,N/A,M,Human,Current,Tairen Noble,N/A,Unassigned,N/A,Tear,Unknown,"A High Lord of Tear. Fat though not obese, with graying hair and a pointed beard."
Primary,Main,AMoL,No,0,Sunrise,Sunrise,Sunrise,,Sunrise,N/A,U,Wolf,Current,Wolf,N/A,Unassigned,N/A,Unknown,Unknown,A wolf who informs Perrin that Slayer is among those fighting at Shayol Ghul.
Primary,Main,ACoS,No,0,Suraile,Suraile,Suraile,,Suraile,N/A,F,Human,Current,Maiden of the Spear,N/A,Unassigned,N/A,Aiel,Unknown,A woman of the Moshaine Shaido Aiel and Far Dareis Mai. She was the eldest daughter of Maeric.
Primary,Main,LoC,Yes,2,Surandha,Surandha,Surandha,,Surandha,N/A,F,Human,Current,Wise One Apprentice,N/A,Unassigned,N/A,Aiel,Unknown,An Aiel who was Sorilea’s Wise One apprentice. A handsome woman who was beautiful when she laughed.
Primary,Main,TPoD,No,0,"Surasa, Queen",Queen Surasa,Surasa,,Surasa,N/A,F,Human,Historic,Queen,N/A,Unassigned,N/A,Kandor,Unknown,"An ancestor of Ethenielle, Queen of Kandor. She believed that being ruler gave her power to command the weather."
Primary,Main,TSR,No,0,Surela,Surela,Surela,,Surela,N/A,F,Human,Current,Der'sul'dam,N/A,Unassigned,Unknown,Seanchan,Unknown,A Seanchan der’sul’dam to whom sul’dam could be sent for punishment.
Primary,Main,TGS,Yes,2,Surial,Surial,Surial,,Surial,N/A,F,Human,Current,Maiden of the Spear,N/A,Unassigned,N/A,Aiel,Unknown,A Maiden of the Spear who guarded Rand at Lord Tellaen’s manor in Arad Doman.
Primary,Main,TSR,No,0,Surine,Surine,Surine,,Surine,N/A,F,Human,Current,Sul'dam,N/A,Unassigned,Unknown,Seanchan,Unknown,"A Seanchan sul’dam who deserted at Falme. She looked a lot like Nynaeve, but was taller."
Primary,Main,WH,Yes,1,Surlivan Sarat,Surlivan Sarat,Surlivan,Sarat,Surlivan,N/A,M,Human,Current,Tarasin Palace Guard,N/A,Unassigned,N/A,Unknown,Unknown,"An officer in the Ebou Dari Guards serving at the Tarasin Palace. Stocky and sun-dark, he carried a thin gilded rod."
Primary,Main,TGH,Yes,8,Suroth Sabelle Meldarath,Suroth Sabelle Meldarath,Suroth,Sabelle Meldarath,Suroth,N/A,F,Human,Current,Seanchan Noble,N/A,Yes,N/A,Seanchan,Unknown,"A Seanchan of the High Blood and a Darkfriend. About 5'5"" tall, with black eyes and the sides of her head shaved."
Primary,Main,TGS,Yes,1,Surya,Surya,Surya,,Surya,N/A,F,Human,Current,Sul'dam,N/A,Unassigned,Unknown,Seanchan,Unknown,A sul’dam who accompanied Anath/Semirhage when she attempted to capture Rand.
Primary,Main,TEotW,No,0,Susa,Susa,Susa,,Susa,N/A,F,Human,Unknown,Story Character,N/A,Unassigned,N/A,Unknown,Unknown,The woman who tamed Jain Farstrider in a gleeman’s tale.
Primary,Main,LoC,Yes,1,Susa al'Seen,Susa al'Seen,Susa,al'Seen,Susa,N/A,F,Human,Current,Novice,N/A,Unassigned,Unknown,Andor,Unknown,"A Two Rivers girl with channeling ability who was recruited by Verin and Alanna. About 16, she was a slight, fluttery girl."
Primary,NS,NS,Yes,1,Susa Wynn,Susa Wynn,Susa,Wynn,Susa,N/A,F,Human,Current,Uncertain,N/A,Unassigned,N/A,Unknown,Unknown,"The widow of Jac and mother of Cyril, one of the children Moiraine investigated as a possible infant Dragon Reborn."
Primary,Main,TFoH,Yes,1,Susu,Susu,Susu,,Susu,N/A,F,Human,Current,Singer,N/A,Unassigned,N/A,Unknown,Unknown,A young woman who entertained at The Good Night’s Ride in Lugard.
Primary,Main,TSR,Yes,15,Swallow,Swallow,Swallow,,Swallow,N/A,F,Horse,Current,Horse,N/A,Unassigned,N/A,Tear,Unknown,Faile’s black mare. Faile bought her soon after she arrived at the Stone of Tear.
Primary,Main,KoD,Yes,2,Swift,Swift,Swift,,Swift,N/A,F,Horse,Current,Horse,N/A,Unassigned,N/A,Unknown,Unknown,Galina’s gray mare that she rode while with the Shaido.
Primary,Main,WH,Yes,1,Sybaine Aldwyn,Sybaine Aldwyn,Sybaine,Aldwyn,Sybaine,N/A,F,Human,Current,Counsel,N/A,Unassigned,N/A,Far Madding,Unknown,One of the Counsels in Far Madding who met with Cadsuane’s party when they arrived. She had gray hair.
Primary,Main,CoT,Yes,4,Sylvase Caeren,Sylvase Caeren,Sylvase,Caeren,Sylvase,N/A,F,Human,Current,Andoran Noble,N/A,Unassigned,N/A,Andor,Unknown,"The granddaughter and heir of Nasin, High Seat of House Caeren in Andor. About 5'4"" tall, with big blue eyes."
Primary,Main,AMoL,No,0,Symon,Symon,Symon,,Symon,N/A,M,Human,Current,Warder,N/A,Unassigned,N/A,Unknown,Unknown,A Warder killed by a Trolloc in the Last Battle; the Trolloc was then killed by Gawyn.
Primary,Main,TGS,Yes,1,Tabi,Tabi,Tabi,,Tabi,N/A,F,Human,Current,Damane,N/A,Unassigned,Unknown,Unknown,Unknown,A pale-eyed damane who accompanied Anath/Semirhage when she attempted to capture Rand.
Primary,Main,TFoH,Yes,5,Tabiya,Tabiya,Tabiya,,Tabiya,N/A,F,Human,Current,Novice,N/A,Unassigned,27(15),Andor,983 NE,"An Andoran novice with the rebel Aes Seda. She had green eyes and freckles. Her name is misspelled ""Tabitha"" in LoC."
Primary,Main,TEotW,Yes,5,Tad Barran,Tad Barran,Tad,Barran,Tad,N/A,M,Human,Current,Stablehand,N/A,Unassigned,N/A,Andor,Unknown,"A stableman at The Winespring Inn, Emond’s Field; he was the brother of Hu. He was lanky and taciturn."
Primary,Main,LoC,Yes,2,Tad Kandel,Tad Kandel,Tad,Kandel,Tad,N/A,M,Human,Current,Band of the Red Hand,N/A,Unassigned,N/A,Andor,Unknown,A dark-skinned Andoran Redarm in the Band of the Red Hand. Tad accompanied Mat to Ebou Dar.
Primary,Main,ToM,No,0,Tadvishm,Tadvishm,Tadvishm,,Tadvishm,N/A,M,Human,Future,Aiel Warrior,N/A,Unassigned,N/A,Aiel,Unknown,A Stone Dog who was killed by Seanchan in Aviendha’s viewing of the future at Rhuidean.
Primary,Main,TFoH,Yes,3,Taeric Chavana,Taeric Chavana,Taeric,Chavana,Taeric,N/A,M,Human,Current,Luca's Circus,N/A,Unassigned,N/A,Unknown,Unknown,"An acrobat in Luca’s circus, one of four men said to be brothers. He was short and compact, with green eyes."
Alias,Main,TGS,N/A,N/A,"Tagren, Lady",Lady Tagren,Tagren,,Tagren,Shemerin,N/A,N/A,N/A,N/A,N/A,N/A,N/A,N/A,N/A,An alias used by Shemerin after running away from the White Tower.
Primary,Main,ACoS,Yes,15,Tai'daishar,Tai'daishar,Tai'daishar,,Tai'daishar,N/A,M,Horse,Current,Horse,N/A,Unassigned,N/A,Unknown,Unknown,"Old Tongue for “Lord of Glory,” it was the name of a black gelding that Rand forced Kiruna to sell him."
Primary,Main,TSR,Yes,1,Taisa,Taisa,Taisa,,Taisa,N/A,F,Human,Current,Sul'dam,N/A,Unassigned,Unknown,Seanchan,Unknown,A Seanchan sul’dam. She controlled Pura during a meeting with Suroth in Cantoine. She had dark eyes.
Primary,Main,ToM,Yes,1,Takai,Takai,Takai,,Takai,N/A,M,Human,Future,Aiel Clan Chief,N/A,Unassigned,N/A,Aiel,Unknown,"A clan chief of the Miagoma Aiel after the Last Battle, as seen in Aviendha’s viewings of the future in Rhuidean."
Primary,Main,TGH,Yes,11,Takima Deraighdin,Takima Deraighdin,Takima,Deraighdin,Takima,N/A,F,Human,Current,Aes Sedai,Brown,No,23(11),Andor,844 NE,"An Andoran Aes Sedai of the Brown Ajah and the rebels. About 5'1"" tall, with black hair and skin the color of aged ivory."
Primary,Main,TFoH,Yes,1,Tal Nethin,Tal Nethin,Tal,Nethin,Tal,N/A,M,Human,Current,Saddlemaker,N/A,Unassigned,N/A,Unknown,Unknown,"A saddlemaker who survived the Shaido massacre of Taien in the Jangai Pass, only to die by breaking his neck."
Primary,Main,TPoD,Yes,4,Talaan din Gelyn,Talaan din Gelyn,Talaan,din Gelyn,Talaan,N/A,F,Human,Current,Windfinder Apprentice,N/A,Unassigned,2(+11),Sea Folk,Unknown,"A Windfinder apprentice. Her strength level was 4(9+), with a potential of 2(+11). Slim with big almost black eyes."
Primary,Main,ToM,Yes,1,"Talana, Queen",Queen Talana,Talana,,Talana,N/A,F,Human,Future,Queen,N/A,Unassigned,N/A,Andor,Unknown,Queen of Andor during Aviendha’s fifth step through the columns of Rhuidean (the second time).
Primary,Main,ACoS,Yes,4,Talene Minly,Talene Minly,Talene,Minly,Talene,N/A,F,Human,Current,Aes Sedai,Green,Yes,15(3),Andor,840 NE,"An Andoran Aes Sedai of the Green Ajah, but actually Black. About 5'7"" tall, with golden hair and blue eyes."
Primary,Main,TGS,Yes,1,Talha,Talha,Talha,,Talha,N/A,F,Human,Current,Sul'dam,N/A,Unassigned,Unknown,Seanchan,Unknown,"A slender, dark-haired sul’dam who accompanied Anath/Semirhage when she attempted to capture Rand."
Primary,Main,ACoS,No,0,Talia,Talia,Talia,,Talia,N/A,F,Human,Unknown,Story Character,N/A,Unassigned,N/A,Unknown,Unknown,A woman from myth who was awakened by a kiss from the Sun King.
Primary,Main,CoT,No,0,Tall Bear,Tall Bear,Tall Bear,,Tall Bear,N/A,U,Wolf,Current,Wolf,N/A,Unassigned,N/A,Unknown,Unknown,A wolf in Leafhunter’s pack. Perrin spoke with the pack after encountering a strange scent in the wolf dream.
Primary,Main,TFoH,Yes,33,Talmanes Delovinde,Talmanes Delovinde,Talmanes,Delovinde,Talmanes,N/A,M,Human,Current,Band of the Red Hand,N/A,Unassigned,N/A,Cairhien,Unknown,A Cairhienin nobleman who joined the Band of the Red Hand. He was in his 20's and looked like a coiled whip.
Primary,Main,TGS,No,0,Talric,Talric,Talric,,Talric,N/A,M,Human,Current,Warder,N/A,Unassigned,N/A,Unknown,Unknown,Adelorna’s Warder. He was wounded in the Seanchan attack on the White Tower.
Primary,Main,ToM,Yes,1,Talva,Talva,Talva,,Talva,N/A,F,Human,Current,Aes Sedai,Yellow,Yes,Unknown,Unknown,Unknown,"An Aes Sedai of the Yellow Ajah, but actually Black. She was thin, with a bun of golden hair."
Primary,Main,ToM,Yes,1,Tamaav,Tamaav,Tamaav,,Tamaav,N/A,M,Human,Future,Uncertain,N/A,Unassigned,N/A,Aiel,Unknown,"An elderly Aiel man, seen in Aviendha’s visions of the future in Rhuidean."
Primary,Main,TGS,Yes,1,Tamala,Tamala,Tamala,,Tamala,N/A,F,Human,Current,Novice,N/A,Unassigned,Unknown,Unknown,Unknown,A hawk-nosed novice in the White Tower whom Egwene recruited to help fight the Seanchan.
Primary,Main,ACoS,Yes,4,Tamarla,Tamarla,Tamarla,,Tamarla,N/A,F,Human,Current,Kinswoman,N/A,Unassigned,47(35),Altara,681 NE,"An Altaran Kin who was a member of the Knitting Circle. Bone-lean, with olive skin, dark eyes and white and black hair."
Primary,Main,WH,Yes,1,Tamela,Tamela,Tamela,,Tamela,N/A,F,Human,Current,Wise One,N/A,Unassigned,5(+8),Aiel,Unknown,"A Wise One of the Goshien Aiel. Standing 5'9"" tall, and bony, she had an angular, unlovely face."
Primary,World,World,No,0,Tamika,Tamika,Tamika,,Tamika,N/A,F,Human,Historic,Noble,N/A,Unassigned,N/A,Unknown,Unknown,Artur Hawkwing’s second wife. She met Hawkwing in FY 964 when he returned from the Aiel Waste.
Primary,Main,TEotW,Yes,35,Tamlin al'Thor,Tamlin al'Thor,Tamlin,al'Thor,Tam,N/A,M,Human,Current,Farmer,N/A,Unassigned,N/A,Andor,940 NE,"Rand’s adoptive father. His full first name was Tamlin. He was a blocky, bluff man, about 5'10"" tall, with brown eyes."
Primary,Main,TGH,Yes,2,Tammuz,Tammuz,Tammuz,,Tammuz,N/A,M,Human,Current,Illuminator,N/A,Unassigned,N/A,Unknown,Unknown,An Illuminator. He worked with Aludra to create the display intended for Galldrian that was ignited prematurely.
Primary,NS,NS,Yes,2,Tamore Alkohima,Tamore Alkohima,Tamore,Alkohima,Tamore,N/A,F,Human,Current,Seamstress,N/A,Unassigned,N/A,Arad Doman,Unknown,"A Domani seamstress in Tar Valon. Fair-skinned for a Domani, she made Gitara look boyish."
Primary,Main,ACoS,Yes,5,Tamra Ospenya,Tamra Ospenya,Tamra,Ospenya,Tamra,N/A,F,Human,Current,Aes Sedai,Blue,No,19(7),Unknown,Unknown,"An Aes Sedai of the Blue Ajah, and Amyrlin Seat from 973 NE to 979 NE. She was 5'4"" tall, with a square face."
Primary,Main,TSR,No,0,Tamrin,Tamrin,Tamrin,,Tamrin,N/A,M,Human,Current,Soldier,N/A,Unassigned,N/A,Tarabon,Unknown,A Taraboner who was head of the military in Tanchico.
Primary,Main,CoT,No,0,Tamsin Ituralde,Tamsin Ituralde,Tamsin,Ituralde,Tamsin,N/A,F,Human,Current,Uncertain,N/A,Unassigned,N/A,Unknown,Unknown,Rodel Ituralde’s wife.
Primary,Main,TEotW,No,0,Tamyrlin,Tamyrlin,Tamyrlin,,Tamyrlin,N/A,U,Human,Unknown,Uncertain,N/A,Unassigned,N/A,Unknown,Unknown,Possibly the first person to learn how to tap into the True Source and channel the One Power.
Primary,Main,TGS,Yes,1,Tando,Tando,Tando,,Tando,N/A,M,Human,Current,Youngling,N/A,Unassigned,N/A,Andor,Unknown,An Andoran Youngling who was guarding the mayor’s house in Dorlan when Gawyn saw Katerine leave.
Primary,Main,TGS,No,0,Tanera,Tanera,Tanera,,Tanera,N/A,F,Human,Current,Sul'dam,N/A,Unassigned,Unknown,Seanchan,Unknown,"A short, dark sul’dam killed during Semirhage’s attempted capture of Rand. Her damane, Miri, also died."
Primary,Main,LoC,No,0,Taric,Taric,Taric,,Taric,N/A,M,Human,Current,Uncertain,N/A,Unassigned,N/A,Aiel,Unknown,"An Aiel man of the Chareen clan who was the youngest greatson of Amaryn, Sorilea’s greatdaughter."
Primary,Main,ACoS,Yes,9,Taril Canler,Taril Canler,Taril,Canler,Canler,N/A,M,Human,Current,Asha'man,N/A,Unassigned,Unknown,Andor,Unknown,"An Asha’man from Andor. About 5'10"" tall, and sturdy, with gray in his hair, he spat for emphasis."
Primary,Main,TEotW,No,0,Taringail Damodred,Taringail Damodred,Taringail,Damodred,Taringail,N/A,M,Human,Current,Cairhienin Noble,N/A,Unassigned,N/A,Cairhien,948 NE,"A Prince of Cairhien. He married Tigraine and they had Galad, and later married Morgase; having Elayne and Gawyn."
Primary,Main,LoC,Yes,9,Tarna Feir,Tarna Feir,Tarna,Feir,Tarna,N/A,F,Human,Current,Aes Sedai,Red,Turned,19(7),Altara,950 NE,"An Altaran Aes Sedai of the Red Ajah and a loyalist. Pale-haired, 5'5½"" tall and haughty, with sharp blue eyes."
Primary,Main,ToM,No,0,Tarra,Tarra,Tarra,,Tarra,N/A,F,Human,Future,Maiden of the Spear,N/A,Unassigned,N/A,Aiel,Unknown,"A Maiden of the Spear of the Taardad Aiel, seen in Aviendha’s viewings of the future in Rhuidean."
Primary,Main,ToM,Yes,1,Tarran,Tarran,Tarran,,Tarran,N/A,M,Human,Current,Soldier,N/A,Unassigned,N/A,Saldaea,Unknown,A Saldaean soldier in Maradon with Bashere. He had long mustaches and bowed legs.
Primary,Main,TPoD,Yes,1,Tauan,Tauan,Tauan,,Tauan,N/A,F,Human,Current,Morat'raken,N/A,Unassigned,N/A,Seanchan,Unknown,A morat’raken who died when her raken was shot down by Aes Sedai at the Kin’s farm.
Primary,Main,ToM,Yes,1,Tava,Tava,Tava,,Tava,N/A,F,Human,Future,Uncertain,N/A,Unassigned,N/A,Aiel,Unknown,An Aiel girl seen in Aviendha’s viewings of the future in Rhuidean. Her hold was attacked and burned by the Seanchan.
Primary,Main,ACoS,Yes,1,Taval din Chanai Nine Gulls,Taval din Chanai Nine Gulls,Taval,din Chanai Nine Gulls,Taval,N/A,F,Human,Current,Windfinder,N/A,Unassigned,Unknown,Sea Folk,Unknown,"The Sea Folk Windfinder of the White Spray, which carried Atha’an Miere delegations to Andor and Cairhien."
Primary,Main,ToM,Yes,1,Tavalad,Tavalad,Tavalad,,Tavalad,N/A,M,Human,Future,Aiel Clan Chief,N/A,Unassigned,N/A,Aiel,Unknown,"The clan chief of the Goshien Aiel after the Last Battle, seen in Aviendha’s viewings of the future in Rhuidean."
Primary,Main,KoD,Yes,2,Tavan Shandare,Tavan Shandare,Tavan,Shandare,Tavan,N/A,M,Human,Current,Warder,N/A,Unassigned,N/A,Cairhien,Unknown,"One of Careane’s Warders. A Cairhienin, he was 5'7"" tall, and slim, which made his shoulders appear wider."
Primary,Main,CoT,No,0,Teacal,Teacal,Teacal,,Teacal,N/A,M,Human,Current,Domani Noble,N/A,Unassigned,N/A,Arad Doman,Unknown,A powerful Domani nobleman who was supposed to be following Ituralde.
Alias,Main,TFoH,N/A,N/A,Teadra,Teadra,Teadra,,Teadra,Birgitte Silverbow,N/A,N/A,N/A,N/A,N/A,N/A,N/A,N/A,N/A,"An ancient name of Birgitte. As Teadra, she foiled Moghedien’s plot to lay Lews Therin by his heels."
Primary,Main,TPoD,Yes,4,Tebreille din Gelyn South Wind,Tebreille din Gelyn South Wind,Tebreille,din Gelyn South Wind,Tebreille,N/A,F,Human,Current,Windfinder,N/A,Unassigned,17(5),Sea Folk,Unknown,A Sea Folk Windfinder to Wavemistress Mareil of Clan Mushien. She was Talaan’s aunt.
Primary,Main,TSR,Yes,2,"Tedosian, High Lord",High Lord Tedosian,Tedosian,,Tedosian,N/A,M,Human,Current,Tairen Noble,N/A,Unassigned,N/A,Tear,Unknown,"A High Lord of Tear; his wife was Alteima. He had a thick body, graying hair and a pointed beard."
Primary,World,World,No,0,"Tefan, King",King Tefan,Tefan,,Tefan,N/A,M,Human,Historic,King,N/A,Unassigned,N/A,Khodomar,Historic,"A king of Khodomar, one of the nations that arose after the Trolloc Wars."
Primary,Main,WH,Yes,1,"Tehan, Captain",Captain Tehan,Captain,Tehan,Captain Tehan,N/A,F,Human,Current,Ship Captain,N/A,Unassigned,N/A,Seanchan,Unknown,"The captain of The Victory of Kidron, the ship that brought Tuon from Seanchan. A wide, weathered woman."
Primary,WoTC,WoTC,No,0,Teire Alentaine,Teire Alentaine,Teire,Alentaine,Teire,N/A,F,Human,Current,Aes Sedai,Gray,No,32(20),Unknown,Unknown,An Aes Sedai of the Gray Ajah and the loyalist contingent.
Alias,Main,TFoH,N/A,N/A,Tel Janin Aellinsar,Tel Janin Aellinsar,Tel,Janin Aellinsar,Tel,Sammael,N/A,N/A,N/A,N/A,N/A,N/A,N/A,N/A,N/A,Sammael’s name in the Age of Legends.
Primary,Main,TPoD,No,0,"Telabin, Lord",Lord Telabin,Lord,Telabin,Lord Telabin,N/A,M,Human,Current,Ghealdanin Noble,N/A,Unassigned,N/A,Ghealdan,Unknown,"A nobleman of Bethal in Ghealdan. Telabin had a palace in Bethal, and Cha Faile reported that Alliandre was there."
Primary,Main,LoC,No,0,"Telaisien, Queen",Queen Telaisien,Queen,Telaisien,Queen,N/A,F,Human,Historic,Queen,N/A,Unassigned,N/A,Andor,Unknown,A queen of Andor during the War of the Hundred Years. She reigned from FY 1085 to FY 1103.
Primary,Main,TSR,Yes,8,Tell Lewin,Tell Lewin,Tell,Lewin,Tell,N/A,M,Human,Current,Soldier,N/A,Unassigned,N/A,Andor,Unknown,A man of the Two Rivers. Nephew of Flann and brother of Dannil. He was a skinny beanpole with a pickaxe for a nose.
Primary,Main,TGS,Yes,2,"Tellaen, Lord",Lord Tellaen,Lord,Tellaen,Lord Tellaen,N/A,M,Human,Current,Domani Noble,N/A,Unassigned,N/A,Arad Doman,Unknown,A Domani nobleman who gave shelter to the Dragon Reborn in his log manor house in the east of Arad Doman.
Primary,Main,ToM,No,0,Tellindal Tirraso,Tellindal Tirraso,Tellindal,Tirraso,Tellindal,N/A,M,Human,Current,Clerk,N/A,Unassigned,N/A,Unknown,Unknown,A clerk who worked in Lews Therin’s headquarters in the War of Power. He was killed in an attack by Demandred.
Primary,Main,TGH,Yes,1,Tema,Tema,Tema,,Tema,N/A,M,Human,Current,Stablehand,N/A,Unassigned,N/A,Unknown,Unknown,The leather-faced head groom at the Lord’s Stable of Agelmar’s keep in Fal Dara.
Primary,Main,TSR,Yes,8,Temaile Kinderode,Temaile Kinderode,Temaile,Kinderode,Temaile,N/A,F,Human,Current,Aes Sedai,Gray,Yes,17(5),Cairhien,943 NE,"Cairhienin Aes Sedai of the Gray Ajah, but actually Black. 5'2"" tall, with blue eyes, dark hair and a fox-shaped face."
Primary,World,World,No,0,"Temanin, King",King Temanin,Temanin,,Temanin,N/A,M,Human,Historic,King,N/A,Unassigned,N/A,Eharon,Historic,The King of Eharon at the signing of the Compact of the Ten Nations.
Primary,Main,TSR,Yes,7,Tenobia si Bashere Kazadi,Tenobia si Bashere Kazadi,Tenobia,si Bashere Kazadi,Tenobia,N/A,F,Human,Current,Queen,N/A,Unassigned,N/A,Saldaea,975 NE,"The Queen of Saldaea. About 5'7"" tall, with a large nose, a wide mouth and large tilted eyes of a dark deep blue."
Primary,Main,TFoH,No,0,Teodora,Teodora,Teodora,,Teodora,N/A,F,Human,Current,Uncertain,N/A,Unassigned,N/A,Saldaea,Unknown,"A Saldaean woman who was the older sister of Hadnan Kadere, and killed by him."
Primary,Main,TGS,No,0,Teramina,Teramina,Teramina,,Teramina,N/A,F,Human,Current,Aes Sedai,Green,Maybe,Unknown,Unknown,Unknown,An Aes Sedai of the Green Ajah who was unaccounted for after the Seanchan raid on the White Tower.
Primary,Main,TFoH,No,0,"Teran, Widow",Widow Teran,Widow,Teran,Widow Teran,N/A,F,Human,Current,Uncertain,N/A,Unassigned,N/A,Unknown,Unknown,"A woman in Mardecin, Amadicia. Noy Torvald scraped out a living by doing odd jobs for her."
Primary,Main,TFoH,No,0,"Teresia, Queen",Queen Teresia,Teresia,,Teresia,N/A,F,Human,Current,Queen,N/A,Unassigned,N/A,Ghealdan,Unknown,"A former queen of Ghealdan. After mishandling the Prophet, she was forced to marry a merchant to remove her."
Primary,World,World,No,0,"Termylle, Queen",Queen Termylle,Termylle,,Termylle,N/A,F,Human,Historic,Queen,N/A,Unassigned,N/A,Andor,Historic,A queen of Andor during the War of the Hundred Years. She reigned from FY 1046 to FY 1054.
Primary,Main,LoC,Yes,4,Tervail Dura,Tervail Dura,Tervail,Dura,Tervail,N/A,M,Human,Current,Warder,N/A,Unassigned,N/A,Tarabon,Unknown,"Beonin’s Taraboner Warder. Dark-haired, with a bold nose, he had a deep white scar running along his lean jaw."
Primary,Main,LoC,No,0,Teryane,Teryane,Teryane,,Teryane,N/A,F,Human,Current,Uncertain,N/A,Unassigned,N/A,Saldaea,Unknown,A Saldaean merchant’s daughter from Mehar who was Vilnar’s intended.
Primary,Main,LoC,Yes,7,Teryl Wynter,Teryl Wynter,Teryl,Wynter,Teryl,N/A,M,Human,Current,Warder,N/A,Unassigned,N/A,Murandy,Unknown,"A Warder of Seonid Traighan. A Murandian, about 6'1"" tall with dark reddish hair, a curled mustache and blue eyes."
Primary,Main,KoD,Yes,3,Tesan,Tesan,Tesan,,Tesan,N/A,F,Human,Current,Aes Sedai,White,No,Unknown,Tarabon,Unknown,A Taraboner Aes Sedai of the White Ajah and the loyalist contingent. Tesan wore her hair in beaded braids
Primary,Main,ACoS,No,0,Tesien Jorhald,Tesien Jorhald,Tesien,Jorhald,Tesien,N/A,F,Human,Historic,Aes Sedai,Red,No,Unknown,Unknown,Unknown,A sister of the Red Ajah when Pevara was new to the shawl.
Primary,Main,TFoH,Yes,28,Teslyn Baradon,Teslyn Baradon,Teslyn,Baradon,Teslyn,N/A,F,Human,Current,Aes Sedai,Red,No,17(5),Illian,870 NE,"An Illianer Aes Sedai of the Red Ajah and a loyalist. About 5'5"" tall, she had dark brown eyes and brown hair."
Primary,Main,ToM,No,0,Tess,Tess,Tess,,Tess,N/A,F,Human,Current,Uncertain,N/A,Unassigned,N/A,Unknown,Unknown,"Melfane’s cousin, who did not take care of herself properly while pregnant."
Alias,Main,WH,N/A,N/A,Tessi,Tessi,Tessi,,Tessi,Teslyn Baradon,N/A,N/A,N/A,N/A,N/A,N/A,N/A,N/A,N/A,Teslyn’s damane name.
Primary,Main,TGH,No,0,Tetsuan,Tetsuan,Tetsuan,,Tetsuan,N/A,F,Human,Historic,Aes Sedai,Red,No,Unknown,Unknown,Unknown,An Aes Sedai of the Red Ajah who served as the Amyrlin Seat during the Trolloc Wars.
Primary,Main,TGH,No,0,Teva,Teva,Teva,,Teva,N/A,M,Human,Current,Uncertain,N/A,Unassigned,N/A,Unknown,Unknown,A man Hurin knew who got so mad at a hornet buzzing round his ears that he kicked the nest.
Primary,Main,TGH,No,0,Teven Aerwin,Teven Aerwin,Teven,Aerwin,Teven,N/A,U,Human,Unknown,Author,N/A,Unassigned,N/A,Unknown,Unknown,Author of The Dance of the Hawk and the Hummingbird.
Primary,Main,TSR,Yes,1,Teven Marwin,Teven Marwin,Teven,Marwin,Teven,N/A,M,Human,Current,Uncertain,N/A,Unassigned,N/A,Andor,Unknown,A young Two Rivers man who joined Perrin’s band and was killed in an ambush by Trollocs in the Two Rivers.
Primary,Main,TFoH,Yes,2,Thad Haren,Thad Haren,Thad,Haren,Thad,N/A,M,Human,Current,Brickmaker,N/A,Unassigned,N/A,Andor,Unknown,"A brickmaker and tracker from Kore Springs, Andor. He had served under Bryne in the Queen’s Guards."
Primary,Main,LoC,Yes,2,Thad Torfinn,Thad Torfinn,Thad,Torfinn,Thad,N/A,M,Human,Current,Farmer,N/A,Unassigned,N/A,Andor,Unknown,"A skinny Two Rivers farmer with nervous mannerisms, at least around Faile."
Primary,Main,ToM,No,0,Tham Felmley,Tham Felmley,Tham,Felmley,Tham,N/A,M,Human,Current,Brickmason,N/A,Unassigned,N/A,Andor,Unknown,An Andoran brickmason put to death by Morgase for murdering his brother; but he was later discovered innocent.
Primary,Main,TEotW,No,0,"Thane, Master",Master Thane,Master,Thane,Master Thane,N/A,M,Human,Current,Miller,N/A,Unassigned,N/A,Andor,Unknown,An Emond’s Field man who owned a mill. Jac Coplin and Len Congar were accused of stealing his cow.
Primary,Main,WH,No,0,"Thane, Mistress",Mistress Thane,Mistress,Thane,Mistress Thane,N/A,F,Human,Current,Women's Circle,N/A,Unassigned,N/A,Andor,Unknown,A member of the Women’s Circle in Emond’s Field.
Primary,Main,AMoL,Yes,1,Theodohr,Theodohr,Theodohr,,Theodohr,N/A,M,Human,Current,Soldier,N/A,Unassigned,N/A,Unknown,Unknown,The commander of the Andoran cavalry during the Last Battle.
Primary,Main,TDR,Yes,11,Theodrin Dabei,Theodrin Dabei,Theodrin,Dabei,Theodrin,N/A,F,Human,Current,Aes Sedai,Brown,No,15(3),Arad Doman,966 NE,"A Domani Aes Sedai of the Brown Ajah and the rebels. Willowy, with a swanlike neck and copper skin."
Alias,Main,TSR,N/A,N/A,Thera,Thera,Thera,,Thera,Amathera Aelfdene Casmir Lounault,N/A,N/A,N/A,N/A,N/A,N/A,N/A,N/A,N/A,Amathera's name when she was a da’covale belonging to Lady Suroth.
Primary,Main,LoC,Yes,9,Therava,Therava,Therava,,Therava,N/A,F,Human,Current,Wise One,N/A,Unassigned,12(+1),Aiel,Unknown,"A Wise One of the Shaido Aiel with the ability to channel. About six feet tall, with blue eyes and sun-darkened skin."
Primary,Main,KoD,Yes,4,Theril,Theril,Theril,,Theril,N/A,M,Human,Current,Uncertain,N/A,Unassigned,N/A,Amadicia,Unknown,"A young Amadician man who was taken gai’shain by the Shaido. He was a lanky, skinny-faced fourteen-year-old."
Primary,Main,LoC,No,0,Therille Marza,Therille Marza,Therille,Marza,Therille,N/A,F,Human,Current,Seamstress,N/A,Unassigned,N/A,Arad Doman,Unknown,A Domani seamstress who was one of the refugees who went to the Two Rivers.
Primary,Main,TFoH,Yes,1,Therin Lugay,Therin Lugay,Therin,Lugay,Therin,N/A,M,Human,Current,Uncertain,N/A,Unassigned,N/A,Amadicia,Unknown,An Amadician man who owed Ronde Macura a favor. Cursed with a nagging wife and a shrewish mother-in-law.
Primary,Main,TFoH,Yes,3,Therva Maresis,Therva Maresis,Therva,Maresis,Therva,N/A,F,Human,Current,Aes Sedai,Yellow,No,34(22),Unknown,862 NE,"An Aes Sedai of the Yellow Ajah and the rebels. Slender, with a long nose which she sometimes tapped."
Alias,Main,TDR,N/A,N/A,Thom Grinwell,Thom Grinwell,Thom,Grinwell,Thom,Matrim Cauthon,N/A,N/A,N/A,N/A,N/A,N/A,N/A,N/A,N/A,The name Mat used in Caemlyn when meeting Morgase and Gaebril.
Primary,Main,TEotW,Yes,92,Thomdril Merrilin,Thomdril Merrilin,Thomdril,Merrilin,Thom,N/A,M,Human,Current,Gleeman,N/A,Unassigned,N/A,Andor,Unknown,"An Andoran gleeman who was sometimes called the Gray Fox. He was six feet tall, and lanky, with a leathery face."
Primary,Main,TEotW,No,0,Thorin al Toren al Ban,Thorin al Toren al Ban,Thorin,al Toren al Ban,Thorin,N/A,M,Human,Historic,King,N/A,Unassigned,N/A,Manetheren,Unknown,A king of Manetheren who was Caar’s father and Aemon’s grandfather.
Primary,Main,WH,No,0,Three Toes,Three Toes,Three Toes,,Three Toes,N/A,U,Wolf,Current,Wolf,N/A,Unassigned,N/A,Unknown,Unknown,The leader of a wolfpack that Perrin spoke to when seeking information about Faile after she was abducted.
Primary,Main,TGS,Yes,1,Thulin,Thulin,Thulin,,Thulin,N/A,M,Human,Current,Blacksmith,N/A,Unassigned,N/A,Shienar,Unknown,"A Shienaran blacksmith in the village of Oak Water. His wife was Gallanha; they had a daughter, Mirala."
Primary,Main,ToM,No,0,Thum,Thum,Thum,,Thum,N/A,M,Human,Current,Merchant Worker,N/A,Unassigned,N/A,Unknown,Unknown,A person who worked for the merchant Barriga. He was killed by Trollocs at Heeth Tower on the Blightborder.
Primary,Main,CoT,No,0,Thunder Mist,Thunder Mist,Thunder Mist,,Thunder Mist,N/A,U,Wolf,Current,Wolf,N/A,Unassigned,N/A,Unknown,Unknown,A wolf that was a member of Leafhunter’s pack.
Primary,Main,TGS,Yes,1,Thurasa,Thurasa,Thurasa,,Thurasa,N/A,F,Human,Current,Council of Merchants,N/A,Unassigned,N/A,Arad Doman,Unknown,A woman on the Domani Council of Merchants who was a victim of Graendal’s Compulsion.
Primary,Main,LoC,Yes,2,Tialin,Tialin,Tialin,,Tialin,N/A,F,Human,Current,Wise One,N/A,Unassigned,18(6),Aiel,Unknown,"An Aiel Wise One. Lean and red-haired, with a sharp nose, she was part of the council in Amys’ tent meeting."
Primary,World,World,No,0,Tiam of Gazar,Tiam of Gazar,Tiam,,Tiam,N/A,U,Human,Historic,Calendar Maker,N/A,Unassigned,N/A,Unknown,Unknown,The developer of the Gazaran Calendar.
Primary,Main,ToM,No,0,Tian,Tian,Tian,,Tian,N/A,M,Human,Current,Messenger,N/A,Unassigned,N/A,Borderlands,Unknown,A young man serving as a messenger at Heeth Tower on the Blightborder.
Primary,Main,LoC,Yes,3,Tiana Noselle,Tiana Noselle,Tiana,Noselle,Tiana,N/A,F,Human,Current,Aes Sedai,Gray,No,19(7),Unknown,937 NE,"An Aes Sedai of the Gray Ajah and the rebels. About 5'2"" tall, and slim, with big brown eyes."
Primary,Main,TGH,Yes,1,"Tiedra, Mistress",Mistress Tiedra,Tiedra,,Tiedra,N/A,F,Human,Current,Innkeeper,N/A,Unassigned,N/A,Unknown,Unknown,"The innkeeper of The Great Tree in the city of Cairhien. Plump and sharp-eyed, she charged heavily but did not scrimp."
Primary,Main,TEotW,No,0,Tigraine Mantear,Tigraine Mantear,Tigraine,Mantear,Tigraine,N/A,F,Human,Current,Andoran Noble,N/A,Unassigned,N/A,Andor,950 NE,The daughter of Queen Mordrellen of Andor and Daughter-Heir. Rand and Galad's mother. She became Shaiel.
Primary,Main,TGS,Yes,1,Tijds,Tijds,Tijds,,Tijds,N/A,M,Human,Current,Soldier,N/A,Unassigned,N/A,Unknown,Unknown,A young soldier in Bryne’s army for the rebel Aes Sedai who alerted Bryne to the Seanchan attack on the White Tower.
Primary,Main,TSR,No,0,Tim,Tim,Tim,,Tim,N/A,M,Human,Current,Uncertain,N/A,Unassigned,N/A,Andor,Unknown,A young Two Rivers man who joined Perrin’s band and was killed by a Trolloc ambush south of the Waterwood.
Primary,Main,WH,Yes,1,Timna,Timna,Timna,,Timna,N/A,F,Human,Current,Guide,N/A,Unassigned,N/A,Amayar,Unknown,"An Amayar woman who was one of the Guides of the Sea Folk, on Tremalking."
Primary,Main,TFoH,Yes,2,Timolan,Timolan,Timolan,,Timolan,N/A,M,Human,Current,Aiel Clan Chief,N/A,Unassigned,N/A,Aiel,Unknown,"The clan chief of the Miagoma Aiel. He was a widower, although the Wise Ones were working to find him a new wife."
Primary,Main,TGH,No,0,"Timora, Lady",Lady Timora,Timora,,Timora,N/A,F,Human,Current,Attendant,N/A,Unassigned,N/A,Shienar,Unknown,A Shienaran woman who was an attendant to Lady Amalisa in Fal Dara.
Primary,Main,AMoL,Yes,2,"Tinna, Lady",Lady Tinna,Tinna,,Tinna,N/A,F,Human,Current,Dragonsworn,N/A,Unassigned,N/A,Unknown,Unknown,"A woman who was turned out of the Tower. She joined the Dragonsworn, and became their leader in the Last Battle."
Primary,Main,ACoS,Yes,3,Tion,Tion,Tion,,Tion,N/A,F,Human,Current,Wise One,N/A,Unassigned,Unknown,Aiel,Unknown,"A Wise One of the Shaido Aiel (not a Jumai) with the ability to channel. About 5'10"" tall, and stout, with broad hips."
Primary,Main,TPoD,Yes,1,Tiras,Tiras,Tiras,,Tiras,N/A,M,Human,Current,Soldier,N/A,Unassigned,N/A,Seanchan,Unknown,A Seanchan soldier who was Bakuun’s First Lieutenant. A bony man a head taller than Bakuun.
Primary,Main,TGS,Yes,1,"Tobrad, Master",Master Tobrad,Master,Tobrad,Master Tobrad,N/A,M,Human,Current,Innkeeper,N/A,Unassigned,N/A,Unknown,Unknown,The innkeeper at the nicest inn in Hinderstap. Joline and Edesina went there to have baths.
Primary,Main,ACoS,Yes,9,Tod al'Caar,Tod al'Caar,Tod,al'Caar,Tod,N/A,M,Human,Current,Soldier,N/A,Unassigned,N/A,Andor,Unknown,A young Two Rivers man who was friends with Jondyn Barran. Lantern-jawed and a year younger than Perrin.
Primary,Main,KoD,Yes,1,Toke Fearnim,Toke Fearnim,Toke,Fearnim,Fearnim,N/A,M,Human,Current,Stable Owner,N/A,Unassigned,N/A,Unknown,Unknown,"A stable owner in Jurador from whom Mat bought the Domani razor for Tuon. He was wiry, with a fringe of gray hair."
Primary,Main,LoC,Yes,3,Tolmeran Setares,Tolmeran Setares,Tolmeran,Setares,Tolmeran,N/A,M,Human,Current,Tairen Noble,N/A,Unassigned,N/A,Tear,Unknown,"A High Lord of Tear. Lean, with an iron-gray beard, Tolmeran had courage."
Primary,Main,TSR,Yes,1,Toma,Toma,Toma,,Toma,N/A,M,Human,AoL,Uncertain,N/A,Unassigned,N/A,Unknown,Unknown,A townsman who lived during the War of the Shadow. He punched the Da’shain Aiel Coumin in the mouth.
Primary,World,World,No,0,Toma dur Ahmid,Toma dur Ahmid,Toma,dur Ahmid,Toma,N/A,M,Human,Historic,Calendar Maker,N/A,Unassigned,N/A,Unknown,Unknown,The man who developed the Toman Calendar after the Breaking.
Primary,Main,TSR,Yes,1,Tomada,Tomada,Tomada,,Tomada,N/A,M,Ogier,AoL,Uncertain,N/A,Unassigned,N/A,Unknown,Unknown,An Ogier during the War of the Shadow. He was with Coumin when word came that the war had ended.
Primary,Main,TGH,Yes,16,Tomas,Tomas,Tomas,,Tomas,N/A,M,Human,Current,Warder,N/A,Yes,N/A,Unknown,Unknown,"Verin’s Warder. About 5'9"" to 5'10"" tall, but stocky, he was gray-haired and dark-eyed."
Alias,Main,ACoS,N/A,N/A,Tomas Trakand,Tomas Trakand,Tomas,Trakand,Tomas,Rand al'Thor,N/A,N/A,N/A,N/A,N/A,N/A,N/A,N/A,N/A,The name that Caraline Damodred called Rand when introducing him to others in the Cairhienin rebel camp.
Primary,NS,NS,Yes,1,"Tomichi, Mistress",Mistress Tomichi,Mistress,Tomichi,Mistress Tomichi,N/A,F,Human,Current,Innkeeper,N/A,Unassigned,N/A,Unknown,Unknown,"The innkeeper of The Plowman’s Blade in Manala, Kandor. A stout, graying woman."
Primary,Main,CoT,No,0,Tomil,Tomil,Tomil,,Tomil,N/A,M,Human,Current,Youngling,N/A,Unassigned,N/A,Unknown,Unknown,A Youngling. Rajar told Tomil and his brother to escort Narenwin Sedai to the Mayor’s house.
Primary,Main,TSR,Yes,3,Toram din Alta Wild Winds,Toram din Alta Wild Winds,Toram,din Alta Wild Winds,Toram,N/A,M,Human,Current,Cargomaster,N/A,Unassigned,N/A,Sea Folk,Unknown,A Sea Folk man who was Coine’s husband and Cargomaster of Wavedancer. Heavy-shouldered with gray hair.
Primary,Main,LoC,Yes,3,Toram Riatin,Toram Riatin,Toram,Riatin,Toram,N/A,M,Human,Current,Cairhienin Noble,N/A,Unassigned,N/A,Cairhien,Unknown,"A Cairhienin nobleman who was High Seat of House Riatin. About six feet tall, which was very tall for a Cairhienin."
Primary,Main,TSR,Yes,10,Torean Andiama,Torean Andiama,Torean,Andiama,Torean,N/A,M,Human,Current,Tairen Noble,N/A,Unassigned,N/A,Tear,Unknown,"A High Lord of Tear, and the father of Estean. Lumpy-faced, with thin eyebrows and big ears."
Primary,Main,TGS,No,0,Torhs Margin,Torhs Margin,Torhs,Margin,Torhs,N/A,M,Human,AoL,Uncertain,N/A,Unassigned,N/A,Unknown,Unknown,A man also known as Torhs the Broken. He made the mistake of underestimating Graendal in the Age of Legends.
Alias,Main,TGS,N/A,N/A,Torhs the Broken,Torhs the Broken,Torhs,,Torhs,Torhs Margin,N/A,N/A,N/A,N/A,N/A,N/A,N/A,N/A,N/A,"Another name for Torhs Margin. It is misspelled as ""Tohrs the Broken"" in TGS."
Primary,Main,ToM,Yes,1,"Torkumen, Lady",Lady Torkumen,Lady,Torkumen,Lady Torkumen,N/A,F,Human,Current,Saldaean Noble,N/A,Yes,N/A,Saldaea,Unknown,"A Saldaean woman who was the wife of Vram, whom Tenobia had put in charge of the city in her absence."
Primary,Main,WH,No,0,Tormon,Tormon,Tormon,,Tormon,N/A,M,Human,Current,Merchant,N/A,Unassigned,N/A,Illian,Unknown,An Illianer merchant from New Braem. Dyelin reported that he had brought news of an army in Braem Wood.
Primary,Main,KoD,Yes,1,Tornay Lanasiet,Tornay Lanasiet,Tornay,Lanasiet,Lanasiet,N/A,M,Human,Current,Dragonsworn,N/A,Unassigned,N/A,Tarabon,Unknown,A heavyset Taraboner Dragonsworn soldier who took part in the raids against the Seanchan under Ituralde.
Primary,Main,ToM,No,0,Torven Rikshan,Torven Rikshan,Torven,Rikshan,Torven,N/A,M,Human,Current,Cairhienin Noble,N/A,Unassigned,N/A,Cairhien,Unknown,A Cairhienin lord in charge of a camp of refugees with Perrin. His camp had a large number of nobles.
Primary,Main,LoC,Yes,1,Torwyn Barshaw,Torwyn Barshaw,Torwyn,Barshaw,Barshaw,N/A,M,Human,Current,Darkfriend,N/A,Yes,N/A,Unknown,Unknown,"A Darkfriend, allegedly a merchant from Four Kings and Paitr Conel’s uncle. A squat man with a big nose."
Primary,Main,ACoS,Yes,6,Toveine Gazal,Toveine Gazal,Toveine,Gazal,Toveine,N/A,F,Human,Current,Aes Sedai,Red,Turned,19(7),Saldaea,811 NE,"A copper-skinned Saldaean Aes Sedai of the Red Ajah and a loyalist. About 5'3"" tall, with dark hair and dark eyes."
Alias,Main,WH,N/A,N/A,Toy,Toy,Toy,,Toy,Matrim Cauthon,N/A,N/A,N/A,N/A,N/A,N/A,N/A,N/A,N/A,"The name given Mat by the Seanchan in the Tarasin Palace, Ebou Dar; it was short for Tylin’s Toy."
Primary,Main,AMoL,Yes,1,Trask,Trask,Trask,,Trask,N/A,M,Human,Current,Aiel Warrior,N/A,Unassigned,N/A,Aiel,Unknown,An Aiel Red Shield who fought alongside Rhuarc in the Last Battle. He managed to kill a red-veil before dying.
Primary,Main,TFoH,Yes,4,Traveler,Traveler,Traveler,,Traveler,N/A,M,Horse,Current,Horse,N/A,Unassigned,N/A,Unknown,Unknown,Bryne’s bay gelding.
Primary,Main,TGH,Yes,1,Trayal,Trayal,Trayal,,Trayal,N/A,M,Ogier,Current,Uncertain,N/A,Unassigned,N/A,Stedding Tsofu,Unknown,An Ogier who lost his mind and soul in the Ways.
Primary,Main,TGS,Yes,1,Triben,Triben,Triben,,Triben,N/A,M,Human,Current,Soldier,N/A,Unassigned,N/A,Saldaea,Unknown,A Saldaean soldier who accompanied Nynaeve to the Gull’s Feast in Ebou Dar. A hawk-faced man.
Primary,Main,TFoH,Yes,10,Trom,Trom,Trom,,Trom,N/A,M,Human,Current,Whitecloak,N/A,Unassigned,N/A,Unknown,Unknown,"An officer in the Children of the Light. Stocky, with a square face and black hair, he was in Samara with Galad."
Primary,Main,ToM,Yes,1,Trost,Trost,Trost,,Trost,N/A,M,Human,Current,Asha'man,N/A,Unassigned,Unknown,Andor,Unknown,A young man from the Two Rivers who went to the Black Tower.
Title,Main,LoC,N/A,N/A,True Defender of the Light,True Defender of the Light,True Defender of the Light,,True Defender of the Light,Rand al'Thor,N/A,N/A,N/A,N/A,N/A,N/A,N/A,N/A,N/A,Title for the Dragon; used for Rand by Bashere.
Primary,Main,ACoS,Yes,2,Tsutama Rath,Tsutama Rath,Tsutama,Rath,Tsutama,N/A,F,Human,Current,Aes Sedai,Red,No,21(9),Kandor,827 NE,"A Kandori Aes Sedai of the Red Ajah and a loyalist. About 5'5"" tall, with a full bosom, dark eyes and black hair."
Primary,Main,CoT,Yes,1,Tuandha,Tuandha,Tuandha,,Tuandha,N/A,F,Human,Current,Maiden of the Spear,N/A,Unassigned,N/A,Aiel,Unknown,"A Maiden of the Spear who was with Sulin and Perrin at Malden. About 5'8"" tall, and younger than Sulin."
Primary,Main,TGH,Yes,1,Tuck Padwhin,Tuck Padwhin,Tuck,Padwhin,Master Padwhin,N/A,M,Human,Current,Carpenter,N/A,Unassigned,N/A,Andor,Unknown,"A carpenter in Emond’s Field. When Trollocs attacked Emond’s Field, Tuck participated in the defense."
Alias,Main,TGH,N/A,N/A,Tuli,Tuli,Tuli,,Tuli,Egwene al'Vere,N/A,N/A,N/A,N/A,N/A,N/A,N/A,N/A,N/A,The damane name that Renna forced on Egwene as punishment.
Primary,Main,LoC,Yes,4,Tumad Ahzkan,Tumad Ahzkan,Tumad,Ahzkan,Tumad,N/A,M,Human,Current,Soldier,N/A,Unassigned,N/A,Saldaea,Unknown,"A Saldaean man who was one of Bashere’s young officers. About 6'2"" tall, and heavy-shouldered, with a hatchet nose."
Primary,Main,TGH,Yes,34,Tuon Athaem Kore Paendrag,Tuon Athaem Kore Paendrag,Tuon,Athaem Kore Paendrag,Tuon,N/A,F,Human,Current,Empress,N/A,Unassigned,N/A,Seanchan,981 NE,"Daughter of the Nine Moons who became the Empress. 4'11"" tall and almost boyishly slim, with a very dark complexion."
Primary,Main,TGH,Yes,3,Turak Aladon,Turak Aladon,Turak,Aladon,Turak,N/A,M,Human,Current,Seanchan Noble,N/A,Unassigned,N/A,Seanchan,Unknown,A Seanchan member of the High Blood and commander of the Hailene.
Primary,Main,KoD,Yes,1,Turan,Turan,Turan,,Turan,N/A,M,Human,Current,General,N/A,Unassigned,N/A,Seanchan,Unknown,"A Seanchan Lieutenant-General in Tarabon who was sent to chase Ituralde. A blademaster, he was stout and short."
Primary,Main,KoD,Yes,1,Turane,Turane,Turane,,Turane,N/A,F,Human,Current,Sailmistress,N/A,Unassigned,N/A,Sea Folk,Unknown,"A Sea Folk Sailmistress. Stocky and gimlet-eyed, she had a sour twist to her mouth because her ship was sunk."
Primary,Main,KoD,No,0,Turanine Merdagon,Turanine Merdagon,Turanine,Merdagon,Turanine,N/A,F,Human,Historic,Aes Sedai,Unknown,No,Unknown,Saldaea,Unknown,An Aes Sedai whose ghost Beonin saw on the way to the White Tower. She wore a dress of old-fashioned cut.
Primary,Main,TPoD,Yes,1,Turanna Norill,Turanna Norill,Turanna,Norill,Turanna,N/A,F,Human,Current,Aes Sedai,White,No,26(14),Unknown,Unknown,An Aes Sedai of the White Ajah and a loyalist. She was a member of the party sent to kidnap Rand.
Primary,Main,TGS,Yes,1,Turese,Turese,Turese,,Turese,N/A,F,Human,Current,Aes Sedai,Red,No,Unknown,Unknown,Unknown,An Aes Sedai of the Red Ajah. New enough to the shawl that she lacked the ageless look.
Primary,Main,AMoL,No,0,Turn Bow,Turn Bow,Turn Bow,,Turn Bow,N/A,F,Wolf,Current,Wolf,N/A,Unassigned,N/A,Unknown,Unknown,A wolf that Perrin communicated with in the wolf dream while searching for Slayer. She was an aging pack leader.
Primary,Main,ToM,Yes,1,Turne,Turne,Turne,,Turne,N/A,M,Human,Current,Mercenary,N/A,Unassigned,N/A,Ghealdan,Unknown,A Ghealdanin mercenary. He was a lanky fellow with curly red hair and a beard he tied off with leather cords.
Primary,Main,TFoH,No,0,Turol,Turol,Turol,,Turol,N/A,M,Human,Current,Aiel Warrior,N/A,Unassigned,N/A,Aiel,Unknown,An Aiel who was the leader of the Shae’en M’taal warrior society. He went to Caemlyn with Rand to take out Rahvin.
Primary,Main,TPoD,No,0,"Tuva, Lady",Lady Tuva,Lady,Tuval,Lady Tuva,N/A,F,Human,Current,Domani Noble,N/A,Unassigned,N/A,Arad Doman,Unknown,A female cousin of King Alsalam of Arad Doman. Graendal had Nazran tell Ituralde that Tuva was killed by a Gray Man.
Primary,NS,NS,No,0,"Tuval, Mistress",Mistress Tuval,Mistress,Tuval,Mistress Tuval,N/A,F,Human,Current,Tutor,N/A,Unassigned,N/A,Unknown,Unknown,"The tutor to Diryk, son of Queen Ethenielle of Kandor."
Primary,Main,WH,No,0,Twilight,Twilight,Twilight,,Twilight,N/A,U,Wolf,Current,Wolf,N/A,Unassigned,N/A,Unknown,Unknown,The leader of a wolfpack that Perrin spoke to when seeking information about Faile after she was abducted.
Primary,Main,TGH,No,0,Two Deer,Two Deer,Two Deer,,Two Deer,N/A,U,Wolf,Current,Wolf,N/A,Unassigned,N/A,Unknown,Unknown,A wolf that Perrin spoke to when he and Ingtar were searching for Fain and the Trollocs.
Primary,Main,LoC,No,0,Two Moons,Two Moons,Two Moons,,Two Moons,N/A,M,Wolf,Current,Wolf,N/A,Unassigned,N/A,Unknown,Unknown,An old male wolf and pack leader who had a mostly white muzzle. His real name suggested a night-shrouded pool.
Primary,Main,KoD,Yes,9,Tylee Khirgan,Tylee Khirgan,Tylee,Khirgan,Tylee,N/A,F,Human,Current,General,N/A,Unassigned,N/A,Seanchan,Unknown,A Seanchan Banner-General who helped Perrin retrieve Faile and the others from the Shaido.
Primary,Main,LoC,Yes,10,Tylin Quintara Mitsobar,Tylin Quintara Mitsobar,Tylin,Quintara Mitsobar,Tylin,N/A,F,Human,Current,Queen,N/A,Unassigned,N/A,Altara,Unknown,"Queen of Altara. Mother to Beslan. About 5'3"" tall, she had black hair with some gray, and large dark eyes."
Primary,Main,ToM,Yes,1,Tymoth,Tymoth,Tymoth,,Tymoth,N/A,M,Human,Current,Asha'man,N/A,Unassigned,Unknown,Unknown,Unknown,An Asha’man with Ituralde during the battle at Maradon. He destroyed catapults used by the invading Trollocs.
Primary,World,World,No,0,Tyrn,Tyrn,Tyrn,,Tyrn,N/A,M,Human,Historic,Noble,N/A,Unassigned,N/A,Unknown,Unknown,An alleged grandson of Artur Hawkwing from whom Mayeners claimed descent.
Primary,Main,WH,Yes,3,Tzigan Sokorin,Tzigan Sokorin,Tzigan,Sokorin,Tzigan,N/A,F,Human,Current,Queen's Guard,N/A,Unassigned,N/A,Ghealdan,Unknown,A woman who was a member of Elayne’s Queen’s Guard. Apple-cheeked and cold-eyed.
Title,Main,TEotW,N/A,N/A,"Uncrowned, the",The Uncrowned,The Uncrowned,,The Uncrowned,Lan Mandragoran,N/A,N/A,N/A,N/A,N/A,N/A,N/A,N/A,N/A,One of the titles that Borderlanders used for Lan.
Alias,Main,CoT,N/A,N/A,"Underhill, Master",Master Underhill,Master,Underhill,Master Underhill,Karldin Manfor,N/A,N/A,N/A,N/A,N/A,N/A,N/A,N/A,N/A,The name used by Karldin Manfor when traveling with Loial.
Primary,Main,TGH,Yes,33,Uno Nomesta,Uno Nomesta,Uno,Nomesta,Uno,N/A,M,Human,Current,Soldier,N/A,Unassigned,N/A,Shienar,Unknown,"A Shienaran soldier. His head was shaven except for a grizzled topknot, and he had one eye."
Primary,Main,TGH,Yes,8,Urien,Urien,Urien,,Urien,N/A,M,Human,Current,Aiel Warrior,N/A,Unassigned,N/A,Aiel,Unknown,"A man of the Two Spires sept of the Reyn Aiel and the Aethan Dor who was siswai’aman. Tall, with blue eyes."
Primary,World,World,No,0,Urin din Jubai Soaring Gull,Urin din Jubai Soaring Gull,Urin,din Jubai Soaring Gull,Urin,N/A,M,Human,Historic,Calendar Maker,N/A,Unassigned,N/A,Sea Folk,Unknown,"An ancient scholar of the Atha’an Miere who devised the Farede calendar. Misspelled ""Uren"" in the Companion."
Primary,Main,ToM,Yes,1,Uso,Uso,Uso,,Uso,N/A,M,Human,Current,Farmhand,N/A,Unassigned,N/A,Unknown,Unknown,A hired hand at Alysa’s apple orchard in Andor.
Primary,Main,CoT,Yes,1,"Vadere, Mistress",Mistress Vadere,Mistress,Vadere,Mistress Vadere,N/A,F,Human,Current,Innkeeper,N/A,Unassigned,N/A,Unknown,Unknown,"The innkeeper of The Golden Barge in So Habor, where Perrin and his group went to buy grain. Long-nosed and dirty."
Primary,Main,TFoH,Yes,16,Valan Luca,Valan Luca,Valan,Luca,Luca,N/A,M,Human,Current,Luca's Circus,N/A,Unassigned,N/A,Unknown,Unknown,"A circus owner and manager. Six feet tall, with broad shoulders, well-turned calves, dark hair and dark eyes."
Primary,WoTC,WoTC,No,0,Valene Sural,Valene Sural,Valene,Sural,Valene,N/A,F,Human,Current,Aes Sedai,Red,No,21(9),Unknown,972 N,An Aes Sedai of the Red Ajah and loyalist. She was part of the expedition to kidnap Rand.
Primary,NS,NS,No,0,Valera Gorovni,Valera Gorovni,Valera,Gorovni,Valera,N/A,F,Human,Current,Aes Sedai,Brown,No,14(2),Unknown,748 NE,"An Aes Sedai of the Brown Ajah. She was short, plump and always wearing a smile."
Primary,Main,LoC,Yes,1,Valinde Nathenos,Valinde Nathenos,Valinde,Nathenos,Valinde,N/A,F,Human,Current,Aes Sedai,White,No,33(21),Illian,Unknown,An Illianer Aes Sedai of the White Ajah and the rebels. She was a member of the rebel embassy to Rand in Caemlyn.
Primary,Main,TGH,Yes,20,Vandene Namelle,Vandene Namelle,Vandene,Namelle,Vandene,N/A,F,Human,Current,Aes Sedai,Green,No,22(10),Unknown,737 NE,"An Aes Sedai of the Green Ajah and the rebels. Sister of Adeleas. About 5'5"" tall, and slender with nearly white hair."
Primary,Main,KoD,Yes,1,Vane,Vane,Vane,,Vane,N/A,M,Human,Current,Merchant,N/A,Yes,N/A,Unknown,Unknown,"A lacquerware merchant and Darkfriend. He was graying and stocky, with a drooping lower lip."
Primary,Main,TSR,No,0,Vanora Carridin,Vanora Carridin,Vanora,Carridin,Vanora,N/A,F,Human,Current,Uncertain,N/A,Unassigned,N/A,Unknown,Unknown,Jaichim Carridin’s favorite sister. She lived in Carmera and liked to ride in a forest nearby.
Primary,Main,LoC,No,0,Varadin,Varadin,Varadin,,Varadin,N/A,M,Human,Current,Whitecloak,N/A,Unassigned,N/A,Unknown,Unknown,A Whitecloak spy in Tarabon who wrote Pedron Niall about the invasion of the Seanchan in Tanchico.
Primary,NS,NS,No,0,Varan Marcasiev,Varan Marcasiev,Varan,Marcasiev,Varan,N/A,M,Human,Current,Kandori Noble,N/A,Unassigned,N/A,Kandor,Unknown,"High Seat of House Marcasiev and Lord of Canluum, Kandor. He had a fortress-like palace in Canluum."
Primary,Main,TPoD,Yes,1,Varek,Varek,Varek,,Varek,N/A,M,Human,Current,Soldier,N/A,Unassigned,N/A,Unknown,Unknown,A skinny under-lieutenant in the Seanchan Ever Victorious Army.
Primary,Main,TPoD,Yes,2,Varil Nensen,Varil Nensen,Varil,Nensen,Nensen,N/A,M,Human,Current,Asha'man,N/A,Unassigned,Unknown,Tarabon,Unknown,"An Asha’man soldier from Tarabon. Young, with dark eyes, a gravelly voice and a transparent veil."
Primary,Main,LoC,Yes,9,Varilin Zanaire,Varilin Zanaire,Varilin,Zanaire,Varilin,N/A,F,Human,Current,Aes Sedai,Gray,No,26(14),Saldaea,831 NE,"A Saldaean Aes Sedai of the Gray Ajah and the rebels. She was 6'2"" tall, and slender, with red hair."
Primary,Main,ToM,No,0,Varkel Tius,Varkel Tius,Varkel,Tius,Varkel,N/A,M,Human,Current,Soldier,N/A,Unassigned,N/A,Unknown,Unknown,A man with Perrin’s army who had trouble getting canvas to repair torn tents.
Primary,World,World,No,0,Varuna Morrigan,Varuna Morrigan,Varuna,Morrigan,Varuna,N/A,F,Human,Historic,Aes Sedai,Green,No,Unknown,Unknown,Unknown,An Aes Sedai of the Green Ajah who served as Amyrlin from 638 to 681 NE.
Primary,Main,AMoL,No,0,Varuota,Varuota,Varuota,,Varuota,N/A,F,Human,Historic,Seanchan Noble,N/A,Unassigned,N/A,Seanchan,Unknown,Tuon’s great-great-great-grandmother. Tuon recalled her saying “Sa’rabat shaiqen nai batain pyast.”
Primary,Main,TDR,Yes,1,Vasa,Vasa,Vasa,,Vasa,N/A,M,Human,Current,Sailor,N/A,Unassigned,N/A,Unknown,Unknown,"A sailor on the crew of Mallia’s ship, the Gray Gull, out of Tar Valon, which transported Mat and Thom to Aringill."
Primary,Main,TGS,Yes,1,Vasha,Vasha,Vasha,,Vasha,N/A,F,Human,Current,Aes Sedai,Green,No,Unknown,Arad Doman,Unknown,A Domani Aes Sedai of the Green Ajah. Her Warder was Marlesh. Vasha was with the party sent to kidnap Rand.
Primary,Main,WH,No,0,Vayelle Kamsa,Vayelle Kamsa,Vayelle,Kamsa,Vayelle,N/A,F,Human,Current,Aes Sedai,Red,No,34(22),Unknown,914 NE,An Aes Sedai of the Red Ajah and a loyalist. She aided in kidnapping Rand and was captured at Dumai’s Wells.
Primary,Main,TPoD,Yes,1,Velina Behar,Velina Behar,Velina,Behar,Velina,N/A,F,Human,Current,Aes Sedai,White,Yes,25(13),Saldaea,859 NE,"A Saldaean Aes Sedai of the White Ajah, but actually Black. About 5'6"" tall, she had a strong hooked nose."
Primary,Main,WH,Yes,3,Venr Kosaan,Venr Kosaan,Venr,Kosaan,Venr,N/A,M,Human,Current,Warder,N/A,Yes,N/A,Saldaea,Unknown,"One of Careane Fransi’s Warders, a Saldaean. He was 5'10"" tall, and whip slender, with a dark complexion."
Primary,Main,LoC,Yes,2,Verdin,Verdin,Verdin,,Verdin,N/A,M,Human,Current,Band of the Red Hand,N/A,Unassigned,N/A,Unknown,Unknown,A young squadman in the Band of the Red Hand. He accompanied Mat to Salidar.
Primary,Main,TGH,Yes,50,Verin Mathwin,Verin Mathwin,Verin,Mathwin,Verin,N/A,F,Human,Current,Aes Sedai,Brown,Yes,17(5),Far Madding,849 NE,"An Aes Sedai of the Brown Ajah, but actually Black. About 5' tall, and plump, she was placid-looking and square-faced."
Primary,Main,TFoH,Yes,1,Verine,Verine,Verine,,Verine,N/A,F,Human,Current,Accepted,N/A,Unassigned,Unknown,Unknown,Unknown,An Accepted who was murdered by Padan Fain with the ruby dagger.
Primary,Main,TGS,Yes,1,Veshir,Veshir,Veshir,,Veshir,N/A,M,Human,Current,Farmhand,N/A,Unassigned,N/A,Borderlands,Unknown,The eldest of Renald Fanwar’s farmhands.
Primary,Main,TGS,Yes,1,Vestas,Vestas,Vestas,,Vestas,N/A,M,Human,Current,Soldier,N/A,Unassigned,N/A,Unknown,Unknown,A captain in Bryne’s army who participated in the rescue of Egwene from the Tower and gave Bryne a casualty report.
Primary,Main,WH,Yes,1,Viendre,Viendre,Viendre,,Viendre,N/A,F,Human,Current,Wise One,N/A,Unassigned,Unknown,Aiel,Unknown,"A beautiful Wise One of the Goshien Aiel, and strong in the One Power. 5'8"" tall with blue eyes and a strong nose."
Primary,Main,ToM,No,0,Villiam Bloodletter,Villiam Bloodletter,Villiam,Bloodletter,Villiam,N/A,M,Human,Historic,Leader,N/A,Unassigned,N/A,Unknown,Unknown,An ancient leader who fought the Banath people on Almoth Plain.
Primary,Main,LoC,Yes,1,Vilnar Barada,Vilnar Barada,Vilnar,Barada,Vilnar,N/A,M,Human,Current,Soldier,N/A,Unassigned,N/A,Saldaea,Unknown,"A Saldaean patrol leader, an under-lieutenant sword-sworn to Lord Davram Bashere. His intended was Teryane."
Primary,Main,ToM,Yes,1,Viria Connoral,Viria Connoral,Viria,Connoral,Viria,N/A,F,Human,Current,Aes Sedai,Red,No,Unknown,Unknown,Unknown,An Aes Sedai of the Red Ajah. She and her sister Raechin were chosen for the Hall of the Tower.
Primary,Main,LoC,Yes,2,Vitalien,Vitalien,Vitalien,,Vitalien,N/A,M,Human,Current,Warder,N/A,Unassigned,N/A,Unknown,Unknown,Sarene’s Warder. He was broad-shouldered; Sarene wrote poetry comparing him to a leopard.
Primary,Main,TGS,No,0,"Vivian, Lord",Lord Vivian,Lord,Vivian,Lord Vivian,N/A,M,Human,Current,Domani Noble,N/A,Unassigned,N/A,Arad Doman,Unknown,A Domani lord to whom Ramshalan boasted he could manipulate Rand.
Primary,Main,ToM,Yes,1,Vogeler,Vogeler,Vogeler,,Vogeler,N/A,M,Human,Current,Soldier,N/A,Unassigned,N/A,Saldaea,Unknown,A Saldaean soldier who went with Bashere to Maradon. He was present when Vram Torkumen went mad.
Primary,Main,LoC,No,0,Voniel,Voniel,Voniel,,Voniel,N/A,F,Ogier,Current,Uncertain,N/A,Unassigned,N/A,Stedding Shangtai,Unknown,An Ogier who was Covril’s sister and Haman’s wife.
Primary,Main,TGS,No,0,Vora,Vora,Vora,,Vora,N/A,F,Human,Historic,Uncertain,N/A,Unassigned,N/A,Unknown,Unknown,"The sa’angreal bearing her name, a white fluted wand, was one of the most powerful held by the White Tower."
Primary,Main,ToM,Yes,1,Votabek,Votabek,Votabek,,Votabek,N/A,M,Human,Current,Tough,N/A,Unassigned,N/A,Arad Doman,Unknown,A street tough in Bandar Eban whom Rand and Durnham convinced to help restore order to the city.
Primary,Main,ToM,Yes,2,Vram Torkumen,Vram Torkumen,Vram,Torkumen,Vram,N/A,M,Human,Current,Saldaean Noble,N/A,Yes,N/A,Saldaea,Unknown,"A distant cousin of Queen Tenobia. Appointed lord of Maradon in her absence, he was also a Darkfriend."
Primary,Main,CoT,Yes,2,"Wakeda, Lord",Lord Wakeda,Wakeda,,Wakeda,N/A,M,Human,Current,Domani Noble,N/A,Unassigned,N/A,Arad Doman,Unknown,"A powerful Domani nobleman who became Dragonsworn. He was not a tall man, though taller than Ituralde."
Primary,Main,ToM,No,0,"Walishen, Princess",Princess Walishen,Walishen,,Walishen,N/A,F,Human,Unknown,Story Character,N/A,Unassigned,N/A,Unknown,Unknown,A tragic princess whose story was enacted by a group of players in Caemlyn.
Primary,Main,KoD,Yes,1,Wallein din Onill,Wallein din Onill,Wallein,din Onill,Wallein,N/A,F,Human,Current,Wavemistress,N/A,Unassigned,N/A,Sea Folk,Unknown,"A Sea Folk Wavemistress, and one of the First Twelve."
Primary,Main,AMoL,Yes,1,Washim,Washim,Washim,,Washim,N/A,M,Human,Current,Soldier,N/A,Unassigned,N/A,Malkier,Unknown,A Malkieri who was a member of Lan’s High Guard in the Last Battle.
Primary,Main,ACoS,Yes,1,Wat,Wat,Wat,,Wat,N/A,M,Human,Current,Band of the Red Hand,N/A,Unassigned,N/A,Andor,Unknown,An Andoran Redarm in the Band of the Red Hand. Bald-headed and narrow-eyed.
Primary,NS,NS,Yes,1,Waylin,Waylin,Waylin,,Waylin,N/A,M,Human,Current,Warder,N/A,Unassigned,N/A,Unknown,Unknown,"One of Rina Hafden’s Warders. He was dark and clean-shaven, with broad shoulders and a broad back."
Primary,Main,KoD,Yes,2,Weilin Aldragoran,Weilin Aldragoran,Weilin,Aldragoran,Aldragoran,N/A,M,Human,Current,Merchant,N/A,Unassigned,N/A,Malkier,Unknown,"A plump Malkieri merchant who lived in Saldaea. His wife, Alida, was Saldaean."
Primary,Main,TFoH,Yes,14,Weiramon Saniago,Weiramon Saniago,Weiramon,Saniago,Weiramon,N/A,M,Human,Current,Tairen Noble,N/A,Yes,N/A,Tear,Unknown,"A High Lord of Tear and a Darkfriend. Iron-spined straight, with a gray-streaked beard, he was about 5'10"" to 5'11"" tall."
Primary,NS,NS,Yes,1,"Wellin, Mistress",Mistress Wellin,Mistress,Wellin,Mistress,N/A,F,Human,Current,Clerk,N/A,Unassigned,N/A,Unknown,Unknown,"A clerk in the White Tower. She was miffed when Tamra assigned clerical work to two Accepted, Moiraine and Siuan."
Primary,Main,TPoD,Yes,6,Welyn Kajima,Welyn Kajima,Welyn,Kajima,Welyn,N/A,M,Human,Current,Asha'man,N/A,Unassigned,Unknown,Arafel,Unknown,"An Arafellin Dedicated Asha’man. About 5'9"" tall, with a pale, square face, dark eyes and black hair worn in two braids."
Primary,Main,TGH,No,0,Whatley Eldin,Whatley Eldin,Whatley,Eldin,Whatley,N/A,M,Human,Current,Uncertain,N/A,Unassigned,N/A,Andor,Unknown,"A Two Rivers man who painted his wagon in a way pleasing to Rand (called ""What"" for short)."
Primary,Main,ToM,Yes,1,Whelborn,Whelborn,Whelborn,,Whelborn,N/A,M,Human,Current,Soldier,N/A,Unassigned,N/A,Unknown,Unknown,A member of Ituralde’s forces who died defending his flank in the battle against Trollocs at Maradon.
Primary,Main,ToM,No,0,Whisperer,Whisperer,Whisperer,,Whisperer,N/A,F,Wolf,Current,Wolf,N/A,Unassigned,N/A,Unknown,Unknown,A wolf who hunted with Perrin and Hopper in the wolf dream. Whisperer was killed by Slayer.
Primary,Main,AMoL,No,0,White Eyes,White Eyes,White Eyes,,White Eyes,N/A,M,Wolf,Current,Wolf,N/A,Unassigned,N/A,Unknown,Unknown,A wolf that Perrin met in the wolf dream while looking for Slayer.
Primary,Main,CoT,No,0,White Tail,White Tail,White Tail,,White Tail,N/A,U,Wolf,Current,Wolf,N/A,Unassigned,N/A,Unknown,Unknown,One of the wolves in Leafhunter’s pack. Perrin spoke with this pack after encountering a scent in the wolf dream.
Primary,Main,AMoL,No,0,Widow al'Thone,Widow al'Thone,Widow,al'Thone,Widow al'Thone,N/A,F,Human,Current,Uncertain,N/A,Unassigned,N/A,Andor,Unknown,A woman of Emond’s Field.
Primary,Main,LoC,No,0,Wil (1),Wil,Wil,,Wil,N/A,M,Human,Unknown,Story Character,N/A,Unassigned,N/A,Unknown,Unknown,A man in a rooster joke that Rand told to Aiel Maidens.
Primary,Main,ToM,No,0,Wil (2),Wil,Wil,,Wil,N/A,M,Human,Current,Uncertain,N/A,Unassigned,N/A,Andor,Unknown,Perrin’s cousin who dropped a bucket of wet feathers on Perrin when they were young. Possibly Wil al'Seen?
Primary,Main,TEotW,No,0,Wil al'Caar,Wil al'Caar,Wil,al'Caar,Wil,N/A,M,Human,Current,Uncertain,N/A,Unassigned,N/A,Andor,Unknown,A Two Rivers boy who was the son of Paet and Nela. His leg was broken during the Winternight attack.
Primary,Main,TEotW,Yes,15,Wil al'Seen,Wil al'Seen,Wil,al'Seen,Wil,N/A,M,Human,Current,Soldier,N/A,Unassigned,N/A,Andor,977 NE,"A young Deven Ride man known to have women chase him. A year older than Perrin, he was good-looking."
Primary,Main,KoD,No,0,Wilbin Saems,Wilbin Saems,Wilbin,Saems,Wilbin,N/A,M,Human,Current,Merchant,N/A,Unassigned,N/A,Unknown,Unknown,A deceased merchant whom the cutpurse Samwil Hark claimed to have worked for once as a clerk.
Primary,Main,LoC,No,0,Wildfire,Wildfire,Wildfire,,Wildfire,N/A,F,Wolf,Current,Wolf,N/A,Unassigned,N/A,Unknown,Unknown,The leader of a wolfpack. Perrin communicated with her when searching for the Aes Sedai who had kidnapped Rand.
Primary,Main,TFoH,Yes,3,Wildrose,Wildrose,Wildrose,,Wildrose,N/A,F,Horse,Current,Horse,N/A,Unassigned,N/A,Unknown,Unknown,Min’s bay mare that she rode when escaping from Tar Valon with Siuan and Leane.
Primary,Main,ToM,Yes,1,Will Reeve,Will Reeve,Will,Reeve,Will,N/A,M,Human,Current,Band of the Red Hand,N/A,Unassigned,N/A,Unknown,Unknown,A Redarm killed by a gholam while guarding Mat’s tent in the camp near Caemlyn.
Primary,NS,NS,No,0,Willa Mandair,Willa Mandair,Willa,Mandair,Willa,N/A,F,Human,Current,Uncertain,N/A,Unassigned,N/A,Unknown,Unknown,"A woman who gave birth to a son, Bili, in sight of Dragonmount on the day Gitara voiced her Foretelling."
Primary,Main,KoD,No,0,Willi,Willi,Willi,,Willi,N/A,M,Human,Unknown,Song Character,N/A,Unassigned,N/A,Unknown,Unknown,"A man in a bawdy song, performed at The White Ring in Maderin."
Primary,Main,TSR,Yes,1,Willim,Willim,Willim,,Willim,N/A,M,Human,Historic,Jenn Aiel,N/A,Unassigned,N/A,Jenn Aiel,Unknown,"A Jenn Aiel boy, the son of Jonai, who was sent away for showing signs of channeling after the Breaking."
Primary,Main,WH,No,0,Willim Avarhin,Willim Avarhin,Willim,Avarhin,Willim,N/A,M,Human,Current,Andoran Noble,N/A,Unassigned,N/A,Andor,Unknown,"A poor Andoran nobleman and father of the real Lady Shiaine, both of whom were murdered by Mili Skane."
Primary,Main,TEotW,No,0,Willim of Maneches,Willim of Maneches,Willim,,Willim,N/A,M,Human,Historic,Author,N/A,Unassigned,N/A,Unknown,Unknown,A writer from ancient times who wrote The Essays of Willim of Maneches.
Primary,Main,CoT,No,0,Willin Mantear,Willin Mantear,Willin,Mantear,Willin,N/A,M,Human,Current,Andoran Noble,N/A,Unassigned,N/A,Andor,Unknown,"The infirm guardian and uncle of Perival Mantear, the High Seat of House Mantear."
Primary,Main,TSR,Yes,1,Win Lewin,Win Lewin,Win,Lewin,Win,N/A,M,Human,Current,Uncertain,N/A,Unassigned,N/A,Andor,Unknown,A Two Rivers boy who announced to Perrin at Jac al’Seen’s farm that Lord Luc was coming.
Primary,Main,TEotW,Yes,5,Wind (1),Wind,Wind,,Wind,N/A,M,Wolf,Current,Wolf,N/A,Unassigned,N/A,Unknown,Unknown,One of the wolves accompanying Elyas when he first met Perrin and Egwene. A raven punctured his left foreleg.
Primary,Main,LoC,Yes,5,Wind (2),Wind,Wind,,Wind,N/A,M,Horse,Current,Horse,N/A,Unassigned,N/A,Unknown,Unknown,The leggy gray gelding that Olver rode on the trail and successfully on the racetrack in Ebou Dar.
Primary,Main,TPoD,Yes,2,Wing,Wing,Wing,,Wing,N/A,F,Horse,Current,Horse,N/A,Unassigned,N/A,Unknown,Unknown,Sheriam’s dappled gray mare.
Primary,Main,TGH,No,0,Winter Dawn,Winter Dawn,Winter Dawn,,Winter Dawn,N/A,U,Wolf,Current,Wolf,N/A,Unassigned,N/A,Unknown,Unknown,One of the wolves Perrin communicated with about the location of Fain and the Trollocs..
Primary,Main,KoD,Yes,1,Winterfinch,Winterfinch,Winterfinch,,Winterfinch,N/A,F,Horse,Current,Horse,N/A,Unassigned,N/A,Unknown,Unknown,"A stocky, slow brown mare, with considerable endurance, that belonged to Beonin."
Primary,Main,TSR,Yes,3,Wit al'Seen,Wit al'Seen,Wit,al'Seen,Wit,N/A,M,Human,Current,Farmer,N/A,Unassigned,N/A,Andor,Unknown,A Two Rivers farmer. He was Jac al’Seen’s cousin and near twin in appearance.
Primary,Main,TEotW,Yes,4,Wit Congar,Wit Congar,Wit,Congar,Wit,N/A,M,Human,Current,Uncertain,N/A,Unassigned,N/A,Andor,Unknown,"An Emond’s Field man married to Daise, the village Wisdom. A scrawny man, always overshadowed by his wife."
Alias,Main,TDR,N/A,N/A,Wormwood,Wormwood,Wormwood,,Wormwood,Padan Fain,N/A,N/A,N/A,N/A,N/A,N/A,N/A,N/A,N/A,"Its translation into the Old Tongue, Ordeith, was one of the aliases used by Padan Fain."
Primary,Main,TGH,No,0,"Wuan, Child",Child Wuan,Wuan,,Wuan,N/A,M,Human,Current,Whitecloak,N/A,Unassigned,N/A,Unknown,Unknown,"A soldier of the Children of the Light. Young, handsome, left-handed and yellow-haired."
Primary,WoTC,WoTC,No,0,Wyndera Ovan,Wyndera Ovan,Wyndera,Ovan,Wyndera,N/A,F,Human,Current,Aes Sedai,White,No,Unknown,Unknown,Unknown,An Aes Sedai of the White Ajah and the loyalist contingent. She was part of the expedition to kidnap Rand.
Primary,Main,ToM,No,0,"Yabeth, Lady",Lady Yabeth,Lady,Yabeth,Lady Yabeth,N/A,F,Human,Current,Uncertain,N/A,Unassigned,N/A,Kandor,Unknown,A Kandori woman who lost four of her five sons to the Blight.
Primary,Main,ToM,No,0,Yakobin the Undaunted,Yakobin the Undaunted,Yakobin,,Yakobin,N/A,M,Human,Historic,King,N/A,Unassigned,N/A,Arafel,Unknown,An ancient Arafellin king who held the Silverwall Keeps when Trollocs attacked.
Primary,Main,ToM,Yes,1,"Yamwick, Child",Child Yamwick,Yamwick,,Yamwick,N/A,M,Human,Current,Whitecloak,N/A,Unassigned,N/A,Unknown,Unknown,"A Whitecloak soldier whom, along with Child Lathin, Perrin killed in the abandoned stedding."
Primary,Main,ToM,No,0,Yanet,Yanet,Yanet,,Yanet,N/A,U,Human,AoL,Uncertain,N/A,Unassigned,N/A,Unknown,Unknown,"A person whom Graendal murdered in the Age of Legends, which caused Lews Therin to hate Graendal even more."
Primary,Main,ToM,No,0,Yang,Yang,Yang,,Yang,N/A,M,Human,Current,Merchant Worker,N/A,Unassigned,N/A,Unknown,Unknown,A person who worked for the merchant Barriga. He was killed by Trollocs at Heeth Tower on the Blightborder.
Primary,Main,TGH,Yes,4,Yarin Maeldan,Yarin Maeldan,Yarin,Maeldan,Yarin,N/A,M,Human,Current,Sailor,N/A,Unassigned,N/A,Unknown,Unknown,Bayle Domon’s first mate on the Spray. Brooding and stork-like.
Primary,Main,ToM,No,0,Yasicca Cellaech,Yasicca Cellaech,Yasicca,Cellaech,Yasicca,N/A,F,Human,Historic,Aes Sedai,Brown,No,Unknown,Unknown,Unknown,An ancient scholar and Aes Sedai of the Brown Ajah.
Primary,Main,TGS,Yes,1,Yeteri,Yeteri,Yeteri,,Yeteri,N/A,F,Human,Current,Novice,N/A,Unassigned,Unknown,Unknown,Unknown,A novice in the White Tower. Small and yellow-haired.
Primary,Main,ToM,Yes,3,Yoeli,Yoeli,Yoeli,,Yoeli,N/A,M,Human,Current,Soldier,N/A,Unassigned,N/A,Saldaea,Unknown,"A Saldaean officer in Maradon. Lean-faced and hook-nosed, he had bushy black eyebrows and a short beard."
Alias,Main,TGH,N/A,N/A,Young Bull,Young Bull,Young Bull,,Young Bull,Perrin Aybara,N/A,N/A,N/A,N/A,N/A,N/A,N/A,N/A,N/A,The wolves’ name for Perrin.
Primary,WoTC,WoTC,No,0,Yseidre Tirado,Yseidre Tirado,Yseidre,Tirado,Yseidre,N/A,U,Human,Current,Tairen Noble,N/A,Unassigned,N/A,Tear,Unknown,One of the founders of Tear.
Primary,NS,NS,Yes,1,Yuan,Yuan,Yuan,,Yuan,N/A,F,Human,Current,Aes Sedai,Yellow,No,Unknown,Arafel,Unknown,"An Arafellin Aes Sedai of the Yellow Ajah, slim with gray eyes. She was part of testing Moiraine for the shawl."
Primary,Main,TPoD,Yes,20,Yukiri Haruna,Yukiri Haruna,Yukiri,Haruna,Yukiri,N/A,F,Human,Current,Aes Sedai,Gray,No,14(2,Arafel,837 NE,"An Aes Sedai of the Gray Ajah and a loyalist. Five feet tall, slight and slender, with green eyes."
Primary,Main,TEotW,No,0,Yurian Stonebow,Yurian Stonebow,Yurian,Stonebow,Yurian Stonebow,N/A,M,Human,Historic,False Dragon,N/A,Unassigned,Unknown,Unknown,Unknown,A false Dragon who could channel circa 1300–1308 AB. He rose from the ashes of the Trolloc Wars.
Primary,Main,WH,Yes,2,Yuril,Yuril,Yuril,,Yuril,N/A,M,Human,Current,Secretary,N/A,Unassigned,N/A,Seanchan,Unknown,"Tuon’s sharp-nosed male secretary and her Hand, the commander of her Seekers."
Primary,Main,CoT,Yes,3,Yurith Azeri,Yurith Azeri,Yurith,Azeri,Yurith,N/A,F,Human,Current,Queen's Guard,N/A,Unassigned,N/A,Saldaea,Unknown,"A Saldaean who was a member of Elayne’s bodyguard. About 5'10"" tall, and lean, with dark tilted eyes."
Primary,Main,LoC,Yes,7,Zaida din Parede Blackwing,Zaida din Parede Blackwing,Zaida,din Parede Blackwing,Zaida,N/A,F,Human,Current,Wavemistress,N/A,Unassigned,N/A,Sea Folk,Unknown,"A Sea Folk Wavemistress of Clan Catelar. She was about 5'2"" to 5'3"" tall, with a dark complexion, and black eyes."
Primary,Main,TGH,Yes,3,Zaired Elbar,Zaired Elbar,Zaired,Elbar,Elbar,N/A,M,Human,Current,Soldier,N/A,Yes,N/A,Seanchan,Unknown,"A Seanchan soldier who was a Darkfriend and Suroth’s lackey. He was tall, with a hooked nose and a dark face."
Primary,Main,TPoD,Yes,1,Zakai,Zakai,Zakai,,Zakai,N/A,F,Human,Current,Damane,N/A,Unassigned,Unknown,Seanchan,Unknown,A Seanchan damane who lost control of her channeling during a battle in Altara against Rand’s forces.
Primary,Main,ToM,Yes,1,Zang,Zang,Zang,,Zang,N/A,M,Human,Current,Youngling,N/A,Unassigned,N/A,Unknown,Unknown,A Youngling who decided that he’d rather join the Tower Guard than become a Warder.
Primary,Main,KoD,No,0,Zanica,Zanica,Zanica,,Zanica,N/A,F,Human,Current,Aes Sedai,Unknown,Yes,Unknown,Unknown,Unknown,An Aes Sedai of the Black Ajah and a loyalist. She was among the sisters who captured Leane at Southharbor.
Alias,Main,TDR,N/A,N/A,Zarine Bashere,Zarine Bashere,Zarine,Bashere,Zarine,Faile ni Bashere t'Aybara,N/A,N/A,N/A,N/A,N/A,N/A,N/A,N/A,N/A,Faile's birth name.
Primary,Main,ACoS,Yes,9,Zarya Alkaese,Zarya Alkaese,Zarya,Alkaese,Zarya,N/A,F,Human,Current,Kinswoman,N/A,Unassigned,13(1),Saldaea,908 NE,"A Saldaean woman who as a novice ran away from the Tower and became one of the Kin. 5'3½"" tall, and slim-hipped."
Primary,Main,CoT,Yes,1,Zavion,Zavion,Zavion,,Zavion,N/A,M,Human,Current,Saldaean Noble,N/A,Unassigned,N/A,Saldaea,Unknown,"The sinewy, red-haired Lady of Gahaur, a Saldaean who was part of Deira Bashere’s entourage."
Primary,Main,CoT,Yes,2,Zemaille Amassa,Zemaille Amassa,Zemaille,Amassa,Zemaille,N/A,F,Human,Current,Aes Sedai,Brown,No,25(13),Sea Folk,931 NE,"An Atha’an Miere Aes Sedai of the Brown Ajah and a loyalist. Slim and about 5'6"" tall, she had a very dark complexion."
Primary,Main,LoC,Yes,1,Zenare Ghodar,Zenare Ghodar,Zenare,Ghodar,Zenare,N/A,F,Human,Current,Aes Sedai,Yellow,No,19(7),Unknown,Unknown,An Aes Sedai of the Yellow Ajah and the rebels. Slightly plump and very haughty.
Primary,Main,TGH,Yes,2,Zera,Zera,Zera,,Zera,N/A,F,Human,Current,Innkeeper,N/A,Unassigned,N/A,Unknown,Unknown,"A woman who was the innkeeper of The Bunch of Grapes in the Foregate of Cairhien, where Thom stayed."
Primary,Main,TPoD,Yes,1,Zerah Dacan,Zerah Dacan,Zerah,Dacan,Zerah,N/A,F,Human,Current,Aes Sedai,White,No,19(7),Mayene,928 NE,"A Mayener Aes Sedai of the White Ajah and the rebels. 5'5½"" tall, and slim, she had black hair and large blue eyes."
Primary,Main,WH,No,0,Zeram,Zeram,Zeram,,Zeram,N/A,M,Human,Current,Bootmaker,N/A,Unassigned,N/A,Unknown,Unknown,A bootmaker on Blue Carp Street in Far Madding.
Primary,World,World,No,0,Zeranda Tyrim,Zeranda Tyrim,Zeranda,Tyrim,Zeranda,N/A,F,Human,Historic,Aes Sedai,Brown,No,Unknown,Unknown,Unknown,An Aes Sedai of the Brown Ajah who served as Amyrlin from 797 to 817 NE.
Primary,Main,ToM,Yes,1,Zhell,Zhell,Zhell,,Zhell,N/A,M,Human,Current,Soldier,N/A,Unassigned,N/A,Unknown,Unknown,"A young officer in Ituralde’s army. He did not have the coppery skin of the Domani, but he affected Domani styles."
Primary,Main,TFoH,No,0,Zheres,Zheres,Zheres,,Zheres,N/A,M,Human,Historic,Uncertain,N/A,Unassigned,N/A,Unknown,Unknown,A young man who stole a kiss from Mathena in a story known to Birgitte from ancient times.
Primary,Main,TSR,No,0,Zorelle,Zorelle,Zorelle,,Zorelle,N/A,F,Human,AoL,Ancient Aes Sedai,N/A,Unassigned,Unknown,Unknown,Unknown,A female Aes Sedai in the Age of Legends.
Primary,Main,WH,Yes,1,Zushi,Zushi,Zushi,,Zushi,N/A,F,Human,Current,Damane,N/A,Unassigned,Unknown,Sea Folk,Unknown,The damane name for a Sea Folk Windfinder captured by the Seanchan and held at the palace in Ebou Dar.